"",".id","xbin","zbin","bin.hits","sky.hits","can.hits","lidar.pulses","Freq","hit.count","phi","dee","x.counter","sum.dee","fee","cvr","olai","vai"
"1","1",1,0,0,0,303,303,1,0,1,0,1,5.71702770140622,0,0,8,0
"2","1",1,1,0,0,303,303,1,0,1,0,1,5.71702770140622,0,0,8,0
"3","1",1,2,0,0,303,303,1,0,1,0,1,5.71702770140622,0,0,8,0
"4","1",1,3,0,0,303,303,1,0,1,0,1,5.71702770140622,0,0,8,0
"5","1",1,4,0,0,303,303,1,0,1,0,1,5.71702770140622,0,0,8,0
"6","1",1,5,0,0,303,303,1,0,1,0,1,5.71702770140622,0,0,8,0
"7","1",1,6,0,0,303,303,1,0,1,0,1,5.71702770140622,0,0,8,0
"8","1",1,7,0,0,303,303,1,0,1,0,1,5.71702770140622,0,0,8,0
"9","1",1,8,0,0,303,303,1,0,1,0,1,5.71702770140622,0,0,8,0
"10","1",1,9,0,0,303,303,1,0,1,0,1,5.71702770140622,0,0,8,0
"11","1",1,10,0,0,303,303,1,0,1,0,1,5.71702770140622,0,0,8,0
"12","1",1,11,0,0,303,303,1,0,1,0,1,5.71702770140622,0,0,8,0
"13","1",1,12,0,0,303,303,1,0,1,0,1,5.71702770140622,0,0,8,0
"14","1",1,13,0,0,303,303,1,0,1,0,1,5.71702770140622,0,0,8,0
"15","1",1,14,0,0,303,303,1,0,1,0,1,5.71702770140622,0,0,8,0
"16","1",1,15,0,0,303,303,1,0,1,0,1,5.71702770140622,0,0,8,0
"17","1",1,16,21,0,303,303,1,21,0.930921052631579,0.0715808037629839,1,5.71702770140622,0.0125206326611601,0.0693069306930693,8,0.100165061289281
"18","1",1,17,247,0,303,303,1,268,0.118421052631579,2.06192795918713,1,5.71702770140622,0.360664328892434,0.815181518151815,8,2.88531463113947
"19","1",1,18,35,0,303,303,1,303,0.00328947368421053,3.58351893845611,1,5.71702770140622,0.626815038446406,0.115511551155116,8,5.01452030757125
"20","1",1,19,0,0,303,303,1,303,0.00328947368421053,0,1,5.71702770140622,0,0,8,0
"21","1",1,20,0,0,303,303,1,303,0.00328947368421053,0,1,5.71702770140622,0,0,8,0
"22","1",1,21,0,0,303,303,1,303,0.00328947368421053,0,1,5.71702770140622,0,0,8,0
"23","1",1,22,0,0,303,303,1,303,0.00328947368421053,0,1,5.71702770140622,0,0,8,0
"24","1",1,23,0,0,303,303,1,303,0.00328947368421053,0,1,5.71702770140622,0,0,8,0
"25","1",1,24,0,0,303,303,1,303,0.00328947368421053,0,1,5.71702770140622,0,0,8,0
"26","1",1,25,0,0,303,303,1,303,0.00328947368421053,0,1,5.71702770140622,0,0,8,0
"27","1",1,26,0,0,303,303,1,303,0.00328947368421053,0,1,5.71702770140622,0,0,8,0
"28","1",1,27,0,0,303,303,1,303,0.00328947368421053,0,1,5.71702770140622,0,0,8,0
"29","1",1,28,0,0,303,303,1,303,0.00328947368421053,0,1,5.71702770140622,0,0,8,0
"30","2",2,0,0,0,302,302,1,0,1,0,1,5.71373280550937,0,0,8,0
"31","2",2,1,0,0,302,302,1,0,1,0,1,5.71373280550937,0,0,8,0
"32","2",2,2,0,0,302,302,1,0,1,0,1,5.71373280550937,0,0,8,0
"33","2",2,3,0,0,302,302,1,0,1,0,1,5.71373280550937,0,0,8,0
"34","2",2,4,0,0,302,302,1,0,1,0,1,5.71373280550937,0,0,8,0
"35","2",2,5,0,0,302,302,1,0,1,0,1,5.71373280550937,0,0,8,0
"36","2",2,6,0,0,302,302,1,0,1,0,1,5.71373280550937,0,0,8,0
"37","2",2,7,0,0,302,302,1,0,1,0,1,5.71373280550937,0,0,8,0
"38","2",2,8,0,0,302,302,1,0,1,0,1,5.71373280550937,0,0,8,0
"39","2",2,9,0,0,302,302,1,0,1,0,1,5.71373280550937,0,0,8,0
"40","2",2,10,0,0,302,302,1,0,1,0,1,5.71373280550937,0,0,8,0
"41","2",2,11,0,0,302,302,1,0,1,0,1,5.71373280550937,0,0,8,0
"42","2",2,12,0,0,302,302,1,0,1,0,1,5.71373280550937,0,0,8,0
"43","2",2,13,0,0,302,302,1,0,1,0,1,5.71373280550937,0,0,8,0
"44","2",2,14,0,0,302,302,1,0,1,0,1,5.71373280550937,0,0,8,0
"45","2",2,15,1,0,302,302,1,1,0.996699669966997,0.00330578813449963,1,5.71373280550937,0.000578568905306892,0.0033112582781457,8,0.00462855124245513
"46","2",2,16,24,0,302,302,1,25,0.917491749174917,0.0828059036842325,1,5.71373280550937,0.0144924354188191,0.0794701986754967,8,0.115939483350553
"47","2",2,17,249,0,302,302,1,274,0.0957095709570957,2.26032528370416,1,5.71373280550937,0.395595202058571,0.824503311258278,8,3.16476161646857
"48","2",2,18,27,0,302,302,1,301,0.0066006600660066,2.67414864942653,1,5.71373280550937,0.46802129893929,0.0894039735099338,8,3.74417039151432
"49","2",2,19,1,0,302,302,1,302,0.0033003300330033,0.693147180559945,1,5.71373280550937,0.121312494678013,0.0033112582781457,8,0.970499957424106
"50","2",2,20,0,0,302,302,1,302,0.0033003300330033,0,1,5.71373280550937,0,0,8,0
"51","2",2,21,0,0,302,302,1,302,0.0033003300330033,0,1,5.71373280550937,0,0,8,0
"52","2",2,22,0,0,302,302,1,302,0.0033003300330033,0,1,5.71373280550937,0,0,8,0
"53","2",2,23,0,0,302,302,1,302,0.0033003300330033,0,1,5.71373280550937,0,0,8,0
"54","2",2,24,0,0,302,302,1,302,0.0033003300330033,0,1,5.71373280550937,0,0,8,0
"55","2",2,25,0,0,302,302,1,302,0.0033003300330033,0,1,5.71373280550937,0,0,8,0
"56","2",2,26,0,0,302,302,1,302,0.0033003300330033,0,1,5.71373280550937,0,0,8,0
"57","2",2,27,0,0,302,302,1,302,0.0033003300330033,0,1,5.71373280550937,0,0,8,0
"58","2",2,28,0,0,302,302,1,302,0.0033003300330033,0,1,5.71373280550937,0,0,8,0
"59","3",3,0,0,0,302,302,1,0,1,0,1,5.71373280550937,0,0,8,0
"60","3",3,1,0,0,302,302,1,0,1,0,1,5.71373280550937,0,0,8,0
"61","3",3,2,0,0,302,302,1,0,1,0,1,5.71373280550937,0,0,8,0
"62","3",3,3,0,0,302,302,1,0,1,0,1,5.71373280550937,0,0,8,0
"63","3",3,4,0,0,302,302,1,0,1,0,1,5.71373280550937,0,0,8,0
"64","3",3,5,0,0,302,302,1,0,1,0,1,5.71373280550937,0,0,8,0
"65","3",3,6,0,0,302,302,1,0,1,0,1,5.71373280550937,0,0,8,0
"66","3",3,7,0,0,302,302,1,0,1,0,1,5.71373280550937,0,0,8,0
"67","3",3,8,0,0,302,302,1,0,1,0,1,5.71373280550937,0,0,8,0
"68","3",3,9,0,0,302,302,1,0,1,0,1,5.71373280550937,0,0,8,0
"69","3",3,10,192,0,302,302,1,192,0.366336633663366,1.00420260419704,1,5.71373280550937,0.175752461373194,0.635761589403974,8,1.40601969098555
"70","3",3,11,16,0,302,302,1,208,0.313531353135314,0.155653309711793,1,5.71373280550937,0.0272419651058424,0.0529801324503311,8,0.217935720846739
"71","3",3,12,1,0,302,302,1,209,0.31023102310231,0.010582109330537,1,5.71373280550937,0.00185204833525526,0.0033112582781457,8,0.0148163866820421
"72","3",3,13,0,0,302,302,1,209,0.31023102310231,0,1,5.71373280550937,0,0,8,0
"73","3",3,14,2,0,302,302,1,211,0.303630363036304,0.0215062052209635,1,5.71373280550937,0.00376395010985226,0.00662251655629139,8,0.0301116008788181
"74","3",3,15,55,0,302,302,1,266,0.122112211221122,0.910870664404816,1,5.71373280550937,0.159417791382636,0.182119205298013,8,1.27534233106109
"75","3",3,16,6,0,302,302,1,272,0.102310231023102,0.176930708159078,1,5.71373280550937,0.0309658701555795,0.0198675496688742,8,0.247726961244636
"76","3",3,17,29,0,302,302,1,301,0.0066006600660066,2.7408400239252,1,5.71373280550937,0.479693418859628,0.0960264900662252,8,3.83754735087702
"77","3",3,18,1,0,302,302,1,302,0.0033003300330033,0.693147180559945,1,5.71373280550937,0.121312494678013,0.0033112582781457,8,0.970499957424106
"78","3",3,19,0,0,302,302,1,302,0.0033003300330033,0,1,5.71373280550937,0,0,8,0
"79","3",3,20,0,0,302,302,1,302,0.0033003300330033,0,1,5.71373280550937,0,0,8,0
"80","3",3,21,0,0,302,302,1,302,0.0033003300330033,0,1,5.71373280550937,0,0,8,0
"81","3",3,22,0,0,302,302,1,302,0.0033003300330033,0,1,5.71373280550937,0,0,8,0
"82","3",3,23,0,0,302,302,1,302,0.0033003300330033,0,1,5.71373280550937,0,0,8,0
"83","3",3,24,0,0,302,302,1,302,0.0033003300330033,0,1,5.71373280550937,0,0,8,0
"84","3",3,25,0,0,302,302,1,302,0.0033003300330033,0,1,5.71373280550937,0,0,8,0
"85","3",3,26,0,0,302,302,1,302,0.0033003300330033,0,1,5.71373280550937,0,0,8,0
"86","3",3,27,0,0,302,302,1,302,0.0033003300330033,0,1,5.71373280550937,0,0,8,0
"87","3",3,28,0,0,302,302,1,302,0.0033003300330033,0,1,5.71373280550937,0,0,8,0
"88","4",4,0,0,0,302,302,1,0,1,0,1,5.71373280550937,0,0,8,0
"89","4",4,1,0,0,302,302,1,0,1,0,1,5.71373280550937,0,0,8,0
"90","4",4,2,0,0,302,302,1,0,1,0,1,5.71373280550937,0,0,8,0
"91","4",4,3,0,0,302,302,1,0,1,0,1,5.71373280550937,0,0,8,0
"92","4",4,4,0,0,302,302,1,0,1,0,1,5.71373280550937,0,0,8,0
"93","4",4,5,0,0,302,302,1,0,1,0,1,5.71373280550937,0,0,8,0
"94","4",4,6,0,0,302,302,1,0,1,0,1,5.71373280550937,0,0,8,0
"95","4",4,7,116,0,302,302,1,116,0.617161716171617,0.482624188654782,1,5.71373280550937,0.0844674059993531,0.384105960264901,8,0.675739247994824
"96","4",4,8,12,0,302,302,1,128,0.577557755775578,0.0663226429310727,1,5.71373280550937,0.0116075856517341,0.0397350993377483,8,0.0928606852138724
"97","4",4,9,0,0,302,302,1,128,0.577557755775578,0,1,5.71373280550937,0,0,8,0
"98","4",4,10,164,0,302,302,1,292,0.0363036303630363,2.76689070112514,1,5.71373280550937,0.484252728524025,0.543046357615894,8,3.8740218281922
"99","4",4,11,8,0,302,302,1,300,0.0099009900990099,1.29928298413026,1,5.71373280550937,0.227396524891302,0.0264900662251656,8,1.81917219913042
"100","4",4,12,2,0,302,302,1,302,0.0033003300330033,1.09861228866811,1,5.71373280550937,0.192275754933586,0.00662251655629139,8,1.53820603946869
"101","4",4,13,0,0,302,302,1,302,0.0033003300330033,0,1,5.71373280550937,0,0,8,0
"102","4",4,14,0,0,302,302,1,302,0.0033003300330033,0,1,5.71373280550937,0,0,8,0
"103","4",4,15,0,0,302,302,1,302,0.0033003300330033,0,1,5.71373280550937,0,0,8,0
"104","4",4,16,0,0,302,302,1,302,0.0033003300330033,0,1,5.71373280550937,0,0,8,0
"105","4",4,17,0,0,302,302,1,302,0.0033003300330033,0,1,5.71373280550937,0,0,8,0
"106","4",4,18,0,0,302,302,1,302,0.0033003300330033,0,1,5.71373280550937,0,0,8,0
"107","4",4,19,0,0,302,302,1,302,0.0033003300330033,0,1,5.71373280550937,0,0,8,0
"108","4",4,20,0,0,302,302,1,302,0.0033003300330033,0,1,5.71373280550937,0,0,8,0
"109","4",4,21,0,0,302,302,1,302,0.0033003300330033,0,1,5.71373280550937,0,0,8,0
"110","4",4,22,0,0,302,302,1,302,0.0033003300330033,0,1,5.71373280550937,0,0,8,0
"111","4",4,23,0,0,302,302,1,302,0.0033003300330033,0,1,5.71373280550937,0,0,8,0
"112","4",4,24,0,0,302,302,1,302,0.0033003300330033,0,1,5.71373280550937,0,0,8,0
"113","4",4,25,0,0,302,302,1,302,0.0033003300330033,0,1,5.71373280550937,0,0,8,0
"114","4",4,26,0,0,302,302,1,302,0.0033003300330033,0,1,5.71373280550937,0,0,8,0
"115","4",4,27,0,0,302,302,1,302,0.0033003300330033,0,1,5.71373280550937,0,0,8,0
"116","4",4,28,0,0,302,302,1,302,0.0033003300330033,0,1,5.71373280550937,0,0,8,0
"117","5",5,0,0,0,303,303,1,0,1,0,1,5.71702770140622,0,0,8,0
"118","5",5,1,0,0,303,303,1,0,1,0,1,5.71702770140622,0,0,8,0
"119","5",5,2,0,0,303,303,1,0,1,0,1,5.71702770140622,0,0,8,0
"120","5",5,3,0,0,303,303,1,0,1,0,1,5.71702770140622,0,0,8,0
"121","5",5,4,0,0,303,303,1,0,1,0,1,5.71702770140622,0,0,8,0
"122","5",5,5,0,0,303,303,1,0,1,0,1,5.71702770140622,0,0,8,0
"123","5",5,6,0,0,303,303,1,0,1,0,1,5.71702770140622,0,0,8,0
"124","5",5,7,195,0,303,303,1,195,0.358552631578947,1.02567981917708,1,5.71702770140622,0.179407879889193,0.643564356435644,8,1.43526303911355
"125","5",5,8,14,0,303,303,1,209,0.3125,0.137470990628603,1,5.71702770140622,0.0240458849962873,0.0462046204620462,8,0.192367079970299
"126","5",5,9,3,0,303,303,1,212,0.302631578947368,0.0320883145515004,1,5.71702770140622,0.00561276177542531,0.0099009900990099,8,0.0449020942034025
"127","5",5,10,78,0,303,303,1,290,0.0460526315789474,1.88273124743378,1,5.71702770140622,0.329319944867625,0.257425742574257,8,2.634559558941
"128","5",5,11,12,0,303,303,1,302,0.00657894736842105,1.94591014905531,1,5.71702770140622,0.340370949851559,0.0396039603960396,8,2.72296759881248
"129","5",5,12,1,0,303,303,1,303,0.00328947368421053,0.693147180559945,1,5.71702770140622,0.12124257861991,0.0033003300330033,8,0.969940628959277
"130","5",5,13,0,0,303,303,1,303,0.00328947368421053,0,1,5.71702770140622,0,0,8,0
"131","5",5,14,0,0,303,303,1,303,0.00328947368421053,0,1,5.71702770140622,0,0,8,0
"132","5",5,15,0,0,303,303,1,303,0.00328947368421053,0,1,5.71702770140622,0,0,8,0
"133","5",5,16,0,0,303,303,1,303,0.00328947368421053,0,1,5.71702770140622,0,0,8,0
"134","5",5,17,0,0,303,303,1,303,0.00328947368421053,0,1,5.71702770140622,0,0,8,0
"135","5",5,18,0,0,303,303,1,303,0.00328947368421053,0,1,5.71702770140622,0,0,8,0
"136","5",5,19,0,0,303,303,1,303,0.00328947368421053,0,1,5.71702770140622,0,0,8,0
"137","5",5,20,0,0,303,303,1,303,0.00328947368421053,0,1,5.71702770140622,0,0,8,0
"138","5",5,21,0,0,303,303,1,303,0.00328947368421053,0,1,5.71702770140622,0,0,8,0
"139","5",5,22,0,0,303,303,1,303,0.00328947368421053,0,1,5.71702770140622,0,0,8,0
"140","5",5,23,0,0,303,303,1,303,0.00328947368421053,0,1,5.71702770140622,0,0,8,0
"141","5",5,24,0,0,303,303,1,303,0.00328947368421053,0,1,5.71702770140622,0,0,8,0
"142","5",5,25,0,0,303,303,1,303,0.00328947368421053,0,1,5.71702770140622,0,0,8,0
"143","5",5,26,0,0,303,303,1,303,0.00328947368421053,0,1,5.71702770140622,0,0,8,0
"144","5",5,27,0,0,303,303,1,303,0.00328947368421053,0,1,5.71702770140622,0,0,8,0
"145","5",5,28,0,0,303,303,1,303,0.00328947368421053,0,1,5.71702770140622,0,0,8,0
"146","6",6,0,0,0,302,302,1,0,1,0,1,5.71373280550937,0,0,8,0
"147","6",6,1,0,0,302,302,1,0,1,0,1,5.71373280550937,0,0,8,0
"148","6",6,2,0,0,302,302,1,0,1,0,1,5.71373280550937,0,0,8,0
"149","6",6,3,0,0,302,302,1,0,1,0,1,5.71373280550937,0,0,8,0
"150","6",6,4,0,0,302,302,1,0,1,0,1,5.71373280550937,0,0,8,0
"151","6",6,5,0,0,302,302,1,0,1,0,1,5.71373280550937,0,0,8,0
"152","6",6,6,0,0,302,302,1,0,1,0,1,5.71373280550937,0,0,8,0
"153","6",6,7,216,0,302,302,1,216,0.287128712871287,1.24782468685479,1,5.71373280550937,0.218390451449111,0.71523178807947,8,1.74712361159289
"154","6",6,8,0,0,302,302,1,216,0.287128712871287,0,1,5.71373280550937,0,0,8,0
"155","6",6,9,66,0,302,302,1,282,0.0693069306930693,1.42138568093116,1,5.71373280550937,0.248766564575896,0.218543046357616,8,1.99013251660717
"156","6",6,10,5,0,302,302,1,287,0.0528052805280528,0.271933715483642,1,5.71373280550937,0.0475930052629403,0.0165562913907285,8,0.380744042103522
"157","6",6,11,0,0,302,302,1,287,0.0528052805280528,0,1,5.71373280550937,0,0,8,0
"158","6",6,12,0,0,302,302,1,287,0.0528052805280528,0,1,5.71373280550937,0,0,8,0
"159","6",6,13,0,0,302,302,1,287,0.0528052805280528,0,1,5.71373280550937,0,0,8,0
"160","6",6,14,1,0,302,302,1,288,0.0495049504950495,0.0645385211375712,1,5.71373280550937,0.0112953341247146,0.0033112582781457,8,0.0903626729977167
"161","6",6,15,13,0,302,302,1,301,0.0066006600660066,2.01490302054226,1,5.71373280550937,0.352642149909325,0.043046357615894,8,2.8211371992746
"162","6",6,16,1,0,302,302,1,302,0.0033003300330033,0.693147180559945,1,5.71373280550937,0.121312494678013,0.0033112582781457,8,0.970499957424106
"163","6",6,17,0,0,302,302,1,302,0.0033003300330033,0,1,5.71373280550937,0,0,8,0
"164","6",6,18,0,0,302,302,1,302,0.0033003300330033,0,1,5.71373280550937,0,0,8,0
"165","6",6,19,0,0,302,302,1,302,0.0033003300330033,0,1,5.71373280550937,0,0,8,0
"166","6",6,20,0,0,302,302,1,302,0.0033003300330033,0,1,5.71373280550937,0,0,8,0
"167","6",6,21,0,0,302,302,1,302,0.0033003300330033,0,1,5.71373280550937,0,0,8,0
"168","6",6,22,0,0,302,302,1,302,0.0033003300330033,0,1,5.71373280550937,0,0,8,0
"169","6",6,23,0,0,302,302,1,302,0.0033003300330033,0,1,5.71373280550937,0,0,8,0
"170","6",6,24,0,0,302,302,1,302,0.0033003300330033,0,1,5.71373280550937,0,0,8,0
"171","6",6,25,0,0,302,302,1,302,0.0033003300330033,0,1,5.71373280550937,0,0,8,0
"172","6",6,26,0,0,302,302,1,302,0.0033003300330033,0,1,5.71373280550937,0,0,8,0
"173","6",6,27,0,0,302,302,1,302,0.0033003300330033,0,1,5.71373280550937,0,0,8,0
"174","6",6,28,0,0,302,302,1,302,0.0033003300330033,0,1,5.71373280550937,0,0,8,0
"175","7",7,0,0,0,302,302,1,0,1,0,1,5.71373280550937,0,0,8,0
"176","7",7,1,0,0,302,302,1,0,1,0,1,5.71373280550937,0,0,8,0
"177","7",7,2,0,0,302,302,1,0,1,0,1,5.71373280550937,0,0,8,0
"178","7",7,3,0,0,302,302,1,0,1,0,1,5.71373280550937,0,0,8,0
"179","7",7,4,0,0,302,302,1,0,1,0,1,5.71373280550937,0,0,8,0
"180","7",7,5,0,0,302,302,1,0,1,0,1,5.71373280550937,0,0,8,0
"181","7",7,6,223,0,302,302,1,223,0.264026402640264,1.33170617083549,1,5.71373280550937,0.233071131634194,0.73841059602649,8,1.86456905307355
"182","7",7,7,0,0,302,302,1,223,0.264026402640264,0,1,5.71373280550937,0,0,8,0
"183","7",7,8,0,0,302,302,1,223,0.264026402640264,0,1,5.71373280550937,0,0,8,0
"184","7",7,9,8,0,302,302,1,231,0.237623762376238,0.105360515657826,1,5.71373280550937,0.0184398744645942,0.0264900662251656,8,0.147518995716754
"185","7",7,10,32,0,302,302,1,263,0.132013201320132,0.587786664902119,1,5.71373280550937,0.102872620213419,0.105960264900662,8,0.822980961707353
"186","7",7,11,2,0,302,302,1,265,0.125412541254125,0.0512932943875505,1,5.71373280550937,0.00897719514256806,0.00662251655629139,8,0.0718175611405445
"187","7",7,12,2,0,302,302,1,267,0.118811881188119,0.0540672212702758,1,5.71373280550937,0.00946267932202612,0.00662251655629139,8,0.075701434576209
"188","7",7,13,0,0,302,302,1,267,0.118811881188119,0,1,5.71373280550937,0,0,8,0
"189","7",7,14,24,0,302,302,1,291,0.0396039603960396,1.09861228866811,1,5.71373280550937,0.192275754933586,0.0794701986754967,8,1.53820603946869
"190","7",7,15,11,0,302,302,1,302,0.0033003300330033,2.484906649788,1,5.71373280550937,0.434900744289612,0.0364238410596026,8,3.4792059543169
"191","7",7,16,0,0,302,302,1,302,0.0033003300330033,0,1,5.71373280550937,0,0,8,0
"192","7",7,17,0,0,302,302,1,302,0.0033003300330033,0,1,5.71373280550937,0,0,8,0
"193","7",7,18,0,0,302,302,1,302,0.0033003300330033,0,1,5.71373280550937,0,0,8,0
"194","7",7,19,0,0,302,302,1,302,0.0033003300330033,0,1,5.71373280550937,0,0,8,0
"195","7",7,20,0,0,302,302,1,302,0.0033003300330033,0,1,5.71373280550937,0,0,8,0
"196","7",7,21,0,0,302,302,1,302,0.0033003300330033,0,1,5.71373280550937,0,0,8,0
"197","7",7,22,0,0,302,302,1,302,0.0033003300330033,0,1,5.71373280550937,0,0,8,0
"198","7",7,23,0,0,302,302,1,302,0.0033003300330033,0,1,5.71373280550937,0,0,8,0
"199","7",7,24,0,0,302,302,1,302,0.0033003300330033,0,1,5.71373280550937,0,0,8,0
"200","7",7,25,0,0,302,302,1,302,0.0033003300330033,0,1,5.71373280550937,0,0,8,0
"201","7",7,26,0,0,302,302,1,302,0.0033003300330033,0,1,5.71373280550937,0,0,8,0
"202","7",7,27,0,0,302,302,1,302,0.0033003300330033,0,1,5.71373280550937,0,0,8,0
"203","7",7,28,0,0,302,302,1,302,0.0033003300330033,0,1,5.71373280550937,0,0,8,0
"204","8",8,0,0,0,302,302,1,0,1,0,1,5.71373280550937,0,0,8,0
"205","8",8,1,0,0,302,302,1,0,1,0,1,5.71373280550937,0,0,8,0
"206","8",8,2,0,0,302,302,1,0,1,0,1,5.71373280550937,0,0,8,0
"207","8",8,3,0,0,302,302,1,0,1,0,1,5.71373280550937,0,0,8,0
"208","8",8,4,0,0,302,302,1,0,1,0,1,5.71373280550937,0,0,8,0
"209","8",8,5,115,0,302,302,1,115,0.62046204620462,0.47729084267942,1,5.71373280550937,0.0835339801362781,0.380794701986755,8,0.668271841090225
"210","8",8,6,174,0,302,302,1,289,0.0462046204620462,2.59738463321469,1,5.71373280550937,0.454586296144301,0.576158940397351,8,3.63669036915441
"211","8",8,7,0,0,302,302,1,289,0.0462046204620462,0,1,5.71373280550937,0,0,8,0
"212","8",8,8,0,0,302,302,1,289,0.0462046204620462,0,1,5.71373280550937,0,0,8,0
"213","8",8,9,0,0,302,302,1,289,0.0462046204620462,0,1,5.71373280550937,0,0,8,0
"214","8",8,10,0,0,302,302,1,289,0.0462046204620462,0,1,5.71373280550937,0,0,8,0
"215","8",8,11,9,0,302,302,1,298,0.0165016501650165,1.02961941718116,1,5.71373280550937,0.180200834065668,0.0298013245033113,8,1.44160667252534
"216","8",8,12,0,0,302,302,1,298,0.0165016501650165,0,1,5.71373280550937,0,0,8,0
"217","8",8,13,4,0,302,302,1,302,0.0033003300330033,1.6094379124341,1,5.71373280550937,0.281678889653753,0.0132450331125828,8,2.25343111723002
"218","8",8,14,0,0,302,302,1,302,0.0033003300330033,0,1,5.71373280550937,0,0,8,0
"219","8",8,15,0,0,302,302,1,302,0.0033003300330033,0,1,5.71373280550937,0,0,8,0
"220","8",8,16,0,0,302,302,1,302,0.0033003300330033,0,1,5.71373280550937,0,0,8,0
"221","8",8,17,0,0,302,302,1,302,0.0033003300330033,0,1,5.71373280550937,0,0,8,0
"222","8",8,18,0,0,302,302,1,302,0.0033003300330033,0,1,5.71373280550937,0,0,8,0
"223","8",8,19,0,0,302,302,1,302,0.0033003300330033,0,1,5.71373280550937,0,0,8,0
"224","8",8,20,0,0,302,302,1,302,0.0033003300330033,0,1,5.71373280550937,0,0,8,0
"225","8",8,21,0,0,302,302,1,302,0.0033003300330033,0,1,5.71373280550937,0,0,8,0
"226","8",8,22,0,0,302,302,1,302,0.0033003300330033,0,1,5.71373280550937,0,0,8,0
"227","8",8,23,0,0,302,302,1,302,0.0033003300330033,0,1,5.71373280550937,0,0,8,0
"228","8",8,24,0,0,302,302,1,302,0.0033003300330033,0,1,5.71373280550937,0,0,8,0
"229","8",8,25,0,0,302,302,1,302,0.0033003300330033,0,1,5.71373280550937,0,0,8,0
"230","8",8,26,0,0,302,302,1,302,0.0033003300330033,0,1,5.71373280550937,0,0,8,0
"231","8",8,27,0,0,302,302,1,302,0.0033003300330033,0,1,5.71373280550937,0,0,8,0
"232","8",8,28,0,0,302,302,1,302,0.0033003300330033,0,1,5.71373280550937,0,0,8,0
"233","9",9,0,0,0,302,302,1,0,1,0,1,5.71373280550937,0,0,8,0
"234","9",9,1,0,0,302,302,1,0,1,0,1,5.71373280550937,0,0,8,0
"235","9",9,2,0,0,302,302,1,0,1,0,1,5.71373280550937,0,0,8,0
"236","9",9,3,0,0,302,302,1,0,1,0,1,5.71373280550937,0,0,8,0
"237","9",9,4,0,0,302,302,1,0,1,0,1,5.71373280550937,0,0,8,0
"238","9",9,5,92,0,302,302,1,92,0.696369636963696,0.361874672033303,1,5.71373280550937,0.0633341957615468,0.304635761589404,8,0.506673566092375
"239","9",9,6,0,0,302,302,1,92,0.696369636963696,0,1,5.71373280550937,0,0,8,0
"240","9",9,7,0,0,302,302,1,92,0.696369636963696,0,1,5.71373280550937,0,0,8,0
"241","9",9,8,0,0,302,302,1,92,0.696369636963696,0,1,5.71373280550937,0,0,8,0
"242","9",9,9,0,0,302,302,1,92,0.696369636963696,0,1,5.71373280550937,0,0,8,0
"243","9",9,10,0,0,302,302,1,92,0.696369636963696,0,1,5.71373280550937,0,0,8,0
"244","9",9,11,0,0,302,302,1,92,0.696369636963696,0,1,5.71373280550937,0,0,8,0
"245","9",9,12,0,0,302,302,1,92,0.696369636963696,0,1,5.71373280550937,0,0,8,0
"246","9",9,13,0,0,302,302,1,92,0.696369636963696,0,1,5.71373280550937,0,0,8,0
"247","9",9,14,0,0,302,302,1,92,0.696369636963696,0,1,5.71373280550937,0,0,8,0
"248","9",9,15,0,0,302,302,1,92,0.696369636963696,0,1,5.71373280550937,0,0,8,0
"249","9",9,16,0,0,302,302,1,92,0.696369636963696,0,1,5.71373280550937,0,0,8,0
"250","9",9,17,6,0,302,302,1,98,0.676567656765677,0.0288481543376583,1,5.71373280550937,0.00504891553728974,0.0198675496688742,8,0.0403913242983179
"251","9",9,18,0,0,302,302,1,98,0.676567656765677,0,1,5.71373280550937,0,0,8,0
"252","9",9,19,46,0,302,302,1,144,0.524752475247525,0.254105776918177,1,5.71373280550937,0.0444728141072959,0.152317880794702,8,0.355782512858367
"253","9",9,20,137,0,302,302,1,281,0.0726072607260726,1.97786174886192,1,5.71373280550937,0.346159300090966,0.45364238410596,8,2.76927440072773
"254","9",9,21,0,0,302,302,1,281,0.0726072607260726,0,1,5.71373280550937,0,0,8,0
"255","9",9,22,4,0,302,302,1,285,0.0594059405940594,0.200670695462151,1,5.71373280550937,0.0351207699577162,0.0132450331125828,8,0.28096615966173
"256","9",9,23,4,0,302,302,1,289,0.0462046204620462,0.251314428280906,1,5.71373280550937,0.0439842808257643,0.0132450331125828,8,0.351874246606114
"257","9",9,24,1,0,302,302,1,290,0.0429042904290429,0.0741079721537218,1,5.71373280550937,0.0129701501061206,0.0033112582781457,8,0.103761200848964
"258","9",9,25,4,0,302,302,1,294,0.0297029702970297,0.367724780125317,1,5.71373280550937,0.0643580637461284,0.0132450331125828,8,0.514864509969028
"259","9",9,26,8,0,302,302,1,302,0.0033003300330033,2.19722457733622,1,5.71373280550937,0.384551509867172,0.0264900662251656,8,3.07641207893737
"260","9",9,27,0,0,302,302,1,302,0.0033003300330033,0,1,5.71373280550937,0,0,8,0
"261","9",9,28,0,0,302,302,1,302,0.0033003300330033,0,1,5.71373280550937,0,0,8,0
"262","10",10,0,0,0,302,302,1,0,1,0,1,5.71373280550937,0,0,8,0
"263","10",10,1,0,0,302,302,1,0,1,0,1,5.71373280550937,0,0,8,0
"264","10",10,2,0,0,302,302,1,0,1,0,1,5.71373280550937,0,0,8,0
"265","10",10,3,0,0,302,302,1,0,1,0,1,5.71373280550937,0,0,8,0
"266","10",10,4,0,0,302,302,1,0,1,0,1,5.71373280550937,0,0,8,0
"267","10",10,5,0,0,302,302,1,0,1,0,1,5.71373280550937,0,0,8,0
"268","10",10,6,0,0,302,302,1,0,1,0,1,5.71373280550937,0,0,8,0
"269","10",10,7,0,0,302,302,1,0,1,0,1,5.71373280550937,0,0,8,0
"270","10",10,8,0,0,302,302,1,0,1,0,1,5.71373280550937,0,0,8,0
"271","10",10,9,0,0,302,302,1,0,1,0,1,5.71373280550937,0,0,8,0
"272","10",10,10,0,0,302,302,1,0,1,0,1,5.71373280550937,0,0,8,0
"273","10",10,11,0,0,302,302,1,0,1,0,1,5.71373280550937,0,0,8,0
"274","10",10,12,0,0,302,302,1,0,1,0,1,5.71373280550937,0,0,8,0
"275","10",10,13,0,0,302,302,1,0,1,0,1,5.71373280550937,0,0,8,0
"276","10",10,14,23,0,302,302,1,23,0.924092409240924,0.0789432023401195,1,5.71373280550937,0.0138163972707999,0.076158940397351,8,0.110531178166399
"277","10",10,15,1,0,302,302,1,24,0.920792079207921,0.0035778213478839,1,5.71373280550937,0.000626179324387386,0.0033112582781457,8,0.00500943459509909
"278","10",10,16,11,0,302,302,1,35,0.884488448844885,0.040224801310509,1,5.71373280550937,0.00704002141502363,0.0364238410596026,8,0.0563201713201891
"279","10",10,17,154,0,302,302,1,189,0.376237623762376,0.854788532116361,1,5.71373280550937,0.149602468510979,0.509933774834437,8,1.19681974808783
"280","10",10,18,0,0,302,302,1,189,0.376237623762376,0,1,5.71373280550937,0,0,8,0
"281","10",10,19,63,0,302,302,1,252,0.168316831683168,0.80437281567017,1,5.71373280550937,0.140778864369466,0.208609271523179,8,1.12623091495573
"282","10",10,20,33,0,302,302,1,285,0.0594059405940594,1.04145387482816,1,5.71373280550937,0.18227206456416,0.109271523178808,8,1.45817651651328
"283","10",10,21,2,0,302,302,1,287,0.0528052805280528,0.117783035656383,1,5.71373280550937,0.0206140258331319,0.00662251655629139,8,0.164912206665055
"284","10",10,22,7,0,302,302,1,294,0.0297029702970297,0.575364144903562,1,5.71373280550937,0.100698468844881,0.0231788079470199,8,0.805587750759051
"285","10",10,23,4,0,302,302,1,298,0.0165016501650165,0.587786664902119,1,5.71373280550937,0.102872620213419,0.0132450331125828,8,0.822980961707353
"286","10",10,24,3,0,302,302,1,301,0.0066006600660066,0.916290731874155,1,5.71373280550937,0.160366394975739,0.00993377483443709,8,1.28293115980591
"287","10",10,25,1,0,302,302,1,302,0.0033003300330033,0.693147180559945,1,5.71373280550937,0.121312494678013,0.0033112582781457,8,0.970499957424106
"288","10",10,26,0,0,302,302,1,302,0.0033003300330033,0,1,5.71373280550937,0,0,8,0
"289","10",10,27,0,0,302,302,1,302,0.0033003300330033,0,1,5.71373280550937,0,0,8,0
"290","10",10,28,0,0,302,302,1,302,0.0033003300330033,0,1,5.71373280550937,0,0,8,0
"291","11",11,0,0,0,328,328,1,0,1,0,1,5.79605775076537,0,0,8,0
"292","11",11,1,0,0,328,328,1,0,1,0,1,5.79605775076537,0,0,8,0
"293","11",11,2,0,0,328,328,1,0,1,0,1,5.79605775076537,0,0,8,0
"294","11",11,3,0,0,328,328,1,0,1,0,1,5.79605775076537,0,0,8,0
"295","11",11,4,7,0,328,328,1,7,0.978723404255319,0.0215062052209637,1,5.79605775076537,0.00371048842950603,0.0213414634146341,8,0.0296839074360483
"296","11",11,5,0,0,328,328,1,7,0.978723404255319,0,1,5.79605775076537,0,0,8,0
"297","11",11,6,8,0,328,328,1,15,0.954407294832827,0.0251585596361549,1,5.79605775076537,0.00434063301609318,0.024390243902439,8,0.0347250641287454
"298","11",11,7,1,0,328,328,1,16,0.951367781155015,0.00318979536810008,1,5.79605775076537,0.00055033878288719,0.00304878048780488,8,0.00440271026309752
"299","11",11,8,5,0,328,328,1,21,0.936170212765957,0.0161034075665787,1,5.79605775076537,0.00277833801163424,0.0152439024390244,8,0.0222267040930739
"300","11",11,9,36,0,328,328,1,57,0.826747720364742,0.124297716677577,1,5.79605775076537,0.0214452170807241,0.109756097560976,8,0.171561736645793
"301","11",11,10,46,0,328,328,1,103,0.68693009118541,0.185267067023711,1,5.79605775076537,0.0319643238543037,0.140243902439024,8,0.255714590834429
"302","11",11,11,10,0,328,328,1,113,0.656534954407295,0.0452565915881209,1,5.79605775076537,0.00780816781581321,0.0304878048780488,8,0.0624653425265057
"303","11",11,12,42,0,328,328,1,155,0.52887537993921,0.216223108469636,1,5.79605775076537,0.0373052025648094,0.128048780487805,8,0.298441620518475
"304","11",11,13,31,0,328,328,1,186,0.434650455927052,0.196210668954622,1,5.79605775076537,0.0338524351191484,0.0945121951219512,8,0.270819480953187
"305","11",11,14,0,0,328,328,1,186,0.434650455927052,0,1,5.79605775076537,0,0,8,0
"306","11",11,15,0,0,328,328,1,186,0.434650455927052,0,1,5.79605775076537,0,0,8,0
"307","11",11,16,5,0,328,328,1,191,0.419452887537994,0.0355909451027025,1,5.79605775076537,0.00614054356135474,0.0152439024390244,8,0.0491243484908379
"308","11",11,17,31,0,328,328,1,222,0.325227963525836,0.254424850695298,1,5.79605775076537,0.0438961897268366,0.0945121951219512,8,0.351169517814693
"309","11",11,18,0,0,328,328,1,222,0.325227963525836,0,1,5.79605775076537,0,0,8,0
"310","11",11,19,0,0,328,328,1,222,0.325227963525836,0,1,5.79605775076537,0,0,8,0
"311","11",11,20,0,0,328,328,1,222,0.325227963525836,0,1,5.79605775076537,0,0,8,0
"312","11",11,21,1,0,328,328,1,223,0.322188449848024,0.00938974034983914,1,5.79605775076537,0.00162002187583435,0.00304878048780488,8,0.0129601750066748
"313","11",11,22,7,0,328,328,1,230,0.300911854103343,0.0683192439774772,1,5.79605775076537,0.0117871917284564,0.0213414634146341,8,0.0942975338276512
"314","11",11,23,35,0,328,328,1,265,0.194528875379939,0.436236766774918,1,5.79605775076537,0.0752643927188808,0.106707317073171,8,0.602115141751047
"315","11",11,24,33,0,328,328,1,298,0.0942249240121581,0.724895878874526,1,5.79605775076537,0.125067055927592,0.100609756097561,8,1.00053644742074
"316","11",11,25,30,0,328,328,1,328,0.00303951367781155,3.43398720448515,1,5.79605775076537,0.592469459786126,0.0914634146341463,8,4.73975567828901
"317","11",11,26,0,0,328,328,1,328,0.00303951367781155,0,1,5.79605775076537,0,0,8,0
"318","11",11,27,0,0,328,328,1,328,0.00303951367781155,0,1,5.79605775076537,0,0,8,0
"319","11",11,28,0,0,328,328,1,328,0.00303951367781155,0,1,5.79605775076537,0,0,8,0
"320","12",12,0,0,0,316,327,1,0,1,0,1,2.01807259530354,0,0,5.93862240057117,0
"321","12",12,1,0,0,316,327,1,0,1,0,1,2.01807259530354,0,0,5.93862240057117,0
"322","12",12,2,0,0,316,327,1,0,1,0,1,2.01807259530354,0,0,5.93862240057117,0
"323","12",12,3,0,0,316,327,1,0,1,0,1,2.01807259530354,0,0,5.93862240057117,0
"324","12",12,4,10,11,316,327,1,10,0.968354430379747,0.0321571116345312,1,2.01807259530354,0.0159345663329294,0.0316455696202532,5.93862240057117,0.18793108862567
"325","12",12,5,5,11,316,327,1,15,0.95253164556962,0.016474837203505,1,2.01807259530354,0.00816364943552837,0.0158227848101266,5.93862240057117,0.0939655443128349
"326","12",12,6,3,11,316,327,1,18,0.943037974683544,0.0100167782434712,1,2.01807259530354,0.00496353712288757,0.00949367088607595,5.93862240057117,0.0563793265877009
"327","12",12,7,0,0,316,327,1,18,0.943037974683544,0,1,2.01807259530354,0,0,5.93862240057117,0
"328","12",12,8,8,11,316,327,1,26,0.917721518987342,0.0272125635248848,1,2.01807259530354,0.0134844324174531,0.0253164556962025,5.93862240057117,0.150344870900536
"329","12",12,9,9,11,316,327,1,35,0.889240506329114,0.031526253646774,1,2.01807259530354,0.0156219621237322,0.0284810126582278,5.93862240057117,0.169137979763103
"330","12",12,10,9,11,316,327,1,44,0.860759493670886,0.0325526030377483,1,2.01807259530354,0.0161305411477787,0.0284810126582278,5.93862240057117,0.169137979763103
"331","12",12,11,14,11,316,327,1,58,0.816455696202532,0.05284248137438,1,2.01807259530354,0.0261846285893555,0.0443037974683544,5.93862240057117,0.263103524075938
"332","12",12,12,0,0,316,327,1,58,0.816455696202532,0,1,2.01807259530354,0,0,5.93862240057117,0
"333","12",12,13,0,0,316,327,1,58,0.816455696202532,0,1,2.01807259530354,0,0,5.93862240057117,0
"334","12",12,14,5,11,316,327,1,63,0.800632911392405,0.0195700961940971,1,2.01807259530354,0.00969741932953283,0.0158227848101266,5.93862240057117,0.0939655443128349
"335","12",12,15,0,0,316,327,1,63,0.800632911392405,0,1,2.01807259530354,0,0,5.93862240057117,0
"336","12",12,16,0,0,316,327,1,63,0.800632911392405,0,1,2.01807259530354,0,0,5.93862240057117,0
"337","12",12,17,1,11,316,327,1,64,0.79746835443038,0.00396040121609691,1,2.01807259530354,0.00196246717056342,0.00316455696202532,5.93862240057117,0.018793108862567
"338","12",12,18,6,11,316,327,1,70,0.778481012658228,0.0240975515790605,1,2.01807259530354,0.0119408744933856,0.0189873417721519,5.93862240057117,0.112758653175402
"339","12",12,19,0,0,316,327,1,70,0.778481012658228,0,1,2.01807259530354,0,0,5.93862240057117,0
"340","12",12,20,0,0,316,327,1,70,0.778481012658228,0,1,2.01807259530354,0,0,5.93862240057117,0
"341","12",12,21,1,11,316,327,1,71,0.775316455696203,0.00407332538763587,1,2.01807259530354,0.00201842361722532,0.00316455696202532,5.93862240057117,0.018793108862567
"342","12",12,22,7,11,316,327,1,78,0.753164556962025,0.0289875368732524,1,2.01807259530354,0.0143639713163501,0.0221518987341772,5.93862240057117,0.131551762037969
"343","12",12,23,90,11,316,327,1,168,0.468354430379747,0.47505839990736,1,2.01807259530354,0.235402037078802,0.284810126582278,5.93862240057117,1.69137979763103
"344","12",12,24,106,11,316,327,1,274,0.132911392405063,1.25954265548075,1,2.01807259530354,0.624131489824476,0.335443037974684,5.93862240057117,1.9920695394321
"345","12",12,25,42,11,316,327,1,316,0,0,1,2.01807259530354,0,0.132911392405063,5.93862240057117,0.789310572227813
"346","12",12,26,0,0,316,327,1,316,0,0,1,2.01807259530354,0,0,5.93862240057117,0
"347","12",12,27,0,0,316,327,1,316,0,0,1,2.01807259530354,0,0,5.93862240057117,0
"348","12",12,28,0,0,316,327,1,316,0,0,1,2.01807259530354,0,0,5.93862240057117,0
"349","13",13,0,0,0,327,327,1,0,1,0,1,5.79301360838414,0,0,8,0
"350","13",13,1,0,0,327,327,1,0,1,0,1,5.79301360838414,0,0,8,0
"351","13",13,2,0,0,327,327,1,0,1,0,1,5.79301360838414,0,0,8,0
"352","13",13,3,0,0,327,327,1,0,1,0,1,5.79301360838414,0,0,8,0
"353","13",13,4,0,0,327,327,1,0,1,0,1,5.79301360838414,0,0,8,0
"354","13",13,5,0,0,327,327,1,0,1,0,1,5.79301360838414,0,0,8,0
"355","13",13,6,0,0,327,327,1,0,1,0,1,5.79301360838414,0,0,8,0
"356","13",13,7,0,0,327,327,1,0,1,0,1,5.79301360838414,0,0,8,0
"357","13",13,8,0,0,327,327,1,0,1,0,1,5.79301360838414,0,0,8,0
"358","13",13,9,0,0,327,327,1,0,1,0,1,5.79301360838414,0,0,8,0
"359","13",13,10,0,0,327,327,1,0,1,0,1,5.79301360838414,0,0,8,0
"360","13",13,11,7,0,327,327,1,7,0.978658536585366,0.021572485254128,1,5.79301360838414,0.00372387960955356,0.0214067278287462,8,0.0297910368764284
"361","13",13,12,46,0,327,327,1,53,0.838414634146341,0.154670025463445,1,5.79301360838414,0.0266994065471541,0.140672782874618,8,0.213595252377233
"362","13",13,13,26,0,327,327,1,79,0.759146341463415,0.0993182012018636,1,5.79301360838414,0.0171444791805981,0.0795107033639144,8,0.137155833444785
"363","13",13,14,25,0,327,327,1,104,0.682926829268293,0.105806844609668,1,5.79301360838414,0.0182645599962919,0.0764525993883792,8,0.146116479970335
"364","13",13,15,17,0,327,327,1,121,0.63109756097561,0.0789272585896709,1,5.79301360838414,0.0136245594996429,0.0519877675840979,8,0.108996475997143
"365","13",13,16,8,0,327,327,1,129,0.606707317073171,0.0394139685408766,1,5.79301360838414,0.00680370722482567,0.0244648318042813,8,0.0544296577986054
"366","13",13,17,6,0,327,327,1,135,0.588414634146341,0.0306146358196069,1,5.79301360838414,0.00528475123471121,0.018348623853211,8,0.0422780098776897
"367","13",13,18,66,0,327,327,1,201,0.38719512195122,0.418503102446294,1,5.79301360838414,0.0722427273156412,0.201834862385321,8,0.577941818525129
"368","13",13,19,1,0,327,327,1,202,0.384146341463415,0.00790517950711325,1,5.79301360838414,0.00136460572018547,0.00305810397553517,8,0.0109168457614837
"369","13",13,20,0,0,327,327,1,202,0.384146341463415,0,1,5.79301360838414,0,0,8,0
"370","13",13,21,0,0,327,327,1,202,0.384146341463415,0,1,5.79301360838414,0,0,8,0
"371","13",13,22,66,0,327,327,1,268,0.182926829268293,0.741937344729377,1,5.79301360838414,0.128074504029402,0.201834862385321,8,1.02459603223522
"372","13",13,23,55,0,327,327,1,323,0.0152439024390244,2.484906649788,1,5.79301360838414,0.428948871480576,0.168195718654434,8,3.43159097184461
"373","13",13,24,3,0,327,327,1,326,0.00609756097560976,0.916290731874155,1,5.79301360838414,0.158171686416897,0.00917431192660551,8,1.26537349133518
"374","13",13,25,1,0,327,327,1,327,0.00304878048780488,0.693147180559945,1,5.79301360838414,0.11965226174452,0.00305810397553517,8,0.957218093956159
"375","13",13,26,0,0,327,327,1,327,0.00304878048780488,0,1,5.79301360838414,0,0,8,0
"376","13",13,27,0,0,327,327,1,327,0.00304878048780488,0,1,5.79301360838414,0,0,8,0
"377","13",13,28,0,0,327,327,1,327,0.00304878048780488,0,1,5.79301360838414,0,0,8,0
"378","14",14,0,0,0,327,327,1,0,1,0,1,5.79301360838414,0,0,8,0
"379","14",14,1,0,0,327,327,1,0,1,0,1,5.79301360838414,0,0,8,0
"380","14",14,2,0,0,327,327,1,0,1,0,1,5.79301360838414,0,0,8,0
"381","14",14,3,0,0,327,327,1,0,1,0,1,5.79301360838414,0,0,8,0
"382","14",14,4,0,0,327,327,1,0,1,0,1,5.79301360838414,0,0,8,0
"383","14",14,5,0,0,327,327,1,0,1,0,1,5.79301360838414,0,0,8,0
"384","14",14,6,0,0,327,327,1,0,1,0,1,5.79301360838414,0,0,8,0
"385","14",14,7,0,0,327,327,1,0,1,0,1,5.79301360838414,0,0,8,0
"386","14",14,8,0,0,327,327,1,0,1,0,1,5.79301360838414,0,0,8,0
"387","14",14,9,0,0,327,327,1,0,1,0,1,5.79301360838414,0,0,8,0
"388","14",14,10,0,0,327,327,1,0,1,0,1,5.79301360838414,0,0,8,0
"389","14",14,11,14,0,327,327,1,14,0.957317073170732,0.0436206224758904,1,5.79301360838414,0.00752986708209331,0.0428134556574924,8,0.0602389366567465
"390","14",14,12,6,0,327,327,1,20,0.939024390243902,0.0192932029346789,1,5.79301360838414,0.00333042596460607,0.018348623853211,8,0.0266434077168486
"391","14",14,13,159,0,327,327,1,179,0.454268292682927,0.726153477028115,1,5.79301360838414,0.125349865565164,0.486238532110092,8,1.00279892452131
"392","14",14,14,123,0,327,327,1,302,0.0792682926829268,1.74584976792398,1,5.79301360838414,0.301371597918782,0.376146788990826,8,2.41097278335025
"393","14",14,15,22,0,327,327,1,324,0.0121951219512195,1.87180217690159,1,5.79301360838414,0.323113719980316,0.0672782874617737,8,2.58490975984252
"394","14",14,16,0,0,327,327,1,324,0.0121951219512195,0,1,5.79301360838414,0,0,8,0
"395","14",14,17,0,0,327,327,1,324,0.0121951219512195,0,1,5.79301360838414,0,0,8,0
"396","14",14,18,3,0,327,327,1,327,0.00304878048780488,1.38629436111989,1,5.79301360838414,0.23930452348904,0.00917431192660551,8,1.91443618791232
"397","14",14,19,0,0,327,327,1,327,0.00304878048780488,0,1,5.79301360838414,0,0,8,0
"398","14",14,20,0,0,327,327,1,327,0.00304878048780488,0,1,5.79301360838414,0,0,8,0
"399","14",14,21,0,0,327,327,1,327,0.00304878048780488,0,1,5.79301360838414,0,0,8,0
"400","14",14,22,0,0,327,327,1,327,0.00304878048780488,0,1,5.79301360838414,0,0,8,0
"401","14",14,23,0,0,327,327,1,327,0.00304878048780488,0,1,5.79301360838414,0,0,8,0
"402","14",14,24,0,0,327,327,1,327,0.00304878048780488,0,1,5.79301360838414,0,0,8,0
"403","14",14,25,0,0,327,327,1,327,0.00304878048780488,0,1,5.79301360838414,0,0,8,0
"404","14",14,26,0,0,327,327,1,327,0.00304878048780488,0,1,5.79301360838414,0,0,8,0
"405","14",14,27,0,0,327,327,1,327,0.00304878048780488,0,1,5.79301360838414,0,0,8,0
"406","14",14,28,0,0,327,327,1,327,0.00304878048780488,0,1,5.79301360838414,0,0,8,0
"407","15",15,0,0,0,327,327,1,0,1,0,1,5.79301360838414,0,0,8,0
"408","15",15,1,0,0,327,327,1,0,1,0,1,5.79301360838414,0,0,8,0
"409","15",15,2,0,0,327,327,1,0,1,0,1,5.79301360838414,0,0,8,0
"410","15",15,3,0,0,327,327,1,0,1,0,1,5.79301360838414,0,0,8,0
"411","15",15,4,0,0,327,327,1,0,1,0,1,5.79301360838414,0,0,8,0
"412","15",15,5,0,0,327,327,1,0,1,0,1,5.79301360838414,0,0,8,0
"413","15",15,6,0,0,327,327,1,0,1,0,1,5.79301360838414,0,0,8,0
"414","15",15,7,0,0,327,327,1,0,1,0,1,5.79301360838414,0,0,8,0
"415","15",15,8,0,0,327,327,1,0,1,0,1,5.79301360838414,0,0,8,0
"416","15",15,9,0,0,327,327,1,0,1,0,1,5.79301360838414,0,0,8,0
"417","15",15,10,0,0,327,327,1,0,1,0,1,5.79301360838414,0,0,8,0
"418","15",15,11,0,0,327,327,1,0,1,0,1,5.79301360838414,0,0,8,0
"419","15",15,12,0,0,327,327,1,0,1,0,1,5.79301360838414,0,0,8,0
"420","15",15,13,163,0,327,327,1,163,0.503048780487805,0.687068134483563,1,5.79301360838414,0.118602886326588,0.498470948012232,8,0.948823090612705
"421","15",15,14,0,0,327,327,1,163,0.503048780487805,0,1,5.79301360838414,0,0,8,0
"422","15",15,15,0,0,327,327,1,163,0.503048780487805,0,1,5.79301360838414,0,0,8,0
"423","15",15,16,0,0,327,327,1,163,0.503048780487805,0,1,5.79301360838414,0,0,8,0
"424","15",15,17,0,0,327,327,1,163,0.503048780487805,0,1,5.79301360838414,0,0,8,0
"425","15",15,18,0,0,327,327,1,163,0.503048780487805,0,1,5.79301360838414,0,0,8,0
"426","15",15,19,0,0,327,327,1,163,0.503048780487805,0,1,5.79301360838414,0,0,8,0
"427","15",15,20,0,0,327,327,1,163,0.503048780487805,0,1,5.79301360838414,0,0,8,0
"428","15",15,21,6,0,327,327,1,169,0.484756097560976,0.0370412716803491,1,5.79301360838414,0.00639412820068984,0.018348623853211,8,0.0511530256055187
"429","15",15,22,34,0,327,327,1,203,0.38109756097561,0.24059046491793,1,5.79301360838414,0.0415311409884706,0.103975535168196,8,0.332249127907764
"430","15",15,23,64,0,327,327,1,267,0.185975609756098,0.71743987312899,1,5.79301360838414,0.12384570823218,0.195718654434251,8,0.990765665857438
"431","15",15,24,60,0,327,327,1,327,0.00304878048780488,4.11087386417331,1,5.79301360838414,0.709626136252072,0.18348623853211,8,5.67700909001657
"432","15",15,25,0,0,327,327,1,327,0.00304878048780488,0,1,5.79301360838414,0,0,8,0
"433","15",15,26,0,0,327,327,1,327,0.00304878048780488,0,1,5.79301360838414,0,0,8,0
"434","15",15,27,0,0,327,327,1,327,0.00304878048780488,0,1,5.79301360838414,0,0,8,0
"435","15",15,28,0,0,327,327,1,327,0.00304878048780488,0,1,5.79301360838414,0,0,8,0
"436","16",16,0,0,0,327,327,1,0,1,0,1,5.79301360838414,0,0,8,0
"437","16",16,1,0,0,327,327,1,0,1,0,1,5.79301360838414,0,0,8,0
"438","16",16,2,0,0,327,327,1,0,1,0,1,5.79301360838414,0,0,8,0
"439","16",16,3,0,0,327,327,1,0,1,0,1,5.79301360838414,0,0,8,0
"440","16",16,4,0,0,327,327,1,0,1,0,1,5.79301360838414,0,0,8,0
"441","16",16,5,0,0,327,327,1,0,1,0,1,5.79301360838414,0,0,8,0
"442","16",16,6,0,0,327,327,1,0,1,0,1,5.79301360838414,0,0,8,0
"443","16",16,7,0,0,327,327,1,0,1,0,1,5.79301360838414,0,0,8,0
"444","16",16,8,0,0,327,327,1,0,1,0,1,5.79301360838414,0,0,8,0
"445","16",16,9,0,0,327,327,1,0,1,0,1,5.79301360838414,0,0,8,0
"446","16",16,10,0,0,327,327,1,0,1,0,1,5.79301360838414,0,0,8,0
"447","16",16,11,0,0,327,327,1,0,1,0,1,5.79301360838414,0,0,8,0
"448","16",16,12,0,0,327,327,1,0,1,0,1,5.79301360838414,0,0,8,0
"449","16",16,13,0,0,327,327,1,0,1,0,1,5.79301360838414,0,0,8,0
"450","16",16,14,0,0,327,327,1,0,1,0,1,5.79301360838414,0,0,8,0
"451","16",16,15,0,0,327,327,1,0,1,0,1,5.79301360838414,0,0,8,0
"452","16",16,16,79,0,327,327,1,79,0.759146341463415,0.275560711919436,1,5.79301360838414,0.0475677653373058,0.241590214067278,8,0.380542122698446
"453","16",16,17,0,0,327,327,1,79,0.759146341463415,0,1,5.79301360838414,0,0,8,0
"454","16",16,18,0,0,327,327,1,79,0.759146341463415,0,1,5.79301360838414,0,0,8,0
"455","16",16,19,0,0,327,327,1,79,0.759146341463415,0,1,5.79301360838414,0,0,8,0
"456","16",16,20,0,0,327,327,1,79,0.759146341463415,0,1,5.79301360838414,0,0,8,0
"457","16",16,21,12,0,327,327,1,91,0.722560975609756,0.0493927553295765,1,5.79301360838414,0.00852626261020534,0.036697247706422,8,0.0682101008816428
"458","16",16,22,33,0,327,327,1,124,0.621951219512195,0.149940147290915,1,5.79301360838414,0.0258829268196278,0.100917431192661,8,0.207063414557022
"459","16",16,23,59,0,327,327,1,183,0.442073170731707,0.341386251423642,1,5.79301360838414,0.0589306834925363,0.180428134556575,8,0.471445467940291
"460","16",16,24,130,0,327,327,1,313,0.0457317073170732,2.26868354131836,1,5.79301360838414,0.391624065587371,0.397553516819572,8,3.13299252469897
"461","16",16,25,3,0,327,327,1,316,0.0365853658536585,0.22314355131421,1,5.79301360838414,0.0385194246723773,0.00917431192660551,8,0.308155397379019
"462","16",16,26,11,0,327,327,1,327,0.00304878048780488,2.484906649788,1,5.79301360838414,0.428948871480576,0.0336391437308868,8,3.43159097184461
"463","16",16,27,0,0,327,327,1,327,0.00304878048780488,0,1,5.79301360838414,0,0,8,0
"464","16",16,28,0,0,327,327,1,327,0.00304878048780488,0,1,5.79301360838414,0,0,8,0
"465","17",17,0,0,0,327,327,1,0,1,0,1,5.79301360838414,0,0,8,0
"466","17",17,1,0,0,327,327,1,0,1,0,1,5.79301360838414,0,0,8,0
"467","17",17,2,0,0,327,327,1,0,1,0,1,5.79301360838414,0,0,8,0
"468","17",17,3,0,0,327,327,1,0,1,0,1,5.79301360838414,0,0,8,0
"469","17",17,4,0,0,327,327,1,0,1,0,1,5.79301360838414,0,0,8,0
"470","17",17,5,0,0,327,327,1,0,1,0,1,5.79301360838414,0,0,8,0
"471","17",17,6,0,0,327,327,1,0,1,0,1,5.79301360838414,0,0,8,0
"472","17",17,7,0,0,327,327,1,0,1,0,1,5.79301360838414,0,0,8,0
"473","17",17,8,0,0,327,327,1,0,1,0,1,5.79301360838414,0,0,8,0
"474","17",17,9,0,0,327,327,1,0,1,0,1,5.79301360838414,0,0,8,0
"475","17",17,10,0,0,327,327,1,0,1,0,1,5.79301360838414,0,0,8,0
"476","17",17,11,0,0,327,327,1,0,1,0,1,5.79301360838414,0,0,8,0
"477","17",17,12,0,0,327,327,1,0,1,0,1,5.79301360838414,0,0,8,0
"478","17",17,13,0,0,327,327,1,0,1,0,1,5.79301360838414,0,0,8,0
"479","17",17,14,4,0,327,327,1,4,0.98780487804878,0.0122700925918144,1,5.79301360838414,0.00211808454481379,0.0122324159021407,8,0.0169446763585103
"480","17",17,15,140,0,327,327,1,144,0.560975609756098,0.565807758183344,1,5.79301360838414,0.0976707110379403,0.428134556574924,8,0.781365688303523
"481","17",17,16,32,0,327,327,1,176,0.463414634146341,0.191055236762709,1,5.79301360838414,0.0329802844733867,0.0978593272171254,8,0.263842275787093
"482","17",17,17,22,0,327,327,1,198,0.396341463414634,0.156346070390694,1,5.79301360838414,0.0269887283130868,0.0672782874617737,8,0.215909826504694
"483","17",17,18,5,0,327,327,1,203,0.38109756097561,0.0392207131532813,1,5.79301360838414,0.00677034714652107,0.0152905198776758,8,0.0541627771721686
"484","17",17,19,2,0,327,327,1,205,0.375,0.0161293819298837,1,5.79301360838414,0.00278428172627454,0.00611620795107034,8,0.0222742538101963
"485","17",17,20,2,0,327,327,1,207,0.36890243902439,0.0163938097756764,1,5.79301360838414,0.00282992771706074,0.00611620795107034,8,0.0226394217364859
"486","17",17,21,1,0,327,327,1,208,0.365853658536585,0.00829880281469506,1,5.79301360838414,0.00143255365440266,0.00305810397553517,8,0.0114604292352213
"487","17",17,22,1,0,327,327,1,209,0.36280487804878,0.00836824967051658,1,5.79301360838414,0.00144454169042609,0.00305810397553517,8,0.0115563335234087
"488","17",17,23,50,0,327,327,1,259,0.210365853658537,0.54501698851427,1,5.79301360838414,0.0940817725208646,0.152905198776758,8,0.752654180166917
"489","17",17,24,49,0,327,327,1,308,0.0609756097560976,1.23837423104327,1,5.79301360838414,0.213770295524766,0.149847094801223,8,1.71016236419813
"490","17",17,25,15,0,327,327,1,323,0.0152439024390244,1.38629436111989,1,5.79301360838414,0.23930452348904,0.0458715596330275,8,1.91443618791232
"491","17",17,26,4,0,327,327,1,327,0.00304878048780488,1.6094379124341,1,5.79301360838414,0.277823948161417,0.0122324159021407,8,2.22259158529134
"492","17",17,27,0,0,327,327,1,327,0.00304878048780488,0,1,5.79301360838414,0,0,8,0
"493","17",17,28,0,0,327,327,1,327,0.00304878048780488,0,1,5.79301360838414,0,0,8,0
"494","18",18,0,0,0,327,327,1,0,1,0,1,5.79301360838414,0,0,8,0
"495","18",18,1,0,0,327,327,1,0,1,0,1,5.79301360838414,0,0,8,0
"496","18",18,2,0,0,327,327,1,0,1,0,1,5.79301360838414,0,0,8,0
"497","18",18,3,0,0,327,327,1,0,1,0,1,5.79301360838414,0,0,8,0
"498","18",18,4,0,0,327,327,1,0,1,0,1,5.79301360838414,0,0,8,0
"499","18",18,5,0,0,327,327,1,0,1,0,1,5.79301360838414,0,0,8,0
"500","18",18,6,0,0,327,327,1,0,1,0,1,5.79301360838414,0,0,8,0
"501","18",18,7,0,0,327,327,1,0,1,0,1,5.79301360838414,0,0,8,0
"502","18",18,8,73,0,327,327,1,73,0.777439024390244,0.251750063225717,1,5.79301360838414,0.0434575300947616,0.223241590214067,8,0.347660240758093
"503","18",18,9,4,0,327,327,1,77,0.765243902439024,0.0158106060266422,1,5.79301360838414,0.00272925408008015,0.0122324159021407,8,0.0218340326406412
"504","18",18,10,0,0,327,327,1,77,0.765243902439024,0,1,5.79301360838414,0,0,8,0
"505","18",18,11,0,0,327,327,1,77,0.765243902439024,0,1,5.79301360838414,0,0,8,0
"506","18",18,12,0,0,327,327,1,77,0.765243902439024,0,1,5.79301360838414,0,0,8,0
"507","18",18,13,0,0,327,327,1,77,0.765243902439024,0,1,5.79301360838414,0,0,8,0
"508","18",18,14,1,0,327,327,1,78,0.76219512195122,0.00399202126953746,1,5.79301360838414,0.000689109596386907,0.00305810397553517,8,0.00551287677109526
"509","18",18,15,73,0,327,327,1,151,0.539634146341463,0.345311185288417,1,5.79301360838414,0.0596082123454109,0.223241590214067,8,0.476865698763287
"510","18",18,16,16,0,327,327,1,167,0.490853658536585,0.0947453675893663,1,5.79301360838414,0.0163551087558715,0.0489296636085627,8,0.130840870046972
"511","18",18,17,108,0,327,327,1,275,0.161585365853659,1.11111245143234,1,5.79301360838414,0.191802147646304,0.330275229357798,8,1.53441718117043
"512","18",18,18,8,0,327,327,1,283,0.13719512195122,0.163629423781802,1,5.79301360838414,0.028245993336695,0.0244648318042813,8,0.22596794669356
"513","18",18,19,2,0,327,327,1,285,0.13109756097561,0.0454623740767574,1,5.79301360838414,0.00784779341981182,0.00611620795107034,8,0.0627823473584946
"514","18",18,20,19,0,327,327,1,304,0.0731707317073171,0.583146285345617,1,5.79301360838414,0.100663717499582,0.0581039755351682,8,0.805309739996658
"515","18",18,21,16,0,327,327,1,320,0.024390243902439,1.09861228866811,1,5.79301360838414,0.189644347991537,0.0489296636085627,8,1.51715478393229
"516","18",18,22,3,0,327,327,1,323,0.0152439024390244,0.470003629245736,1,5.79301360838414,0.0811328370721426,0.00917431192660551,8,0.649062696577141
"517","18",18,23,4,0,327,327,1,327,0.00304878048780488,1.6094379124341,1,5.79301360838414,0.277823948161417,0.0122324159021407,8,2.22259158529134
"518","18",18,24,0,0,327,327,1,327,0.00304878048780488,0,1,5.79301360838414,0,0,8,0
"519","18",18,25,0,0,327,327,1,327,0.00304878048780488,0,1,5.79301360838414,0,0,8,0
"520","18",18,26,0,0,327,327,1,327,0.00304878048780488,0,1,5.79301360838414,0,0,8,0
"521","18",18,27,0,0,327,327,1,327,0.00304878048780488,0,1,5.79301360838414,0,0,8,0
"522","18",18,28,0,0,327,327,1,327,0.00304878048780488,0,1,5.79301360838414,0,0,8,0
"523","19",19,0,0,0,327,327,1,0,1,0,1,5.79301360838414,0,0,8,0
"524","19",19,1,0,0,327,327,1,0,1,0,1,5.79301360838414,0,0,8,0
"525","19",19,2,0,0,327,327,1,0,1,0,1,5.79301360838414,0,0,8,0
"526","19",19,3,0,0,327,327,1,0,1,0,1,5.79301360838414,0,0,8,0
"527","19",19,4,0,0,327,327,1,0,1,0,1,5.79301360838414,0,0,8,0
"528","19",19,5,166,0,327,327,1,166,0.49390243902439,0.70541727315176,1,5.79301360838414,0.121770346289334,0.507645259938838,8,0.974162770314669
"529","19",19,6,0,0,327,327,1,166,0.49390243902439,0,1,5.79301360838414,0,0,8,0
"530","19",19,7,20,0,327,327,1,186,0.432926829268293,0.131769277631123,1,5.79301360838414,0.0227462399605648,0.0611620795107034,8,0.181969919684519
"531","19",19,8,129,0,327,327,1,315,0.0396341463414634,2.39087770013972,1,5.79301360838414,0.412717432025266,0.394495412844037,8,3.30173945620213
"532","19",19,9,6,0,327,327,1,321,0.0213414634146341,0.619039208406223,1,5.79301360838414,0.106859615781033,0.018348623853211,8,0.854876926248262
"533","19",19,10,3,0,327,327,1,324,0.0121951219512195,0.559615787935423,1,5.79301360838414,0.0966018424547629,0.00917431192660551,8,0.772814739638103
"534","19",19,11,0,0,327,327,1,324,0.0121951219512195,0,1,5.79301360838414,0,0,8,0
"535","19",19,12,0,0,327,327,1,324,0.0121951219512195,0,1,5.79301360838414,0,0,8,0
"536","19",19,13,0,0,327,327,1,324,0.0121951219512195,0,1,5.79301360838414,0,0,8,0
"537","19",19,14,0,0,327,327,1,324,0.0121951219512195,0,1,5.79301360838414,0,0,8,0
"538","19",19,15,0,0,327,327,1,324,0.0121951219512195,0,1,5.79301360838414,0,0,8,0
"539","19",19,16,0,0,327,327,1,324,0.0121951219512195,0,1,5.79301360838414,0,0,8,0
"540","19",19,17,0,0,327,327,1,324,0.0121951219512195,0,1,5.79301360838414,0,0,8,0
"541","19",19,18,0,0,327,327,1,324,0.0121951219512195,0,1,5.79301360838414,0,0,8,0
"542","19",19,19,0,0,327,327,1,324,0.0121951219512195,0,1,5.79301360838414,0,0,8,0
"543","19",19,20,3,0,327,327,1,327,0.00304878048780488,1.38629436111989,1,5.79301360838414,0.23930452348904,0.00917431192660551,8,1.91443618791232
"544","19",19,21,0,0,327,327,1,327,0.00304878048780488,0,1,5.79301360838414,0,0,8,0
"545","19",19,22,0,0,327,327,1,327,0.00304878048780488,0,1,5.79301360838414,0,0,8,0
"546","19",19,23,0,0,327,327,1,327,0.00304878048780488,0,1,5.79301360838414,0,0,8,0
"547","19",19,24,0,0,327,327,1,327,0.00304878048780488,0,1,5.79301360838414,0,0,8,0
"548","19",19,25,0,0,327,327,1,327,0.00304878048780488,0,1,5.79301360838414,0,0,8,0
"549","19",19,26,0,0,327,327,1,327,0.00304878048780488,0,1,5.79301360838414,0,0,8,0
"550","19",19,27,0,0,327,327,1,327,0.00304878048780488,0,1,5.79301360838414,0,0,8,0
"551","19",19,28,0,0,327,327,1,327,0.00304878048780488,0,1,5.79301360838414,0,0,8,0
"552","20",20,0,0,0,327,327,1,0,1,0,1,5.79301360838414,0,0,8,0
"553","20",20,1,32,0,327,327,1,32,0.902439024390244,0.102654154060083,1,5.79301360838414,0.017720337116335,0.0978593272171254,8,0.14176269693068
"554","20",20,2,17,0,327,327,1,49,0.850609756097561,0.0591476725026948,1,5.79301360838414,0.0102101732364466,0.0519877675840979,8,0.0816813858915729
"555","20",20,3,0,0,327,327,1,49,0.850609756097561,0,1,5.79301360838414,0,0,8,0
"556","20",20,4,125,0,327,327,1,174,0.469512195121951,0.594259179407737,1,5.79301360838414,0.102582044438438,0.382262996941896,8,0.820656355507502
"557","20",20,5,44,0,327,327,1,218,0.335365853658537,0.336472236621213,1,5.79301360838414,0.0580824177823856,0.134556574923547,8,0.464659342259085
"558","20",20,6,50,0,327,327,1,268,0.182926829268293,0.606135803570316,1,5.79301360838414,0.104632207784402,0.152905198776758,8,0.837057662275213
"559","20",20,7,23,0,327,327,1,291,0.11280487804878,0.483426649577876,1,5.79301360838414,0.0834499419918883,0.0703363914373089,8,0.667599535935106
"560","20",20,8,23,0,327,327,1,314,0.0426829268292683,0.971860583028966,1,5.79301360838414,0.167764249961783,0.0703363914373089,8,1.34211399969426
"561","20",20,9,13,0,327,327,1,327,0.00304878048780488,2.63905732961526,1,5.79301360838414,0.455558627688323,0.0397553516819572,8,3.64446902150658
"562","20",20,10,0,0,327,327,1,327,0.00304878048780488,0,1,5.79301360838414,0,0,8,0
"563","20",20,11,0,0,327,327,1,327,0.00304878048780488,0,1,5.79301360838414,0,0,8,0
"564","20",20,12,0,0,327,327,1,327,0.00304878048780488,0,1,5.79301360838414,0,0,8,0
"565","20",20,13,0,0,327,327,1,327,0.00304878048780488,0,1,5.79301360838414,0,0,8,0
"566","20",20,14,0,0,327,327,1,327,0.00304878048780488,0,1,5.79301360838414,0,0,8,0
"567","20",20,15,0,0,327,327,1,327,0.00304878048780488,0,1,5.79301360838414,0,0,8,0
"568","20",20,16,0,0,327,327,1,327,0.00304878048780488,0,1,5.79301360838414,0,0,8,0
"569","20",20,17,0,0,327,327,1,327,0.00304878048780488,0,1,5.79301360838414,0,0,8,0
"570","20",20,18,0,0,327,327,1,327,0.00304878048780488,0,1,5.79301360838414,0,0,8,0
"571","20",20,19,0,0,327,327,1,327,0.00304878048780488,0,1,5.79301360838414,0,0,8,0
"572","20",20,20,0,0,327,327,1,327,0.00304878048780488,0,1,5.79301360838414,0,0,8,0
"573","20",20,21,0,0,327,327,1,327,0.00304878048780488,0,1,5.79301360838414,0,0,8,0
"574","20",20,22,0,0,327,327,1,327,0.00304878048780488,0,1,5.79301360838414,0,0,8,0
"575","20",20,23,0,0,327,327,1,327,0.00304878048780488,0,1,5.79301360838414,0,0,8,0
"576","20",20,24,0,0,327,327,1,327,0.00304878048780488,0,1,5.79301360838414,0,0,8,0
"577","20",20,25,0,0,327,327,1,327,0.00304878048780488,0,1,5.79301360838414,0,0,8,0
"578","20",20,26,0,0,327,327,1,327,0.00304878048780488,0,1,5.79301360838414,0,0,8,0
"579","20",20,27,0,0,327,327,1,327,0.00304878048780488,0,1,5.79301360838414,0,0,8,0
"580","20",20,28,0,0,327,327,1,327,0.00304878048780488,0,1,5.79301360838414,0,0,8,0
"581","21",21,0,0,0,633,633,1,0,1,0,1,6.45204895443723,0,0,8,0
"582","21",21,1,50,0,633,633,1,50,0.921135646687697,0.0821479716089989,1,6.45204895443723,0.0127320750646977,0.0789889415481833,8,0.101856600517581
"583","21",21,2,50,0,633,633,1,100,0.842271293375394,0.0895051438680322,1,6.45204895443723,0.0138723596953612,0.0789889415481833,8,0.110978877562889
"584","21",21,3,51,0,633,633,1,151,0.761829652996845,0.100379185307622,1,6.45204895443723,0.015557722208321,0.0805687203791469,8,0.124461777666568
"585","21",21,4,0,0,633,633,1,151,0.761829652996845,0,1,6.45204895443723,0,0,8,0
"586","21",21,5,62,0,633,633,1,213,0.66403785488959,0.137383819970191,1,6.45204895443723,0.0212930529418425,0.0979462875197472,8,0.17034442353474
"587","21",21,6,1,0,633,633,1,214,0.662460567823344,0.00237812240496742,1,6.45204895443723,0.000368584060933377,0.00157977883096367,8,0.00294867248746701
"588","21",21,7,3,0,633,633,1,217,0.657728706624606,0.0071684894786125,1,6.45204895443723,0.00111104077623009,0.004739336492891,8,0.00888832620984075
"589","21",21,8,0,0,633,633,1,217,0.657728706624606,0,1,6.45204895443723,0,0,8,0
"590","21",21,9,7,0,633,633,1,224,0.646687697160883,0.016929062100448,1,6.45204895443723,0.00262382728649408,0.0110584518167457,8,0.0209906182919526
"591","21",21,10,203,0,633,633,1,427,0.326498422712934,0.683438366432984,1,6.45204895443723,0.105925787491579,0.320695102685624,8,0.847406299932635
"592","21",21,11,12,0,633,633,1,439,0.307570977917981,0.0597192347016225,1,6.45204895443723,0.00925585579454604,0.018957345971564,8,0.0740468463563683
"593","21",21,12,0,0,633,633,1,439,0.307570977917981,0,1,6.45204895443723,0,0,8,0
"594","21",21,13,15,0,633,633,1,454,0.28391167192429,0.0800427076735364,1,6.45204895443723,0.0124057812082298,0.023696682464455,8,0.0992462496658388
"595","21",21,14,22,0,633,633,1,476,0.249211356466877,0.130361817863244,1,6.45204895443723,0.0202047161737034,0.0347551342812006,8,0.161637729389627
"596","21",21,15,67,0,633,633,1,543,0.143533123028391,0.551735526510117,1,6.45204895443723,0.0855132269464067,0.105845181674566,8,0.684105815571254
"597","21",21,16,0,0,633,633,1,543,0.143533123028391,0,1,6.45204895443723,0,0,8,0
"598","21",21,17,33,0,633,633,1,576,0.0914826498422713,0.450416495970431,1,6.45204895443723,0.0698098385723916,0.0521327014218009,8,0.558478708579133
"599","21",21,18,2,0,633,633,1,578,0.0883280757097792,0.03509131981127,1,6.45204895443723,0.00543878697435128,0.00315955766192733,8,0.0435102957948102
"600","21",21,19,1,0,633,633,1,579,0.0867507886435331,0.0180185055026784,1,6.45204895443723,0.00279267960146004,0.00157977883096367,8,0.0223414368116803
"601","21",21,20,2,0,633,633,1,581,0.083596214511041,0.0370412716803491,1,6.45204895443723,0.00574100908748916,0.00315955766192733,8,0.0459280726999133
"602","21",21,21,20,0,633,633,1,601,0.0520504731861199,0.473784352085642,1,6.45204895443723,0.0734316114820872,0.0315955766192733,8,0.587452891856698
"603","21",21,22,18,0,633,633,1,619,0.0236593059936909,0.78845736036427,1,6.45204895443723,0.122202631432613,0.028436018957346,8,0.977621051460906
"604","21",21,23,11,0,633,633,1,630,0.00630914826498423,1.32175583998232,1,6.45204895443723,0.204858309246603,0.0173775671406003,8,1.63886647397282
"605","21",21,24,3,0,633,633,1,633,0.00157728706624606,1.38629436111989,1,6.45204895443723,0.21486110395466,0.004739336492891,8,1.71888883163728
"606","21",21,25,0,0,633,633,1,633,0.00157728706624606,0,1,6.45204895443723,0,0,8,0
"607","21",21,26,0,0,633,633,1,633,0.00157728706624606,0,1,6.45204895443723,0,0,8,0
"608","21",21,27,0,0,633,633,1,633,0.00157728706624606,0,1,6.45204895443723,0,0,8,0
"609","21",21,28,0,0,633,633,1,633,0.00157728706624606,0,1,6.45204895443723,0,0,8,0
"610","22",22,0,0,0,632,632,1,0,1,0,1,6.45047042214418,0,0,8,0
"611","22",22,1,0,0,632,632,1,0,1,0,1,6.45047042214418,0,0,8,0
"612","22",22,2,0,0,632,632,1,0,1,0,1,6.45047042214418,0,0,8,0
"613","22",22,3,0,0,632,632,1,0,1,0,1,6.45047042214418,0,0,8,0
"614","22",22,4,0,0,632,632,1,0,1,0,1,6.45047042214418,0,0,8,0
"615","22",22,5,0,0,632,632,1,0,1,0,1,6.45047042214418,0,0,8,0
"616","22",22,6,0,0,632,632,1,0,1,0,1,6.45047042214418,0,0,8,0
"617","22",22,7,0,0,632,632,1,0,1,0,1,6.45047042214418,0,0,8,0
"618","22",22,8,0,0,632,632,1,0,1,0,1,6.45047042214418,0,0,8,0
"619","22",22,9,0,0,632,632,1,0,1,0,1,6.45047042214418,0,0,8,0
"620","22",22,10,0,0,632,632,1,0,1,0,1,6.45047042214418,0,0,8,0
"621","22",22,11,127,0,632,632,1,127,0.799368088467615,0.223933752856711,1,6.45047042214418,0.0347158793392736,0.200949367088608,8,0.277727034714189
"622","22",22,12,0,0,632,632,1,127,0.799368088467615,0,1,6.45047042214418,0,0,8,0
"623","22",22,13,0,0,632,632,1,127,0.799368088467615,0,1,6.45047042214418,0,0,8,0
"624","22",22,14,0,0,632,632,1,127,0.799368088467615,0,1,6.45047042214418,0,0,8,0
"625","22",22,15,15,0,632,632,1,142,0.77567140600316,0.0300925414929449,1,6.45047042214418,0.00466517006102974,0.0237341772151899,8,0.0373213604882379
"626","22",22,16,0,0,632,632,1,142,0.77567140600316,0,1,6.45047042214418,0,0,8,0
"627","22",22,17,0,0,632,632,1,142,0.77567140600316,0,1,6.45047042214418,0,0,8,0
"628","22",22,18,57,0,632,632,1,199,0.685624012638231,0.123399593694116,1,6.45047042214418,0.0191303247078679,0.0901898734177215,8,0.153042597662943
"629","22",22,19,31,0,632,632,1,230,0.636650868878357,0.074107972153722,1,6.45047042214418,0.0114887701677249,0.0490506329113924,8,0.0919101613417994
"630","22",22,20,107,0,632,632,1,337,0.467614533965245,0.308577107622623,1,6.45047042214418,0.0478379230394253,0.169303797468354,8,0.382703384315403
"631","22",22,21,110,0,632,632,1,447,0.293838862559242,0.464612780610859,1,6.45047042214418,0.0720277359951709,0.174050632911392,8,0.576221887961367
"632","22",22,22,81,0,632,632,1,528,0.165876777251185,0.571786323555678,1,6.45047042214418,0.0886425773836217,0.128164556962025,8,0.709140619068973
"633","22",22,23,84,0,632,632,1,612,0.033175355450237,1.6094379124341,1,6.45047042214418,0.249507060277181,0.132911392405063,8,1.99605648221745
"634","22",22,24,20,0,632,632,1,632,0.00157977883096367,3.04452243772342,1,6.45047042214418,0.471984559028705,0.0316455696202532,8,3.77587647222964
"635","22",22,25,0,0,632,632,1,632,0.00157977883096367,0,1,6.45047042214418,0,0,8,0
"636","22",22,26,0,0,632,632,1,632,0.00157977883096367,0,1,6.45047042214418,0,0,8,0
"637","22",22,27,0,0,632,632,1,632,0.00157977883096367,0,1,6.45047042214418,0,0,8,0
"638","22",22,28,0,0,632,632,1,632,0.00157977883096367,0,1,6.45047042214418,0,0,8,0
"639","23",23,0,0,0,630,632,1,0,1,0,1,3.73766961828337,0,0,7.68665175830697,0
"640","23",23,1,0,0,630,632,1,0,1,0,1,3.73766961828337,0,0,7.68665175830697,0
"641","23",23,2,0,0,630,632,1,0,1,0,1,3.73766961828337,0,0,7.68665175830697,0
"642","23",23,3,0,0,630,632,1,0,1,0,1,3.73766961828337,0,0,7.68665175830697,0
"643","23",23,4,0,0,630,632,1,0,1,0,1,3.73766961828337,0,0,7.68665175830697,0
"644","23",23,5,0,0,630,632,1,0,1,0,1,3.73766961828337,0,0,7.68665175830697,0
"645","23",23,6,0,0,630,632,1,0,1,0,1,3.73766961828337,0,0,7.68665175830697,0
"646","23",23,7,0,0,630,632,1,0,1,0,1,3.73766961828337,0,0,7.68665175830697,0
"647","23",23,8,0,0,630,632,1,0,1,0,1,3.73766961828337,0,0,7.68665175830697,0
"648","23",23,9,0,0,630,632,1,0,1,0,1,3.73766961828337,0,0,7.68665175830697,0
"649","23",23,10,0,0,630,632,1,0,1,0,1,3.73766961828337,0,0,7.68665175830697,0
"650","23",23,11,0,0,630,632,1,0,1,0,1,3.73766961828337,0,0,7.68665175830697,0
"651","23",23,12,0,0,630,632,1,0,1,0,1,3.73766961828337,0,0,7.68665175830697,0
"652","23",23,13,0,0,630,632,1,0,1,0,1,3.73766961828337,0,0,7.68665175830697,0
"653","23",23,14,0,0,630,632,1,0,1,0,1,3.73766961828337,0,0,7.68665175830697,0
"654","23",23,15,0,0,630,632,1,0,1,0,1,3.73766961828337,0,0,7.68665175830697,0
"655","23",23,16,48,2,630,632,1,48,0.923809523809524,0.0792493716541405,1,3.73766961828337,0.0212028830120459,0.0761904761904762,7.68665175830697,0.585649657775769
"656","23",23,17,15,2,630,632,1,63,0.9,0.0261111440036858,1,3.73766961828337,0.00698594222345369,0.0238095238095238,7.68665175830697,0.183015518054928
"657","23",23,18,0,0,630,632,1,63,0.9,0,1,3.73766961828337,0,0,7.68665175830697,0
"658","23",23,19,0,0,630,632,1,63,0.9,0,1,3.73766961828337,0,0,7.68665175830697,0
"659","23",23,20,12,2,630,632,1,75,0.880952380952381,0.0213911899813176,1,3.73766961828337,0.00572313558070498,0.019047619047619,7.68665175830697,0.146412414443942
"660","23",23,21,363,2,630,632,1,438,0.304761904761905,1.06147274171865,1,3.73766961828337,0.283993196329151,0.576190476190476,7.68665175830697,4.42897553692925
"661","23",23,22,111,2,630,632,1,549,0.128571428571429,0.863046217355343,1,3.73766961828337,0.230904896766055,0.176190476190476,7.68665175830697,1.35431483360647
"662","23",23,23,36,2,630,632,1,585,0.0714285714285714,0.587786664902119,1,3.73766961828337,0.157260198179869,0.0571428571428571,7.68665175830697,0.439237243331827
"663","23",23,24,30,2,630,632,1,615,0.0238095238095238,1.09861228866811,1,3.73766961828337,0.293929747908719,0.0476190476190476,7.68665175830697,0.366031036109856
"664","23",23,25,15,2,630,632,1,630,0,0,1,3.73766961828337,0,0.0238095238095238,7.68665175830697,0.183015518054928
"665","23",23,26,0,0,630,632,1,630,0,0,1,3.73766961828337,0,0,7.68665175830697,0
"666","23",23,27,0,0,630,632,1,630,0,0,1,3.73766961828337,0,0,7.68665175830697,0
"667","23",23,28,0,0,630,632,1,630,0,0,1,3.73766961828337,0,0,7.68665175830697,0
"668","24",24,0,0,0,630,632,1,0,1,0,1,4.14313472639153,0,0,7.68665175830697,0
"669","24",24,1,0,0,630,632,1,0,1,0,1,4.14313472639153,0,0,7.68665175830697,0
"670","24",24,2,0,0,630,632,1,0,1,0,1,4.14313472639153,0,0,7.68665175830697,0
"671","24",24,3,0,0,630,632,1,0,1,0,1,4.14313472639153,0,0,7.68665175830697,0
"672","24",24,4,0,0,630,632,1,0,1,0,1,4.14313472639153,0,0,7.68665175830697,0
"673","24",24,5,0,0,630,632,1,0,1,0,1,4.14313472639153,0,0,7.68665175830697,0
"674","24",24,6,0,0,630,632,1,0,1,0,1,4.14313472639153,0,0,7.68665175830697,0
"675","24",24,7,0,0,630,632,1,0,1,0,1,4.14313472639153,0,0,7.68665175830697,0
"676","24",24,8,0,0,630,632,1,0,1,0,1,4.14313472639153,0,0,7.68665175830697,0
"677","24",24,9,0,0,630,632,1,0,1,0,1,4.14313472639153,0,0,7.68665175830697,0
"678","24",24,10,0,0,630,632,1,0,1,0,1,4.14313472639153,0,0,7.68665175830697,0
"679","24",24,11,2,2,630,632,1,2,0.996825396825397,0.00317965291737958,1,4.14313472639153,0.000767451006872978,0.00317460317460317,7.68665175830697,0.0244020690739904
"680","24",24,12,17,2,630,632,1,19,0.96984126984127,0.0274432072966034,1,4.14313472639153,0.00662377863838018,0.026984126984127,7.68665175830697,0.207417587128918
"681","24",24,13,27,2,630,632,1,46,0.926984126984127,0.0451959763433683,1,4.14313472639153,0.0109086426891871,0.0428571428571429,7.68665175830697,0.32942793249887
"682","24",24,14,119,2,630,632,1,165,0.738095238095238,0.227863577240871,1,4.14313472639153,0.0549978681092344,0.188888888888889,7.68665175830697,1.45192310990243
"683","24",24,15,113,2,630,632,1,278,0.558730158730159,0.278406229989259,1,4.14313472639153,0.0671970013950614,0.179365079365079,7.68665175830697,1.37871690268046
"684","24",24,16,3,2,630,632,1,281,0.553968253968254,0.00855925339566991,1,4.14313472639153,0.00206588826116321,0.00476190476190476,7.68665175830697,0.0366031036109856
"685","24",24,17,12,2,630,632,1,293,0.534920634920635,0.0349889918500656,1,4.14313472639153,0.00844505287920947,0.019047619047619,7.68665175830697,0.146412414443942
"686","24",24,18,31,2,630,632,1,324,0.485714285714286,0.096497828399981,1,4.14313472639153,0.0232910187026493,0.0492063492063492,7.68665175830697,0.378232070646851
"687","24",24,19,0,0,630,632,1,324,0.485714285714286,0,1,4.14313472639153,0,0,7.68665175830697,0
"688","24",24,20,8,2,630,632,1,332,0.473015873015873,0.0264916154469763,1,4.14313472639153,0.00639409944316466,0.0126984126984127,7.68665175830697,0.0976082762959615
"689","24",24,21,59,2,630,632,1,391,0.379365079365079,0.220629934573894,1,4.14313472639153,0.053251933413725,0.0936507936507937,7.68665175830697,0.719861037682716
"690","24",24,22,20,2,630,632,1,411,0.347619047619048,0.0873918221150098,1,4.14313472639153,0.0210931644482447,0.0317460317460317,7.68665175830697,0.244020690739904
"691","24",24,23,140,2,630,632,1,551,0.125396825396825,1.01962387734948,1,4.14313472639153,0.246099618932142,0.222222222222222,7.68665175830697,1.70814483517933
"692","24",24,24,69,2,630,632,1,620,0.0158730158730159,2.06686275947298,1,4.14313472639153,0.498864482080966,0.10952380952381,7.68665175830697,0.841871383052668
"693","24",24,25,10,2,630,632,1,630,0,0,1,4.14313472639153,0,0.0158730158730159,7.68665175830697,0.122010345369952
"694","24",24,26,0,0,630,632,1,630,0,0,1,4.14313472639153,0,0,7.68665175830697,0
"695","24",24,27,0,0,630,632,1,630,0,0,1,4.14313472639153,0,0,7.68665175830697,0
"696","24",24,28,0,0,630,632,1,630,0,0,1,4.14313472639153,0,0,7.68665175830697,0
"697","25",25,0,0,0,632,632,1,0,1,0,1,6.45047042214418,0,0,8,0
"698","25",25,1,0,0,632,632,1,0,1,0,1,6.45047042214418,0,0,8,0
"699","25",25,2,0,0,632,632,1,0,1,0,1,6.45047042214418,0,0,8,0
"700","25",25,3,0,0,632,632,1,0,1,0,1,6.45047042214418,0,0,8,0
"701","25",25,4,0,0,632,632,1,0,1,0,1,6.45047042214418,0,0,8,0
"702","25",25,5,0,0,632,632,1,0,1,0,1,6.45047042214418,0,0,8,0
"703","25",25,6,0,0,632,632,1,0,1,0,1,6.45047042214418,0,0,8,0
"704","25",25,7,0,0,632,632,1,0,1,0,1,6.45047042214418,0,0,8,0
"705","25",25,8,10,0,632,632,1,10,0.984202211690363,0.0159239033567229,1,6.45047042214418,0.00246864217872496,0.0158227848101266,8,0.0197491374297997
"706","25",25,9,2,0,632,632,1,12,0.981042654028436,0.00321543685397439,1,6.45047042214418,0.000498480985655859,0.00316455696202532,8,0.00398784788524687
"707","25",25,10,0,0,632,632,1,12,0.981042654028436,0,1,6.45047042214418,0,0,8,0
"708","25",25,11,0,0,632,632,1,12,0.981042654028436,0,1,6.45047042214418,0,0,8,0
"709","25",25,12,74,0,632,632,1,86,0.864139020537125,0.126882279511498,1,6.45047042214418,0.0196702366196295,0.117088607594937,8,0.157361892957036
"710","25",25,13,158,0,632,632,1,244,0.614533965244866,0.340869458803535,1,6.45047042214418,0.0528441239933983,0.25,8,0.422752991947186
"711","25",25,14,337,0,632,632,1,581,0.0821484992101106,2.01233562503702,1,6.45047042214418,0.311967266469242,0.533227848101266,8,2.49573813175394
"712","25",25,15,0,0,632,632,1,581,0.0821484992101106,0,1,6.45047042214418,0,0,8,0
"713","25",25,16,5,0,632,632,1,586,0.0742496050552923,0.101096116871369,1,6.45047042214418,0.0156726735036735,0.00791139240506329,8,0.125381388029388
"714","25",25,17,0,0,632,632,1,586,0.0742496050552923,0,1,6.45047042214418,0,0,8,0
"715","25",25,18,4,0,632,632,1,590,0.0679304897314376,0.0889474860164961,1,6.45047042214418,0.0137893022051761,0.00632911392405063,8,0.110314417641409
"716","25",25,19,36,0,632,632,1,626,0.0110584518167457,1.81528996663825,1,6.45047042214418,0.281419779928986,0.0569620253164557,8,2.25135823943189
"717","25",25,20,1,0,632,632,1,627,0.00947867298578199,0.154150679827258,1,6.45047042214418,0.0238975872671342,0.00158227848101266,8,0.191180698137073
"718","25",25,21,0,0,632,632,1,627,0.00947867298578199,0,1,6.45047042214418,0,0,8,0
"719","25",25,22,0,0,632,632,1,627,0.00947867298578199,0,1,6.45047042214418,0,0,8,0
"720","25",25,23,4,0,632,632,1,631,0.00315955766192733,1.09861228866811,1,6.45047042214418,0.170315064913192,0.00632911392405063,8,1.36252051930554
"721","25",25,24,0,0,632,632,1,631,0.00315955766192733,0,1,6.45047042214418,0,0,8,0
"722","25",25,25,1,0,632,632,1,632,0.00157977883096367,0.693147180559945,1,6.45047042214418,0.107456841935187,0.00158227848101266,8,0.859654735481496
"723","25",25,26,0,0,632,632,1,632,0.00157977883096367,0,1,6.45047042214418,0,0,8,0
"724","25",25,27,0,0,632,632,1,632,0.00157977883096367,0,1,6.45047042214418,0,0,8,0
"725","25",25,28,0,0,632,632,1,632,0.00157977883096367,0,1,6.45047042214418,0,0,8,0
"726","26",26,0,0,0,632,632,1,0,1,0,1,6.45047042214418,0,0,8,0
"727","26",26,1,0,0,632,632,1,0,1,0,1,6.45047042214418,0,0,8,0
"728","26",26,2,0,0,632,632,1,0,1,0,1,6.45047042214418,0,0,8,0
"729","26",26,3,0,0,632,632,1,0,1,0,1,6.45047042214418,0,0,8,0
"730","26",26,4,0,0,632,632,1,0,1,0,1,6.45047042214418,0,0,8,0
"731","26",26,5,0,0,632,632,1,0,1,0,1,6.45047042214418,0,0,8,0
"732","26",26,6,4,0,632,632,1,4,0.993680884676145,0.00633916544373568,1,6.45047042214418,0.000982744672694507,0.00632911392405063,8,0.00786195738155606
"733","26",26,7,0,0,632,632,1,4,0.993680884676145,0,1,6.45047042214418,0,0,8,0
"734","26",26,8,0,0,632,632,1,4,0.993680884676145,0,1,6.45047042214418,0,0,8,0
"735","26",26,9,0,0,632,632,1,4,0.993680884676145,0,1,6.45047042214418,0,0,8,0
"736","26",26,10,0,0,632,632,1,4,0.993680884676145,0,1,6.45047042214418,0,0,8,0
"737","26",26,11,0,0,632,632,1,4,0.993680884676145,0,1,6.45047042214418,0,0,8,0
"738","26",26,12,354,0,632,632,1,358,0.434439178515008,0.827360159033869,1,6.45047042214418,0.128263538143447,0.560126582278481,8,1.02610830514758
"739","26",26,13,42,0,632,632,1,400,0.368088467614534,0.165732644100871,1,6.45047042214418,0.0256931096888559,0.0664556962025316,8,0.205544877510847
"740","26",26,14,0,0,632,632,1,400,0.368088467614534,0,1,6.45047042214418,0,0,8,0
"741","26",26,15,35,0,632,632,1,435,0.312796208530806,0.162771422871165,1,6.45047042214418,0.0252340391039355,0.055379746835443,8,0.201872312831484
"742","26",26,16,91,0,632,632,1,526,0.169036334913112,0.615438196232629,1,6.45047042214418,0.0954098160220776,0.143987341772152,8,0.763278528176621
"743","26",26,17,87,0,632,632,1,613,0.0315955766192733,1.67709656090792,1,6.45047042214418,0.259996008221434,0.137658227848101,8,2.07996806577147
"744","26",26,18,4,0,632,632,1,617,0.0252764612954186,0.22314355131421,1,6.45047042214418,0.0345933764068072,0.00632911392405063,8,0.276747011254457
"745","26",26,19,0,0,632,632,1,617,0.0252764612954186,0,1,6.45047042214418,0,0,8,0
"746","26",26,20,0,0,632,632,1,617,0.0252764612954186,0,1,6.45047042214418,0,0,8,0
"747","26",26,21,0,0,632,632,1,617,0.0252764612954186,0,1,6.45047042214418,0,0,8,0
"748","26",26,22,0,0,632,632,1,617,0.0252764612954186,0,1,6.45047042214418,0,0,8,0
"749","26",26,23,9,0,632,632,1,626,0.0110584518167457,0.826678573184468,1,6.45047042214418,0.128157873625235,0.0142405063291139,8,1.02526298900188
"750","26",26,24,0,0,632,632,1,626,0.0110584518167457,0,1,6.45047042214418,0,0,8,0
"751","26",26,25,0,0,632,632,1,626,0.0110584518167457,0,1,6.45047042214418,0,0,8,0
"752","26",26,26,6,0,632,632,1,632,0.00157977883096367,1.94591014905531,1,6.45047042214418,0.301669494115513,0.00949367088607595,8,2.4133559529241
"753","26",26,27,0,0,632,632,1,632,0.00157977883096367,0,1,6.45047042214418,0,0,8,0
"754","26",26,28,0,0,632,632,1,632,0.00157977883096367,0,1,6.45047042214418,0,0,8,0
"755","27",27,0,0,0,632,632,1,0,1,0,1,6.45047042214418,0,0,8,0
"756","27",27,1,0,0,632,632,1,0,1,0,1,6.45047042214418,0,0,8,0
"757","27",27,2,0,0,632,632,1,0,1,0,1,6.45047042214418,0,0,8,0
"758","27",27,3,0,0,632,632,1,0,1,0,1,6.45047042214418,0,0,8,0
"759","27",27,4,0,0,632,632,1,0,1,0,1,6.45047042214418,0,0,8,0
"760","27",27,5,0,0,632,632,1,0,1,0,1,6.45047042214418,0,0,8,0
"761","27",27,6,0,0,632,632,1,0,1,0,1,6.45047042214418,0,0,8,0
"762","27",27,7,0,0,632,632,1,0,1,0,1,6.45047042214418,0,0,8,0
"763","27",27,8,0,0,632,632,1,0,1,0,1,6.45047042214418,0,0,8,0
"764","27",27,9,0,0,632,632,1,0,1,0,1,6.45047042214418,0,0,8,0
"765","27",27,10,0,0,632,632,1,0,1,0,1,6.45047042214418,0,0,8,0
"766","27",27,11,0,0,632,632,1,0,1,0,1,6.45047042214418,0,0,8,0
"767","27",27,12,0,0,632,632,1,0,1,0,1,6.45047042214418,0,0,8,0
"768","27",27,13,0,0,632,632,1,0,1,0,1,6.45047042214418,0,0,8,0
"769","27",27,14,0,0,632,632,1,0,1,0,1,6.45047042214418,0,0,8,0
"770","27",27,15,3,0,632,632,1,3,0.995260663507109,0.0047506027585978,1,6.45047042214418,0.000736473845735218,0.00474683544303797,8,0.00589179076588175
"771","27",27,16,452,0,632,632,1,455,0.281200631911532,1.26393626909349,1,6.45047042214418,0.195944820513316,0.715189873417722,8,1.56755856410653
"772","27",27,17,166,0,632,632,1,621,0.018957345971564,2.69687690050408,1,6.45047042214418,0.418089956857383,0.262658227848101,8,3.34471965485907
"773","27",27,18,0,0,632,632,1,621,0.018957345971564,0,1,6.45047042214418,0,0,8,0
"774","27",27,19,0,0,632,632,1,621,0.018957345971564,0,1,6.45047042214418,0,0,8,0
"775","27",27,20,0,0,632,632,1,621,0.018957345971564,0,1,6.45047042214418,0,0,8,0
"776","27",27,21,0,0,632,632,1,621,0.018957345971564,0,1,6.45047042214418,0,0,8,0
"777","27",27,22,0,0,632,632,1,621,0.018957345971564,0,1,6.45047042214418,0,0,8,0
"778","27",27,23,0,0,632,632,1,621,0.018957345971564,0,1,6.45047042214418,0,0,8,0
"779","27",27,24,0,0,632,632,1,621,0.018957345971564,0,1,6.45047042214418,0,0,8,0
"780","27",27,25,5,0,632,632,1,626,0.0110584518167457,0.538996500732687,1,6.45047042214418,0.0835592546680528,0.00791139240506329,8,0.668474037344422
"781","27",27,26,5,0,632,632,1,631,0.00315955766192733,1.25276296849537,1,6.45047042214418,0.194212652180326,0.00791139240506329,8,1.55370121744261
"782","27",27,27,1,0,632,632,1,632,0.00157977883096367,0.693147180559945,1,6.45047042214418,0.107456841935187,0.00158227848101266,8,0.859654735481496
"783","27",27,28,0,0,632,632,1,632,0.00157977883096367,0,1,6.45047042214418,0,0,8,0
"784","28",28,0,0,0,632,632,1,0,1,0,1,6.45047042214418,0,0,8,0
"785","28",28,1,0,0,632,632,1,0,1,0,1,6.45047042214418,0,0,8,0
"786","28",28,2,0,0,632,632,1,0,1,0,1,6.45047042214418,0,0,8,0
"787","28",28,3,0,0,632,632,1,0,1,0,1,6.45047042214418,0,0,8,0
"788","28",28,4,0,0,632,632,1,0,1,0,1,6.45047042214418,0,0,8,0
"789","28",28,5,0,0,632,632,1,0,1,0,1,6.45047042214418,0,0,8,0
"790","28",28,6,0,0,632,632,1,0,1,0,1,6.45047042214418,0,0,8,0
"791","28",28,7,0,0,632,632,1,0,1,0,1,6.45047042214418,0,0,8,0
"792","28",28,8,0,0,632,632,1,0,1,0,1,6.45047042214418,0,0,8,0
"793","28",28,9,0,0,632,632,1,0,1,0,1,6.45047042214418,0,0,8,0
"794","28",28,10,0,0,632,632,1,0,1,0,1,6.45047042214418,0,0,8,0
"795","28",28,11,31,0,632,632,1,31,0.951026856240126,0.0502129768353552,1,6.45047042214418,0.00778438990480079,0.0490506329113924,8,0.0622751192384063
"796","28",28,12,13,0,632,632,1,44,0.930489731437599,0.0218312616572344,1,6.45047042214418,0.0033844448898314,0.0205696202531646,8,0.0270755591186512
"797","28",28,13,212,0,632,632,1,256,0.595576619273302,0.446180996203576,1,6.45047042214418,0.0691703034048271,0.335443037974684,8,0.553362427238617
"798","28",28,14,91,0,632,632,1,347,0.451816745655608,0.276253376628158,1,6.45047042214418,0.0428268573528828,0.143987341772152,8,0.342614858823062
"799","28",28,15,0,0,632,632,1,347,0.451816745655608,0,1,6.45047042214418,0,0,8,0
"800","28",28,16,147,0,632,632,1,494,0.219589257503949,0.721517877689161,1,6.45047042214418,0.111855078850098,0.232594936708861,8,0.894840630800783
"801","28",28,17,78,0,632,632,1,572,0.0963665086887836,0.823600068957381,1,6.45047042214418,0.127680620955954,0.123417721518987,8,1.02144496764763
"802","28",28,18,0,0,632,632,1,572,0.0963665086887836,0,1,6.45047042214418,0,0,8,0
"803","28",28,19,0,0,632,632,1,572,0.0963665086887836,0,1,6.45047042214418,0,0,8,0
"804","28",28,20,0,0,632,632,1,572,0.0963665086887836,0,1,6.45047042214418,0,0,8,0
"805","28",28,21,0,0,632,632,1,572,0.0963665086887836,0,1,6.45047042214418,0,0,8,0
"806","28",28,22,2,0,632,632,1,574,0.0932069510268562,0.0333364202675919,1,6.45047042214418,0.00516806032520504,0.00316455696202532,8,0.0413444826016403
"807","28",28,23,16,0,632,632,1,590,0.0679304897314376,0.316337328212157,1,6.45047042214418,0.0490409702719022,0.0253164556962025,8,0.392327762175217
"808","28",28,24,3,0,632,632,1,593,0.0631911532385466,0.0723206615796263,1,6.45047042214418,0.0112116879617574,0.00474683544303797,8,0.0896935036940595
"809","28",28,25,0,0,632,632,1,593,0.0631911532385466,0,1,6.45047042214418,0,0,8,0
"810","28",28,26,0,0,632,632,1,593,0.0631911532385466,0,1,6.45047042214418,0,0,8,0
"811","28",28,27,27,0,632,632,1,620,0.0205371248025276,1.1239300966524,1,6.45047042214418,0.174240020199767,0.0427215189873418,8,1.39392016159813
"812","28",28,28,12,0,632,632,1,632,0.00157977883096367,2.56494935746154,1,6.45047042214418,0.397637565882975,0.0189873417721519,8,3.1811005270638
"813","29",29,0,0,0,632,632,1,0,1,0,1,6.45047042214418,0,0,8,0
"814","29",29,1,0,0,632,632,1,0,1,0,1,6.45047042214418,0,0,8,0
"815","29",29,2,0,0,632,632,1,0,1,0,1,6.45047042214418,0,0,8,0
"816","29",29,3,0,0,632,632,1,0,1,0,1,6.45047042214418,0,0,8,0
"817","29",29,4,0,0,632,632,1,0,1,0,1,6.45047042214418,0,0,8,0
"818","29",29,5,0,0,632,632,1,0,1,0,1,6.45047042214418,0,0,8,0
"819","29",29,6,0,0,632,632,1,0,1,0,1,6.45047042214418,0,0,8,0
"820","29",29,7,99,0,632,632,1,99,0.843601895734597,0.170074583183981,1,6.45047042214418,0.0263662294458591,0.156645569620253,8,0.210929835566873
"821","29",29,8,59,0,632,632,1,158,0.750394944707741,0.117081034925554,1,6.45047042214418,0.0181507746355397,0.0933544303797468,8,0.145206197084318
"822","29",29,9,0,0,632,632,1,158,0.750394944707741,0,1,6.45047042214418,0,0,8,0
"823","29",29,10,0,0,632,632,1,158,0.750394944707741,0,1,6.45047042214418,0,0,8,0
"824","29",29,11,82,0,632,632,1,240,0.62085308056872,0.18950519216538,1,6.45047042214418,0.0293785072658914,0.129746835443038,8,0.235028058127131
"825","29",29,12,231,0,632,632,1,471,0.255924170616114,0.886213276636877,1,6.45047042214418,0.137387387064755,0.365506329113924,8,1.09909909651804
"826","29",29,13,93,0,632,632,1,564,0.109004739336493,0.853489830635125,1,6.45047042214418,0.132314354578719,0.147151898734177,8,1.05851483662975
"827","29",29,14,39,0,632,632,1,603,0.0473933649289099,0.832909122935104,1,6.45047042214418,0.129123779883676,0.0617088607594937,8,1.0329902390694
"828","29",29,15,17,0,632,632,1,620,0.0205371248025276,0.836248024200619,1,6.45047042214418,0.129641401242585,0.0268987341772152,8,1.03713120994068
"829","29",29,16,0,0,632,632,1,620,0.0205371248025276,0,1,6.45047042214418,0,0,8,0
"830","29",29,17,0,0,632,632,1,620,0.0205371248025276,0,1,6.45047042214418,0,0,8,0
"831","29",29,18,9,0,632,632,1,629,0.00631911532385466,1.17865499634165,1,6.45047042214418,0.182723882012601,0.0142405063291139,8,1.46179105610081
"832","29",29,19,0,0,632,632,1,629,0.00631911532385466,0,1,6.45047042214418,0,0,8,0
"833","29",29,20,0,0,632,632,1,629,0.00631911532385466,0,1,6.45047042214418,0,0,8,0
"834","29",29,21,0,0,632,632,1,629,0.00631911532385466,0,1,6.45047042214418,0,0,8,0
"835","29",29,22,0,0,632,632,1,629,0.00631911532385466,0,1,6.45047042214418,0,0,8,0
"836","29",29,23,0,0,632,632,1,629,0.00631911532385466,0,1,6.45047042214418,0,0,8,0
"837","29",29,24,2,0,632,632,1,631,0.00315955766192733,0.693147180559945,1,6.45047042214418,0.107456841935187,0.00316455696202532,8,0.859654735481496
"838","29",29,25,0,0,632,632,1,631,0.00315955766192733,0,1,6.45047042214418,0,0,8,0
"839","29",29,26,0,0,632,632,1,631,0.00315955766192733,0,1,6.45047042214418,0,0,8,0
"840","29",29,27,1,0,632,632,1,632,0.00157977883096367,0.693147180559945,1,6.45047042214418,0.107456841935187,0.00158227848101266,8,0.859654735481496
"841","29",29,28,0,0,632,632,1,632,0.00157977883096367,0,1,6.45047042214418,0,0,8,0
"842","30",30,0,0,0,632,632,1,0,1,0,1,6.45047042214418,0,0,8,0
"843","30",30,1,0,0,632,632,1,0,1,0,1,6.45047042214418,0,0,8,0
"844","30",30,2,0,0,632,632,1,0,1,0,1,6.45047042214418,0,0,8,0
"845","30",30,3,0,0,632,632,1,0,1,0,1,6.45047042214418,0,0,8,0
"846","30",30,4,0,0,632,632,1,0,1,0,1,6.45047042214418,0,0,8,0
"847","30",30,5,0,0,632,632,1,0,1,0,1,6.45047042214418,0,0,8,0
"848","30",30,6,0,0,632,632,1,0,1,0,1,6.45047042214418,0,0,8,0
"849","30",30,7,114,0,632,632,1,114,0.819905213270142,0.198566538978288,1,6.45047042214418,0.0307832647827696,0.180379746835443,8,0.246266118262156
"850","30",30,8,50,0,632,632,1,164,0.740916271721959,0.101301114719609,1,6.45047042214418,0.0157044537979505,0.0791139240506329,8,0.125635630383604
"851","30",30,9,29,0,632,632,1,193,0.695102685624013,0.0638280415339725,1,6.45047042214418,0.00989509870704216,0.0458860759493671,8,0.0791607896563373
"852","30",30,10,53,0,632,632,1,246,0.611374407582938,0.128350033882525,1,6.45047042214418,0.0198977788413548,0.0838607594936709,8,0.159182230730838
"853","30",30,11,4,0,632,632,1,250,0.605055292259084,0.0103897038491359,1,6.45047042214418,0.00161068932483877,0.00632911392405063,8,0.0128855145987102
"854","30",30,12,134,0,632,632,1,384,0.393364928909953,0.430582092715938,1,6.45047042214418,0.0667520451280219,0.212025316455696,8,0.534016361024175
"855","30",30,13,6,0,632,632,1,390,0.383886255924171,0.024391453124159,1,6.45047042214418,0.00378134485206293,0.00949367088607595,8,0.0302507588165034
"856","30",30,14,0,0,632,632,1,390,0.383886255924171,0,1,6.45047042214418,0,0,8,0
"857","30",30,15,0,0,632,632,1,390,0.383886255924171,0,1,6.45047042214418,0,0,8,0
"858","30",30,16,0,0,632,632,1,390,0.383886255924171,0,1,6.45047042214418,0,0,8,0
"859","30",30,17,1,0,632,632,1,391,0.382306477093207,0.00412371718386216,1,6.45047042214418,0.000639289371780641,0.00158227848101266,8,0.00511431497424513
"860","30",30,18,168,0,632,632,1,559,0.116903633491311,1.18487263295252,1,6.45047042214418,0.183687786379874,0.265822784810127,8,1.46950229103899
"861","30",30,19,4,0,632,632,1,563,0.110584518167457,0.0555698511548108,1,6.45047042214418,0.00861485248642362,0.00632911392405063,8,0.068918819891389
"862","30",30,20,10,0,632,632,1,573,0.0947867298578199,0.154150679827258,1,6.45047042214418,0.0238975872671342,0.0158227848101266,8,0.191180698137074
"863","30",30,21,10,0,632,632,1,583,0.0789889415481833,0.182321556793955,1,6.45047042214418,0.0282648465711978,0.0158227848101266,8,0.226118772569582
"864","30",30,22,6,0,632,632,1,589,0.0695102685624013,0.127833371509885,1,6.45047042214418,0.0198176819896792,0.00949367088607595,8,0.158541455917434
"865","30",30,23,3,0,632,632,1,592,0.0647709320695103,0.0706175672139534,1,6.45047042214418,0.0109476615800805,0.00474683544303797,8,0.087581292640644
"866","30",30,24,11,0,632,632,1,603,0.0473933649289099,0.312374685042152,1,6.45047042214418,0.0484266517942295,0.0174050632911392,8,0.387413214353836
"867","30",30,25,7,0,632,632,1,610,0.0363349131121643,0.265703165733006,1,6.45047042214418,0.0411912850295164,0.0110759493670886,8,0.329530280236131
"868","30",30,26,0,0,632,632,1,610,0.0363349131121643,0,1,6.45047042214418,0,0,8,0
"869","30",30,27,2,0,632,632,1,612,0.033175355450237,0.0909717782057266,1,6.45047042214418,0.0141031230673386,0.00316455696202532,8,0.112824984538708
"870","30",30,28,20,0,632,632,1,632,0.00157977883096367,3.04452243772342,1,6.45047042214418,0.471984559028705,0.0316455696202532,8,3.77587647222964
