"","xbin","zbin","vai"
"1",1,0,0
"2",1,1,0
"3",1,2,0
"4",1,3,0
"5",1,4,0
"6",1,5,1.03885676160023
"7",1,6,0.123358124828005
"8",1,7,0
"9",1,8,0
"10",1,9,0
"11",1,10,0.619443628213121
"12",1,11,0
"13",1,12,0.194086574439631
"14",1,13,1.22011064211498
"15",1,14,0.416701479913415
"16",1,15,1.95831454470283
"17",1,16,0
"18",1,17,0
"19",1,18,0
"20",1,19,0
"21",1,20,0
"22",1,21,0
"23",1,22,0
"24",1,23,0
"25",1,24,0
"26",1,25,2.42912824418778
"27",1,26,0
"28",1,27,0
"29",1,28,0
"30",1,29,0
"31",1,30,0
"32",1,31,0
"33",1,32,0
"34",1,33,0
"35",1,34,0
"36",1,35,0
"37",1,36,0
"38",1,37,0
"39",1,38,0
"40",1,39,0
"41",1,40,0
"42",1,41,0
"43",1,42,0
"44",1,43,0
"45",1,44,0
"46",1,45,0
"47",1,46,0
"48",1,47,0
"49",1,48,0
"50",1,49,0
"51",1,50,0
"52",1,51,0
"53",1,52,0
"54",1,53,0
"55",1,54,0
"56",1,55,0
"57",1,56,0
"58",1,57,0
"59",1,58,0
"60",1,59,0
"61",1,60,0
"62",1,61,0
"63",1,62,0
"64",1,63,0
"65",1,64,0
"66",1,65,0
"67",1,66,0
"68",1,67,0
"69",1,68,0
"70",1,69,0
"71",1,70,0
"72",1,71,0
"73",1,72,0
"74",1,73,0
"75",1,74,0
"76",1,75,0
"77",1,76,0
"78",1,77,0
"79",1,78,0
"80",1,79,0
"81",1,80,0
"82",1,81,0
"83",1,82,0
"84",1,83,0
"85",1,84,0
"86",1,85,0
"87",2,0,0
"88",2,1,0
"89",2,2,0
"90",2,3,0
"91",2,4,0
"92",2,5,1.52041469209291
"93",2,6,5.74834484309199
"94",2,7,0.731240464815102
"95",2,8,0
"96",2,9,0
"97",2,10,0
"98",2,11,0
"99",2,12,0
"100",2,13,0
"101",2,14,0
"102",2,15,0
"103",2,16,0
"104",2,17,0
"105",2,18,0
"106",2,19,0
"107",2,20,0
"108",2,21,0
"109",2,22,0
"110",2,23,0
"111",2,24,0
"112",2,25,0
"113",2,26,0
"114",2,27,0
"115",2,28,0
"116",2,29,0
"117",2,30,0
"118",2,31,0
"119",2,32,0
"120",2,33,0
"121",2,34,0
"122",2,35,0
"123",2,36,0
"124",2,37,0
"125",2,38,0
"126",2,39,0
"127",2,40,0
"128",2,41,0
"129",2,42,0
"130",2,43,0
"131",2,44,0
"132",2,45,0
"133",2,46,0
"134",2,47,0
"135",2,48,0
"136",2,49,0
"137",2,50,0
"138",2,51,0
"139",2,52,0
"140",2,53,0
"141",2,54,0
"142",2,55,0
"143",2,56,0
"144",2,57,0
"145",2,58,0
"146",2,59,0
"147",2,60,0
"148",2,61,0
"149",2,62,0
"150",2,63,0
"151",2,64,0
"152",2,65,0
"153",2,66,0
"154",2,67,0
"155",2,68,0
"156",2,69,0
"157",2,70,0
"158",2,71,0
"159",2,72,0
"160",2,73,0
"161",2,74,0
"162",2,75,0
"163",2,76,0
"164",2,77,0
"165",2,78,0
"166",2,79,0
"167",2,80,0
"168",2,81,0
"169",2,82,0
"170",2,83,0
"171",2,84,0
"172",2,85,0
"173",3,0,0
"174",3,1,0
"175",3,2,0
"176",3,3,0
"177",3,4,0
"178",3,5,0.107875008543367
"179",3,6,1.78074477888332
"180",3,7,2.3020171120582
"181",3,8,0
"182",3,9,0
"183",3,10,0
"184",3,11,3.80936310051511
"185",3,12,0
"186",3,13,0
"187",3,14,0
"188",3,15,0
"189",3,16,0
"190",3,17,0
"191",3,18,0
"192",3,19,0
"193",3,20,0
"194",3,21,0
"195",3,22,0
"196",3,23,0
"197",3,24,0
"198",3,25,0
"199",3,26,0
"200",3,27,0
"201",3,28,0
"202",3,29,0
"203",3,30,0
"204",3,31,0
"205",3,32,0
"206",3,33,0
"207",3,34,0
"208",3,35,0
"209",3,36,0
"210",3,37,0
"211",3,38,0
"212",3,39,0
"213",3,40,0
"214",3,41,0
"215",3,42,0
"216",3,43,0
"217",3,44,0
"218",3,45,0
"219",3,46,0
"220",3,47,0
"221",3,48,0
"222",3,49,0
"223",3,50,0
"224",3,51,0
"225",3,52,0
"226",3,53,0
"227",3,54,0
"228",3,55,0
"229",3,56,0
"230",3,57,0
"231",3,58,0
"232",3,59,0
"233",3,60,0
"234",3,61,0
"235",3,62,0
"236",3,63,0
"237",3,64,0
"238",3,65,0
"239",3,66,0
"240",3,67,0
"241",3,68,0
"242",3,69,0
"243",3,70,0
"244",3,71,0
"245",3,72,0
"246",3,73,0
"247",3,74,0
"248",3,75,0
"249",3,76,0
"250",3,77,0
"251",3,78,0
"252",3,79,0
"253",3,80,0
"254",3,81,0
"255",3,82,0
"256",3,83,0
"257",3,84,0
"258",3,85,0
"259",4,0,0
"260",4,1,0
"261",4,2,0
"262",4,3,0
"263",4,4,0
"264",4,5,0.46943621353548
"265",4,6,3.80556290439429
"266",4,7,0
"267",4,8,0.0062591495138064
"268",4,9,0.359901097043868
"269",4,10,0
"270",4,11,0
"271",4,12,0.131442139789934
"272",4,13,0
"273",4,14,0
"274",4,15,0
"275",4,16,0
"276",4,17,0
"277",4,18,0
"278",4,19,0
"279",4,20,0
"280",4,21,0
"281",4,22,0.128312565033031
"282",4,23,0
"283",4,24,0.388067269855997
"284",4,25,0.319216625204126
"285",4,26,0.212811083469417
"286",4,27,0.118923840762322
"287",4,28,0
"288",4,29,0
"289",4,30,0
"290",4,31,0
"291",4,32,0
"292",4,33,0
"293",4,34,0
"294",4,35,0
"295",4,36,0
"296",4,37,0
"297",4,38,0
"298",4,39,0
"299",4,40,0
"300",4,41,0
"301",4,42,0
"302",4,43,0
"303",4,44,0
"304",4,45,0
"305",4,46,0
"306",4,47,0
"307",4,48,0
"308",4,49,0
"309",4,50,0
"310",4,51,0
"311",4,52,0
"312",4,53,0
"313",4,54,0
"314",4,55,0
"315",4,56,0
"316",4,57,0
"317",4,58,0
"318",4,59,0
"319",4,60,0
"320",4,61,0
"321",4,62,0
"322",4,63,0
"323",4,64,0
"324",4,65,0
"325",4,66,0
"326",4,67,0
"327",4,68,0
"328",4,69,0
"329",4,70,0
"330",4,71,0
"331",4,72,0
"332",4,73,0
"333",4,74,0
"334",4,75,0
"335",4,76,0
"336",4,77,0
"337",4,78,0
"338",4,79,0
"339",4,80,0
"340",4,81,0
"341",4,82,0
"342",4,83,0
"343",4,84,0
"344",4,85,0
"345",5,0,0
"346",5,1,0
"347",5,2,0.176114009697398
"348",5,3,0
"349",5,4,0
"350",5,5,0
"351",5,6,0
"352",5,7,0
"353",5,8,0
"354",5,9,0
"355",5,10,0
"356",5,11,0
"357",5,12,0
"358",5,13,0
"359",5,14,0
"360",5,15,0
"361",5,16,0
"362",5,17,0
"363",5,18,0
"364",5,19,0
"365",5,20,0
"366",5,21,0
"367",5,22,0
"368",5,23,0.00111464563099619
"369",5,24,0.208438732996287
"370",5,25,0
"371",5,26,0.0300954320368971
"372",5,27,0.0278661407749047
"373",5,28,0
"374",5,29,0
"375",5,30,0
"376",5,31,0
"377",5,32,0
"378",5,33,0
"379",5,34,0
"380",5,35,0
"381",5,36,0
"382",5,37,0
"383",5,38,0
"384",5,39,0
"385",5,40,0
"386",5,41,0
"387",5,42,0
"388",5,43,0
"389",5,44,0
"390",5,45,0
"391",5,46,0
"392",5,47,0
"393",5,48,0
"394",5,49,0
"395",5,50,0
"396",5,51,0
"397",5,52,0
"398",5,53,0
"399",5,54,0
"400",5,55,0
"401",5,56,0
"402",5,57,0
"403",5,58,0
"404",5,59,0
"405",5,60,0
"406",5,61,0
"407",5,62,0
"408",5,63,0
"409",5,64,0
"410",5,65,0
"411",5,66,0
"412",5,67,0
"413",5,68,0
"414",5,69,0
"415",5,70,0
"416",5,71,0
"417",5,72,0
"418",5,73,0
"419",5,74,0
"420",5,75,0
"421",5,76,0
"422",5,77,0
"423",5,78,0
"424",5,79,0
"425",5,80,0
"426",5,81,0
"427",5,82,0
"428",5,83,0
"429",5,84,0
"430",5,85,0
"431",6,0,0
"432",6,1,0
"433",6,2,0.162181209268081
"434",6,3,0.00360402687262401
"435",6,4,0
"436",6,5,0
"437",6,6,0
"438",6,7,0
"439",6,8,0
"440",6,9,0.0756845643251043
"441",6,10,0
"442",6,11,0
"443",6,12,0
"444",6,13,0
"445",6,14,0
"446",6,15,0
"447",6,16,0
"448",6,17,0
"449",6,18,0
"450",6,19,0
"451",6,20,0
"452",6,21,0
"453",6,22,0
"454",6,23,0.073281879743355
"455",6,24,0.199422820285195
"456",6,25,0.00480536916349869
"457",6,26,0.0156174497813707
"458",6,27,0.162181209268081
"459",6,28,0.0600671145437336
"460",6,29,0
"461",6,30,0
"462",6,31,0
"463",6,32,0
"464",6,33,0
"465",6,34,0
"466",6,35,0
"467",6,36,0
"468",6,37,0
"469",6,38,0
"470",6,39,0
"471",6,40,0
"472",6,41,0
"473",6,42,0
"474",6,43,0
"475",6,44,0
"476",6,45,0
"477",6,46,0
"478",6,47,0
"479",6,48,0
"480",6,49,0
"481",6,50,0
"482",6,51,0
"483",6,52,0
"484",6,53,0
"485",6,54,0
"486",6,55,0
"487",6,56,0
"488",6,57,0
"489",6,58,0
"490",6,59,0
"491",6,60,0
"492",6,61,0
"493",6,62,0
"494",6,63,0
"495",6,64,0
"496",6,65,0
"497",6,66,0
"498",6,67,0
"499",6,68,0
"500",6,69,0
"501",6,70,0
"502",6,71,0
"503",6,72,0
"504",6,73,0
"505",6,74,0
"506",6,75,0
"507",6,76,0
"508",6,77,0
"509",6,78,0
"510",6,79,0
"511",6,80,0
"512",6,81,0
"513",6,82,0
"514",6,83,0
"515",6,84,0
"516",6,85,0
"517",7,0,0
"518",7,1,0
"519",7,2,0.60821317341642
"520",7,3,0.0031927200704274
"521",7,4,0
"522",7,5,0
"523",7,6,0
"524",7,7,0
"525",7,8,0
"526",7,9,0.312886566901885
"527",7,10,0.598635013205138
"528",7,11,0
"529",7,12,0
"530",7,13,0
"531",7,14,0
"532",7,15,0
"533",7,16,0
"534",7,17,0
"535",7,18,0
"536",7,19,0
"537",7,20,0
"538",7,21,0
"539",7,22,0
"540",7,23,0
"541",7,24,0.063854401408548
"542",7,25,0
"543",7,26,0.205930444542567
"544",7,27,0.191563204225644
"545",7,28,0.0606616813381206
"546",7,29,0
"547",7,30,0
"548",7,31,0
"549",7,32,0
"550",7,33,0
"551",7,34,0
"552",7,35,0
"553",7,36,0
"554",7,37,0
"555",7,38,0
"556",7,39,0
"557",7,40,0
"558",7,41,0
"559",7,42,0
"560",7,43,0
"561",7,44,0
"562",7,45,0
"563",7,46,0
"564",7,47,0
"565",7,48,0
"566",7,49,0
"567",7,50,0
"568",7,51,0
"569",7,52,0
"570",7,53,0
"571",7,54,0
"572",7,55,0
"573",7,56,0
"574",7,57,0
"575",7,58,0
"576",7,59,0
"577",7,60,0
"578",7,61,0
"579",7,62,0
"580",7,63,0
"581",7,64,0
"582",7,65,0
"583",7,66,0
"584",7,67,0
"585",7,68,0
"586",7,69,0
"587",7,70,0
"588",7,71,0
"589",7,72,0
"590",7,73,0
"591",7,74,0
"592",7,75,0
"593",7,76,0
"594",7,77,0
"595",7,78,0
"596",7,79,0
"597",7,80,0
"598",7,81,0
"599",7,82,0
"600",7,83,0
"601",7,84,0
"602",7,85,0
"603",8,0,0
"604",8,1,0
"605",8,2,0
"606",8,3,0
"607",8,4,0
"608",8,5,0
"609",8,6,0
"610",8,7,0
"611",8,8,0
"612",8,9,0.217230991311129
"613",8,10,4.23902142766857
"614",8,11,1.16761657829732
"615",8,12,0.00603419420308693
"616",8,13,0
"617",8,14,0
"618",8,15,0
"619",8,16,0
"620",8,17,0
"621",8,18,0
"622",8,19,0
"623",8,20,0
"624",8,21,0
"625",8,22,0
"626",8,23,0
"627",8,24,0
"628",8,25,0
"629",8,26,0.00905129130463039
"630",8,27,0.045256456523152
"631",8,28,0
"632",8,29,0
"633",8,30,0
"634",8,31,0
"635",8,32,0
"636",8,33,0
"637",8,34,0
"638",8,35,0
"639",8,36,0
"640",8,37,0
"641",8,38,0
"642",8,39,0
"643",8,40,0
"644",8,41,0
"645",8,42,0
"646",8,43,0
"647",8,44,0
"648",8,45,0
"649",8,46,0
"650",8,47,0
"651",8,48,0
"652",8,49,0
"653",8,50,0
"654",8,51,0
"655",8,52,0
"656",8,53,0
"657",8,54,0
"658",8,55,0
"659",8,56,0
"660",8,57,0
"661",8,58,0
"662",8,59,0
"663",8,60,0
"664",8,61,0
"665",8,62,0
"666",8,63,0
"667",8,64,0
"668",8,65,0
"669",8,66,0
"670",8,67,0
"671",8,68,0
"672",8,69,0
"673",8,70,0
"674",8,71,0
"675",8,72,0
"676",8,73,0
"677",8,74,0
"678",8,75,0
"679",8,76,0
"680",8,77,0
"681",8,78,0
"682",8,79,0
"683",8,80,0
"684",8,81,0
"685",8,82,0
"686",8,83,0
"687",8,84,0
"688",8,85,0
"689",9,0,0
"690",9,1,0
"691",9,2,0
"692",9,3,0
"693",9,4,0
"694",9,5,0
"695",9,6,0
"696",9,7,0
"697",9,8,0
"698",9,9,0.121642018565762
"699",9,10,0.462038902647794
"700",9,11,1.7456315371156
"701",9,12,2.40977069204734
"702",9,13,0
"703",9,14,3.2609168496235
"704",9,15,0
"705",9,16,0
"706",9,17,0
"707",9,18,0
"708",9,19,0
"709",9,20,0
"710",9,21,0
"711",9,22,0
"712",9,23,0
"713",9,24,0
"714",9,25,0
"715",9,26,0
"716",9,27,0
"717",9,28,0
"718",9,29,0
"719",9,30,0
"720",9,31,0
"721",9,32,0
"722",9,33,0
"723",9,34,0
"724",9,35,0
"725",9,36,0
"726",9,37,0
"727",9,38,0
"728",9,39,0
"729",9,40,0
"730",9,41,0
"731",9,42,0
"732",9,43,0
"733",9,44,0
"734",9,45,0
"735",9,46,0
"736",9,47,0
"737",9,48,0
"738",9,49,0
"739",9,50,0
"740",9,51,0
"741",9,52,0
"742",9,53,0
"743",9,54,0
"744",9,55,0
"745",9,56,0
"746",9,57,0
"747",9,58,0
"748",9,59,0
"749",9,60,0
"750",9,61,0
"751",9,62,0
"752",9,63,0
"753",9,64,0
"754",9,65,0
"755",9,66,0
"756",9,67,0
"757",9,68,0
"758",9,69,0
"759",9,70,0
"760",9,71,0
"761",9,72,0
"762",9,73,0
"763",9,74,0
"764",9,75,0
"765",9,76,0
"766",9,77,0
"767",9,78,0
"768",9,79,0
"769",9,80,0
"770",9,81,0
"771",9,82,0
"772",9,83,0
"773",9,84,0
"774",9,85,0
"775",10,0,0
"776",10,1,0.0540027670287758
"777",10,2,0.0617015010717739
"778",10,3,0
"779",10,4,0
"780",10,5,0
"781",10,6,0
"782",10,7,0
"783",10,8,0.00240051938012843
"784",10,9,0.0612230073378747
"785",10,10,0.0108799707371104
"786",10,11,0.156432850299131
"787",10,12,6.19078027698324
"788",10,13,1.46257910716197
"789",10,14,0
"790",10,15,0
"791",10,16,0
"792",10,17,0
"793",10,18,0
"794",10,19,0
"795",10,20,0
"796",10,21,0
"797",10,22,0
"798",10,23,0
"799",10,24,0
"800",10,25,0
"801",10,26,0
"802",10,27,0
"803",10,28,0
"804",10,29,0
"805",10,30,0
"806",10,31,0
"807",10,32,0
"808",10,33,0
"809",10,34,0
"810",10,35,0
"811",10,36,0
"812",10,37,0
"813",10,38,0
"814",10,39,0
"815",10,40,0
"816",10,41,0
"817",10,42,0
"818",10,43,0
"819",10,44,0
"820",10,45,0
"821",10,46,0
"822",10,47,0
"823",10,48,0
"824",10,49,0
"825",10,50,0
"826",10,51,0
"827",10,52,0
"828",10,53,0
"829",10,54,0
"830",10,55,0
"831",10,56,0
"832",10,57,0
"833",10,58,0
"834",10,59,0
"835",10,60,0
"836",10,61,0
"837",10,62,0
"838",10,63,0
"839",10,64,0
"840",10,65,0
"841",10,66,0
"842",10,67,0
"843",10,68,0
"844",10,69,0
"845",10,70,0
"846",10,71,0
"847",10,72,0
"848",10,73,0
"849",10,74,0
"850",10,75,0
"851",10,76,0
"852",10,77,0
"853",10,78,0
"854",10,79,0
"855",10,80,0
"856",10,81,0
"857",10,82,0
"858",10,83,0
"859",10,84,0
"860",10,85,0
"861",11,0,0
"862",11,1,0
"863",11,2,1.35288750456722
"864",11,3,0
"865",11,4,0
"866",11,5,0
"867",11,6,0
"868",11,7,0
"869",11,8,0.0154879086961718
"870",11,9,0.18657895714385
"871",11,10,0
"872",11,11,0
"873",11,12,6.44504562959276
"874",11,13,0
"875",11,14,0
"876",11,15,0
"877",11,16,0
"878",11,17,0
"879",11,18,0
"880",11,19,0
"881",11,20,0
"882",11,21,0
"883",11,22,0
"884",11,23,0
"885",11,24,0
"886",11,25,0
"887",11,26,0
"888",11,27,0
"889",11,28,0
"890",11,29,0
"891",11,30,0
"892",11,31,0
"893",11,32,0
"894",11,33,0
"895",11,34,0
"896",11,35,0
"897",11,36,0
"898",11,37,0
"899",11,38,0
"900",11,39,0
"901",11,40,0
"902",11,41,0
"903",11,42,0
"904",11,43,0
"905",11,44,0
"906",11,45,0
"907",11,46,0
"908",11,47,0
"909",11,48,0
"910",11,49,0
"911",11,50,0
"912",11,51,0
"913",11,52,0
"914",11,53,0
"915",11,54,0
"916",11,55,0
"917",11,56,0
"918",11,57,0
"919",11,58,0
"920",11,59,0
"921",11,60,0
"922",11,61,0
"923",11,62,0
"924",11,63,0
"925",11,64,0
"926",11,65,0
"927",11,66,0
"928",11,67,0
"929",11,68,0
"930",11,69,0
"931",11,70,0
"932",11,71,0
"933",11,72,0
"934",11,73,0
"935",11,74,0
"936",11,75,0
"937",11,76,0
"938",11,77,0
"939",11,78,0
"940",11,79,0
"941",11,80,0
"942",11,81,0
"943",11,82,0
"944",11,83,0
"945",11,84,0
"946",11,85,0
"947",12,0,0
"948",12,1,0
"949",12,2,0.127347533557289
"950",12,3,0
"951",12,4,0
"952",12,5,0
"953",12,6,0
"954",12,7,0
"955",12,8,0.0152017487141992
"956",12,9,0.0848377704265677
"957",12,10,0.848374907651082
"958",12,11,0
"959",12,12,0.0848277654381454
"960",12,13,0.236760869398386
"961",12,14,0.627349864949568
"962",12,15,3.2492526336335
"963",12,16,0.444812244209369
"964",12,17,1.07601086380523
"965",12,18,0
"966",12,19,0
"967",12,20,0
"968",12,21,0
"969",12,22,0
"970",12,23,0
"971",12,24,0
"972",12,25,0
"973",12,26,0
"974",12,27,0
"975",12,28,0
"976",12,29,0
"977",12,30,0
"978",12,31,0
"979",12,32,0
"980",12,33,0
"981",12,34,0
"982",12,35,0
"983",12,36,0
"984",12,37,0
"985",12,38,0
"986",12,39,0
"987",12,40,0
"988",12,41,0
"989",12,42,0
"990",12,43,0
"991",12,44,0
"992",12,45,0
"993",12,46,0
"994",12,47,0
"995",12,48,0
"996",12,49,0
"997",12,50,0
"998",12,51,0
"999",12,52,0
"1000",12,53,0
"1001",12,54,0
"1002",12,55,0
"1003",12,56,0
"1004",12,57,0
"1005",12,58,0
"1006",12,59,0
"1007",12,60,0
"1008",12,61,0
"1009",12,62,0
"1010",12,63,0
"1011",12,64,0
"1012",12,65,0
"1013",12,66,0
"1014",12,67,0
"1015",12,68,0
"1016",12,69,0
"1017",12,70,0
"1018",12,71,0
"1019",12,72,0
"1020",12,73,0
"1021",12,74,0
"1022",12,75,0
"1023",12,76,0
"1024",12,77,0.444812244209369
"1025",12,78,0
"1026",12,79,0
"1027",12,80,0
"1028",12,81,0
"1029",12,82,0
"1030",12,83,0
"1031",12,84,0
"1032",12,85,0.760411554007297
"1033",13,0,0
"1034",13,1,0
"1035",13,2,0
"1036",13,3,0
"1037",13,4,0
"1038",13,5,0
"1039",13,6,0
"1040",13,7,0
"1041",13,8,0
"1042",13,9,0.0105134425497892
"1043",13,10,1.07460324979798
"1044",13,11,0
"1045",13,12,0
"1046",13,13,0.0284988602403693
"1047",13,14,0.0250309966478842
"1048",13,15,4.57990574447914
"1049",13,16,2.28144770628484
"1050",13,17,0
"1051",13,18,0
"1052",13,19,0
"1053",13,20,0
"1054",13,21,0
"1055",13,22,0
"1056",13,23,0
"1057",13,24,0
"1058",13,25,0
"1059",13,26,0
"1060",13,27,0
"1061",13,28,0
"1062",13,29,0
"1063",13,30,0
"1064",13,31,0
"1065",13,32,0
"1066",13,33,0
"1067",13,34,0
"1068",13,35,0
"1069",13,36,0
"1070",13,37,0
"1071",13,38,0
"1072",13,39,0
"1073",13,40,0
"1074",13,41,0
"1075",13,42,0
"1076",13,43,0
"1077",13,44,0
"1078",13,45,0
"1079",13,46,0
"1080",13,47,0
"1081",13,48,0
"1082",13,49,0
"1083",13,50,0
"1084",13,51,0
"1085",13,52,0
"1086",13,53,0
"1087",13,54,0
"1088",13,55,0
"1089",13,56,0
"1090",13,57,0
"1091",13,58,0
"1092",13,59,0
"1093",13,60,0
"1094",13,61,0
"1095",13,62,0
"1096",13,63,0
"1097",13,64,0
"1098",13,65,0
"1099",13,66,0
"1100",13,67,0
"1101",13,68,0
"1102",13,69,0
"1103",13,70,0
"1104",13,71,0
"1105",13,72,0
"1106",13,73,0
"1107",13,74,0
"1108",13,75,0
"1109",13,76,0
"1110",13,77,0
"1111",13,78,0
"1112",13,79,0
"1113",13,80,0
"1114",13,81,0
"1115",13,82,0
"1116",13,83,0
"1117",13,84,0
"1118",13,85,0
"1119",14,0,0
"1120",14,1,0
"1121",14,2,0
"1122",14,3,0
"1123",14,4,0.127347533557289
"1124",14,5,0.0203161727932652
"1125",14,6,0
"1126",14,7,0
"1127",14,8,0
"1128",14,9,0.0103009393263031
"1129",14,10,0.245444874471803
"1130",14,11,0.108774300911057
"1131",14,12,0.17109680216872
"1132",14,13,0.0111944030318086
"1133",14,14,0.0127317712716046
"1134",14,15,2.78299200720286
"1135",14,16,0
"1136",14,17,1.78375428903403
"1137",14,18,0
"1138",14,19,0
"1139",14,20,0
"1140",14,21,0
"1141",14,22,0
"1142",14,23,0
"1143",14,24,0
"1144",14,25,0
"1145",14,26,0
"1146",14,27,2.72604690623126
"1147",14,28,0
"1148",14,29,0
"1149",14,30,0
"1150",14,31,0
"1151",14,32,0
"1152",14,33,0
"1153",14,34,0
"1154",14,35,0
"1155",14,36,0
"1156",14,37,0
"1157",14,38,0
"1158",14,39,0
"1159",14,40,0
"1160",14,41,0
"1161",14,42,0
"1162",14,43,0
"1163",14,44,0
"1164",14,45,0
"1165",14,46,0
"1166",14,47,0
"1167",14,48,0
"1168",14,49,0
"1169",14,50,0
"1170",14,51,0
"1171",14,52,0
"1172",14,53,0
"1173",14,54,0
"1174",14,55,0
"1175",14,56,0
"1176",14,57,0
"1177",14,58,0
"1178",14,59,0
"1179",14,60,0
"1180",14,61,0
"1181",14,62,0
"1182",14,63,0
"1183",14,64,0
"1184",14,65,0
"1185",14,66,0
"1186",14,67,0
"1187",14,68,0
"1188",14,69,0
"1189",14,70,0
"1190",14,71,0
"1191",14,72,0
"1192",14,73,0
"1193",14,74,0
"1194",14,75,0
"1195",14,76,0
"1196",14,77,0
"1197",14,78,0
"1198",14,79,0
"1199",14,80,0
"1200",14,81,0
"1201",14,82,0
"1202",14,83,0
"1203",14,84,0
"1204",14,85,0
"1205",15,0,0
"1206",15,1,0
"1207",15,2,0.296597095356547
"1208",15,3,1.29278937884668
"1209",15,4,0.164350358036805
"1210",15,5,0
"1211",15,6,0
"1212",15,7,0
"1213",15,8,0
"1214",15,9,0
"1215",15,10,0
"1216",15,11,0.832938123763908
"1217",15,12,3.89250193598146
"1218",15,13,0
"1219",15,14,0
"1220",15,15,0
"1221",15,16,0.315599309797928
"1222",15,17,0
"1223",15,18,1.20522379821667
"1224",15,19,0
"1225",15,20,0
"1226",15,21,0
"1227",15,22,0
"1228",15,23,0
"1229",15,24,0
"1230",15,25,0
"1231",15,26,0
"1232",15,27,0
"1233",15,28,0
"1234",15,29,0
"1235",15,30,0
"1236",15,31,0
"1237",15,32,0
"1238",15,33,0
"1239",15,34,0
"1240",15,35,0
"1241",15,36,0
"1242",15,37,0
"1243",15,38,0
"1244",15,39,0
"1245",15,40,0
"1246",15,41,0
"1247",15,42,0
"1248",15,43,0
"1249",15,44,0
"1250",15,45,0
"1251",15,46,0
"1252",15,47,0
"1253",15,48,0
"1254",15,49,0
"1255",15,50,0
"1256",15,51,0
"1257",15,52,0
"1258",15,53,0
"1259",15,54,0
"1260",15,55,0
"1261",15,56,0
"1262",15,57,0
"1263",15,58,0
"1264",15,59,0
"1265",15,60,0
"1266",15,61,0
"1267",15,62,0
"1268",15,63,0
"1269",15,64,0
"1270",15,65,0
"1271",15,66,0
"1272",15,67,0
"1273",15,68,0
"1274",15,69,0
"1275",15,70,0
"1276",15,71,0
"1277",15,72,0
"1278",15,73,0
"1279",15,74,0
"1280",15,75,0
"1281",15,76,0
"1282",15,77,0
"1283",15,78,0
"1284",15,79,0
"1285",15,80,0
"1286",15,81,0
"1287",15,82,0
"1288",15,83,0
"1289",15,84,0
"1290",15,85,0
"1291",16,0,0
"1292",16,1,0.036473533721819
"1293",16,2,1.6348452116288
"1294",16,3,1.04901998996423
"1295",16,4,0
"1296",16,5,0
"1297",16,6,0
"1298",16,7,0.238151113010198
"1299",16,8,1.4669076805139
"1300",16,9,0
"1301",16,10,3.57460247116105
"1302",16,11,0
"1303",16,12,0
"1304",16,13,0
"1305",16,14,0
"1306",16,15,0
"1307",16,16,0
"1308",16,17,0
"1309",16,18,0
"1310",16,19,0
"1311",16,20,0
"1312",16,21,0
"1313",16,22,0
"1314",16,23,0
"1315",16,24,0
"1316",16,25,0
"1317",16,26,0
"1318",16,27,0
"1319",16,28,0
"1320",16,29,0
"1321",16,30,0
"1322",16,31,0
"1323",16,32,0
"1324",16,33,0
"1325",16,34,0
"1326",16,35,0
"1327",16,36,0
"1328",16,37,0
"1329",16,38,0
"1330",16,39,0
"1331",16,40,0
"1332",16,41,0
"1333",16,42,0
"1334",16,43,0
"1335",16,44,0
"1336",16,45,0
"1337",16,46,0
"1338",16,47,0
"1339",16,48,0
"1340",16,49,0
"1341",16,50,0
"1342",16,51,0
"1343",16,52,0
"1344",16,53,0
"1345",16,54,0
"1346",16,55,0
"1347",16,56,0
"1348",16,57,0
"1349",16,58,0
"1350",16,59,0
"1351",16,60,0
"1352",16,61,0
"1353",16,62,0
"1354",16,63,0
"1355",16,64,0
"1356",16,65,0
"1357",16,66,0
"1358",16,67,0
"1359",16,68,0
"1360",16,69,0
"1361",16,70,0
"1362",16,71,0
"1363",16,72,0
"1364",16,73,0
"1365",16,74,0
"1366",16,75,0
"1367",16,76,0
"1368",16,77,0
"1369",16,78,0
"1370",16,79,0
"1371",16,80,0
"1372",16,81,0
"1373",16,82,0
"1374",16,83,0
"1375",16,84,0
"1376",16,85,0
"1377",17,0,0
"1378",17,1,0
"1379",17,2,0.44406570319519
"1380",17,3,0.253225863708442
"1381",17,4,0.390481921958416
"1382",17,5,0.285813535048334
"1383",17,6,0
"1384",17,7,0.059023827004341
"1385",17,8,0.82864340491306
"1386",17,9,0
"1387",17,10,0.814523222594055
"1388",17,11,4.92422252157816
"1389",17,12,0
"1390",17,13,0
"1391",17,14,0
"1392",17,15,0
"1393",17,16,0
"1394",17,17,0
"1395",17,18,0
"1396",17,19,0
"1397",17,20,0
"1398",17,21,0
"1399",17,22,0
"1400",17,23,0
"1401",17,24,0
"1402",17,25,0
"1403",17,26,0
"1404",17,27,0
"1405",17,28,0
"1406",17,29,0
"1407",17,30,0
"1408",17,31,0
"1409",17,32,0
"1410",17,33,0
"1411",17,34,0
"1412",17,35,0
"1413",17,36,0
"1414",17,37,0
"1415",17,38,0
"1416",17,39,0
"1417",17,40,0
"1418",17,41,0
"1419",17,42,0
"1420",17,43,0
"1421",17,44,0
"1422",17,45,0
"1423",17,46,0
"1424",17,47,0
"1425",17,48,0
"1426",17,49,0
"1427",17,50,0
"1428",17,51,0
"1429",17,52,0
"1430",17,53,0
"1431",17,54,0
"1432",17,55,0
"1433",17,56,0
"1434",17,57,0
"1435",17,58,0
"1436",17,59,0
"1437",17,60,0
"1438",17,61,0
"1439",17,62,0
"1440",17,63,0
"1441",17,64,0
"1442",17,65,0
"1443",17,66,0
"1444",17,67,0
"1445",17,68,0
"1446",17,69,0
"1447",17,70,0
"1448",17,71,0
"1449",17,72,0
"1450",17,73,0
"1451",17,74,0
"1452",17,75,0
"1453",17,76,0
"1454",17,77,0
"1455",17,78,0
"1456",17,79,0
"1457",17,80,0
"1458",17,81,0
"1459",17,82,0
"1460",17,83,0
"1461",17,84,0
"1462",17,85,0
"1463",18,0,0
"1464",18,1,0
"1465",18,2,0.215689633463493
"1466",18,3,0.272224834066709
"1467",18,4,0
"1468",18,5,0.0367527366771192
"1469",18,6,0.0930553871363025
"1470",18,7,2.11157247477453
"1471",18,8,0
"1472",18,9,1.6147953138067
"1473",18,10,3.65590962007515
"1474",18,11,0
"1475",18,12,0
"1476",18,13,0
"1477",18,14,0
"1478",18,15,0
"1479",18,16,0
"1480",18,17,0
"1481",18,18,0
"1482",18,19,0
"1483",18,20,0
"1484",18,21,0
"1485",18,22,0
"1486",18,23,0
"1487",18,24,0
"1488",18,25,0
"1489",18,26,0
"1490",18,27,0
"1491",18,28,0
"1492",18,29,0
"1493",18,30,0
"1494",18,31,0
"1495",18,32,0
"1496",18,33,0
"1497",18,34,0
"1498",18,35,0
"1499",18,36,0
"1500",18,37,0
"1501",18,38,0
"1502",18,39,0
"1503",18,40,0
"1504",18,41,0
"1505",18,42,0
"1506",18,43,0
"1507",18,44,0
"1508",18,45,0
"1509",18,46,0
"1510",18,47,0
"1511",18,48,0
"1512",18,49,0
"1513",18,50,0
"1514",18,51,0
"1515",18,52,0
"1516",18,53,0
"1517",18,54,0
"1518",18,55,0
"1519",18,56,0
"1520",18,57,0
"1521",18,58,0
"1522",18,59,0
"1523",18,60,0
"1524",18,61,0
"1525",18,62,0
"1526",18,63,0
"1527",18,64,0
"1528",18,65,0
"1529",18,66,0
"1530",18,67,0
"1531",18,68,0
"1532",18,69,0
"1533",18,70,0
"1534",18,71,0
"1535",18,72,0
"1536",18,73,0
"1537",18,74,0
"1538",18,75,0
"1539",18,76,0
"1540",18,77,0
"1541",18,78,0
"1542",18,79,0
"1543",18,80,0
"1544",18,81,0
"1545",18,82,0
"1546",18,83,0
"1547",18,84,0
"1548",18,85,0
"1549",19,0,0
"1550",19,1,0
"1551",19,2,0.593758290832176
"1552",19,3,1.06452340828657
"1553",19,4,0
"1554",19,5,0
"1555",19,6,0.00339116801101592
"1556",19,7,2.34774241705496
"1557",19,8,0.188526945778802
"1558",19,9,0
"1559",19,10,3.80205777003649
"1560",19,11,0
"1561",19,12,0
"1562",19,13,0
"1563",19,14,0
"1564",19,15,0
"1565",19,16,0
"1566",19,17,0
"1567",19,18,0
"1568",19,19,0
"1569",19,20,0
"1570",19,21,0
"1571",19,22,0
"1572",19,23,0
"1573",19,24,0
"1574",19,25,0
"1575",19,26,0
"1576",19,27,0
"1577",19,28,0
"1578",19,29,0
"1579",19,30,0
"1580",19,31,0
"1581",19,32,0
"1582",19,33,0
"1583",19,34,0
"1584",19,35,0
"1585",19,36,0
"1586",19,37,0
"1587",19,38,0
"1588",19,39,0
"1589",19,40,0
"1590",19,41,0
"1591",19,42,0
"1592",19,43,0
"1593",19,44,0
"1594",19,45,0
"1595",19,46,0
"1596",19,47,0
"1597",19,48,0
"1598",19,49,0
"1599",19,50,0
"1600",19,51,0
"1601",19,52,0
"1602",19,53,0
"1603",19,54,0
"1604",19,55,0
"1605",19,56,0
"1606",19,57,0
"1607",19,58,0
"1608",19,59,0
"1609",19,60,0
"1610",19,61,0
"1611",19,62,0
"1612",19,63,0
"1613",19,64,0
"1614",19,65,0
"1615",19,66,0
"1616",19,67,0
"1617",19,68,0
"1618",19,69,0
"1619",19,70,0
"1620",19,71,0
"1621",19,72,0
"1622",19,73,0
"1623",19,74,0
"1624",19,75,0
"1625",19,76,0
"1626",19,77,0
"1627",19,78,0
"1628",19,79,0
"1629",19,80,0
"1630",19,81,0
"1631",19,82,0
"1632",19,83,0
"1633",19,84,0
"1634",19,85,0
"1635",20,0,0
"1636",20,1,0
"1637",20,2,0.140115793908361
"1638",20,3,0.129649675270595
"1639",20,4,0.000956117211389748
"1640",20,5,0
"1641",20,6,0.00191473771221934
"1642",20,7,1.03689543962095
"1643",20,8,0.0582243228236199
"1644",20,9,0.0343298225759361
"1645",20,10,0.351067585262723
"1646",20,11,0.0414065906567144
"1647",20,12,0
"1648",20,13,0
"1649",20,14,0.686322965847278
"1650",20,15,5.51911694911021
"1651",20,16,0
"1652",20,17,0
"1653",20,18,0
"1654",20,19,0
"1655",20,20,0
"1656",20,21,0
"1657",20,22,0
"1658",20,23,0
"1659",20,24,0
"1660",20,25,0
"1661",20,26,0
"1662",20,27,0
"1663",20,28,0
"1664",20,29,0
"1665",20,30,0
"1666",20,31,0
"1667",20,32,0
"1668",20,33,0
"1669",20,34,0
"1670",20,35,0
"1671",20,36,0
"1672",20,37,0
"1673",20,38,0
"1674",20,39,0
"1675",20,40,0
"1676",20,41,0
"1677",20,42,0
"1678",20,43,0
"1679",20,44,0
"1680",20,45,0
"1681",20,46,0
"1682",20,47,0
"1683",20,48,0
"1684",20,49,0
"1685",20,50,0
"1686",20,51,0
"1687",20,52,0
"1688",20,53,0
"1689",20,54,0
"1690",20,55,0
"1691",20,56,0
"1692",20,57,0
"1693",20,58,0
"1694",20,59,0
"1695",20,60,0
"1696",20,61,0
"1697",20,62,0
"1698",20,63,0
"1699",20,64,0
"1700",20,65,0
"1701",20,66,0
"1702",20,67,0
"1703",20,68,0
"1704",20,69,0
"1705",20,70,0
"1706",20,71,0
"1707",20,72,0
"1708",20,73,0
"1709",20,74,0
"1710",20,75,0
"1711",20,76,0
"1712",20,77,0
"1713",20,78,0
"1714",20,79,0
"1715",20,80,0
"1716",20,81,0
"1717",20,82,0
"1718",20,83,0
"1719",20,84,0
"1720",20,85,0
"1721",21,0,0
"1722",21,1,0
"1723",21,2,0.00535665167743554
"1724",21,3,0.0156275000935876
"1725",21,4,0.102224240692766
"1726",21,5,0
"1727",21,6,0
"1728",21,7,0
"1729",21,8,0
"1730",21,9,0
"1731",21,10,0
"1732",21,11,0
"1733",21,12,0
"1734",21,13,0.0222185001907412
"1735",21,14,0.490475411973514
"1736",21,15,0.11234839605432
"1737",21,16,1.01091325728575
"1738",21,17,1.72109924218293
"1739",21,18,0.322672558900234
"1740",21,19,0.40187452327443
"1741",21,20,0.90445606785453
"1742",21,21,0.0736470893796009
"1743",21,22,0
"1744",21,23,2.81708656044016
"1745",21,24,0
"1746",21,25,0
"1747",21,26,0
"1748",21,27,0
"1749",21,28,0
"1750",21,29,0
"1751",21,30,0
"1752",21,31,0
"1753",21,32,0
"1754",21,33,0
"1755",21,34,0
"1756",21,35,0
"1757",21,36,0
"1758",21,37,0
"1759",21,38,0
"1760",21,39,0
"1761",21,40,0
"1762",21,41,0
"1763",21,42,0
"1764",21,43,0
"1765",21,44,0
"1766",21,45,0
"1767",21,46,0
"1768",21,47,0
"1769",21,48,0
"1770",21,49,0
"1771",21,50,0
"1772",21,51,0
"1773",21,52,0
"1774",21,53,0
"1775",21,54,0
"1776",21,55,0
"1777",21,56,0
"1778",21,57,0
"1779",21,58,0
"1780",21,59,0
"1781",21,60,0
"1782",21,61,0
"1783",21,62,0
"1784",21,63,0
"1785",21,64,0
"1786",21,65,0
"1787",21,66,0
"1788",21,67,0
"1789",21,68,0
"1790",21,69,0
"1791",21,70,0
"1792",21,71,0
"1793",21,72,0
"1794",21,73,0
"1795",21,74,0
"1796",21,75,0
"1797",21,76,0
"1798",21,77,0
"1799",21,78,0
"1800",21,79,0
"1801",21,80,0
"1802",21,81,0
"1803",21,82,0
"1804",21,83,0
"1805",21,84,0
"1806",21,85,0
"1807",22,0,0
"1808",22,1,0
"1809",22,2,0
"1810",22,3,0
"1811",22,4,0
"1812",22,5,0
"1813",22,6,0
"1814",22,7,0
"1815",22,8,0
"1816",22,9,0
"1817",22,10,0
"1818",22,11,0
"1819",22,12,0
"1820",22,13,0.0325506913136421
"1821",22,14,0
"1822",22,15,0
"1823",22,16,0.920904149868226
"1824",22,17,1.75640096863127
"1825",22,18,0.253338203969297
"1826",22,19,1.78690188371004
"1827",22,20,3.24990410250752
"1828",22,21,0
"1829",22,22,0
"1830",22,23,0
"1831",22,24,0
"1832",22,25,0
"1833",22,26,0
"1834",22,27,0
"1835",22,28,0
"1836",22,29,0
"1837",22,30,0
"1838",22,31,0
"1839",22,32,0
"1840",22,33,0
"1841",22,34,0
"1842",22,35,0
"1843",22,36,0
"1844",22,37,0
"1845",22,38,0
"1846",22,39,0
"1847",22,40,0
"1848",22,41,0
"1849",22,42,0
"1850",22,43,0
"1851",22,44,0
"1852",22,45,0
"1853",22,46,0
"1854",22,47,0
"1855",22,48,0
"1856",22,49,0
"1857",22,50,0
"1858",22,51,0
"1859",22,52,0
"1860",22,53,0
"1861",22,54,0
"1862",22,55,0
"1863",22,56,0
"1864",22,57,0
"1865",22,58,0
"1866",22,59,0
"1867",22,60,0
"1868",22,61,0
"1869",22,62,0
"1870",22,63,0
"1871",22,64,0
"1872",22,65,0
"1873",22,66,0
"1874",22,67,0
"1875",22,68,0
"1876",22,69,0
"1877",22,70,0
"1878",22,71,0
"1879",22,72,0
"1880",22,73,0
"1881",22,74,0
"1882",22,75,0
"1883",22,76,0
"1884",22,77,0
"1885",22,78,0
"1886",22,79,0
"1887",22,80,0
"1888",22,81,0
"1889",22,82,0
"1890",22,83,0
"1891",22,84,0
"1892",22,85,0
"1893",23,0,0
"1894",23,1,0.113400159965675
"1895",23,2,0.00972001371134358
"1896",23,3,0
"1897",23,4,0
"1898",23,5,0
"1899",23,6,0
"1900",23,7,0
"1901",23,8,0
"1902",23,9,0
"1903",23,10,0
"1904",23,11,0
"1905",23,12,0
"1906",23,13,0
"1907",23,14,0
"1908",23,15,0
"1909",23,16,0.294840415910755
"1910",23,17,2.93544414082576
"1911",23,18,1.51956214354005
"1912",23,19,0.330480466185682
"1913",23,20,0.0194400274226872
"1914",23,21,0.132840187388362
"1915",23,22,0.0648000914089572
"1916",23,23,0.139320196529258
"1917",23,24,0
"1918",23,25,0
"1919",23,26,0
"1920",23,27,0
"1921",23,28,0
"1922",23,29,0
"1923",23,30,0
"1924",23,31,0
"1925",23,32,0
"1926",23,33,0
"1927",23,34,0
"1928",23,35,0
"1929",23,36,0
"1930",23,37,0
"1931",23,38,0
"1932",23,39,0
"1933",23,40,0
"1934",23,41,0
"1935",23,42,0
"1936",23,43,0
"1937",23,44,0
"1938",23,45,0
"1939",23,46,0
"1940",23,47,0
"1941",23,48,0
"1942",23,49,0
"1943",23,50,0
"1944",23,51,0
"1945",23,52,0
"1946",23,53,0
"1947",23,54,0
"1948",23,55,0
"1949",23,56,0
"1950",23,57,0
"1951",23,58,0
"1952",23,59,0
"1953",23,60,0
"1954",23,61,0
"1955",23,62,0
"1956",23,63,0
"1957",23,64,0
"1958",23,65,0
"1959",23,66,0
"1960",23,67,0
"1961",23,68,0
"1962",23,69,0
"1963",23,70,0
"1964",23,71,0
"1965",23,72,0
"1966",23,73,0
"1967",23,74,0
"1968",23,75,0
"1969",23,76,0
"1970",23,77,0
"1971",23,78,0
"1972",23,79,0
"1973",23,80,0
"1974",23,81,0
"1975",23,82,0
"1976",23,83,0
"1977",23,84,0
"1978",23,85,0
"1979",24,0,0
"1980",24,1,2.82151790840369
"1981",24,2,0.100845126764238
"1982",24,3,0
"1983",24,4,0.0214564099498379
"1984",24,5,0
"1985",24,6,0
"1986",24,7,0
"1987",24,8,0
"1988",24,9,0
"1989",24,10,0
"1990",24,11,0
"1991",24,12,0
"1992",24,13,0
"1993",24,14,0
"1994",24,15,0
"1995",24,16,0
"1996",24,17,0
"1997",24,18,0.145903587658898
"1998",24,19,0
"1999",24,20,0
"2000",24,21,0
"2001",24,22,0
"2002",24,23,0
"2003",24,24,0
"2004",24,25,0
"2005",24,26,0
"2006",24,27,0
"2007",24,28,0
"2008",24,29,0
"2009",24,30,0
"2010",24,31,0
"2011",24,32,0
"2012",24,33,0
"2013",24,34,0
"2014",24,35,0
"2015",24,36,0
"2016",24,37,0
"2017",24,38,0
"2018",24,39,0
"2019",24,40,0
"2020",24,41,0
"2021",24,42,0
"2022",24,43,0
"2023",24,44,0
"2024",24,45,0
"2025",24,46,0
"2026",24,47,0
"2027",24,48,0
"2028",24,49,0
"2029",24,50,0
"2030",24,51,0
"2031",24,52,0
"2032",24,53,0
"2033",24,54,0
"2034",24,55,0
"2035",24,56,0
"2036",24,57,0
"2037",24,58,0
"2038",24,59,0
"2039",24,60,0
"2040",24,61,0
"2041",24,62,0
"2042",24,63,0
"2043",24,64,0
"2044",24,65,0
"2045",24,66,0
"2046",24,67,0
"2047",24,68,0
"2048",24,69,0
"2049",24,70,0
"2050",24,71,0
"2051",24,72,0
"2052",24,73,0
"2053",24,74,0
"2054",24,75,0
"2055",24,76,0
"2056",24,77,0
"2057",24,78,0
"2058",24,79,0
"2059",24,80,0
"2060",24,81,0
"2061",24,82,0
"2062",24,83,0
"2063",24,84,0
"2064",24,85,0
"2065",25,0,0
"2066",25,1,0.00894840652985922
"2067",25,2,0.856305482993669
"2068",25,3,0.508986434780784
"2069",25,4,5.14583686721096
"2070",25,5,0
"2071",25,6,0
"2072",25,7,1.47992280848473
"2073",25,8,0
"2074",25,9,0
"2075",25,10,0
"2076",25,11,0
"2077",25,12,0
"2078",25,13,0
"2079",25,14,0
"2080",25,15,0
"2081",25,16,0
"2082",25,17,0
"2083",25,18,0
"2084",25,19,0
"2085",25,20,0
"2086",25,21,0
"2087",25,22,0
"2088",25,23,0
"2089",25,24,0
"2090",25,25,0
"2091",25,26,0
"2092",25,27,0
"2093",25,28,0
"2094",25,29,0
"2095",25,30,0
"2096",25,31,0
"2097",25,32,0
"2098",25,33,0
"2099",25,34,0
"2100",25,35,0
"2101",25,36,0
"2102",25,37,0
"2103",25,38,0
"2104",25,39,0
"2105",25,40,0
"2106",25,41,0
"2107",25,42,0
"2108",25,43,0
"2109",25,44,0
"2110",25,45,0
"2111",25,46,0
"2112",25,47,0
"2113",25,48,0
"2114",25,49,0
"2115",25,50,0
"2116",25,51,0
"2117",25,52,0
"2118",25,53,0
"2119",25,54,0
"2120",25,55,0
"2121",25,56,0
"2122",25,57,0
"2123",25,58,0
"2124",25,59,0
"2125",25,60,0
"2126",25,61,0
"2127",25,62,0
"2128",25,63,0
"2129",25,64,0
"2130",25,65,0
"2131",25,66,0
"2132",25,67,0
"2133",25,68,0
"2134",25,69,0
"2135",25,70,0
"2136",25,71,0
"2137",25,72,0
"2138",25,73,0
"2139",25,74,0
"2140",25,75,0
"2141",25,76,0
"2142",25,77,0
"2143",25,78,0
"2144",25,79,0
"2145",25,80,0
"2146",25,81,0
"2147",25,82,0
"2148",25,83,0
"2149",25,84,0
"2150",25,85,0
"2151",26,0,0
"2152",26,1,0
"2153",26,2,1.55992538597717
"2154",26,3,0.932992526456493
"2155",26,4,0.0248257561917072
"2156",26,5,0
"2157",26,6,0
"2158",26,7,0.0781416619253813
"2159",26,8,0.85387695452152
"2160",26,9,0
"2161",26,10,0
"2162",26,11,0
"2163",26,12,0
"2164",26,13,0
"2165",26,14,0
"2166",26,15,0
"2167",26,16,2.33051828915032
"2168",26,17,2.2197194257774
"2169",26,18,0
"2170",26,19,0
"2171",26,20,0
"2172",26,21,0
"2173",26,22,0
"2174",26,23,0
"2175",26,24,0
"2176",26,25,0
"2177",26,26,0
"2178",26,27,0
"2179",26,28,0
"2180",26,29,0
"2181",26,30,0
"2182",26,31,0
"2183",26,32,0
"2184",26,33,0
"2185",26,34,0
"2186",26,35,0
"2187",26,36,0
"2188",26,37,0
"2189",26,38,0
"2190",26,39,0
"2191",26,40,0
"2192",26,41,0
"2193",26,42,0
"2194",26,43,0
"2195",26,44,0
"2196",26,45,0
"2197",26,46,0
"2198",26,47,0
"2199",26,48,0
"2200",26,49,0
"2201",26,50,0
"2202",26,51,0
"2203",26,52,0
"2204",26,53,0
"2205",26,54,0
"2206",26,55,0
"2207",26,56,0
"2208",26,57,0
"2209",26,58,0
"2210",26,59,0
"2211",26,60,0
"2212",26,61,0
"2213",26,62,0
"2214",26,63,0
"2215",26,64,0
"2216",26,65,0
"2217",26,66,0
"2218",26,67,0
"2219",26,68,0
"2220",26,69,0
"2221",26,70,0
"2222",26,71,0
"2223",26,72,0
"2224",26,73,0
"2225",26,74,0
"2226",26,75,0
"2227",26,76,0
"2228",26,77,0
"2229",26,78,0
"2230",26,79,0
"2231",26,80,0
"2232",26,81,0
"2233",26,82,0
"2234",26,83,0
"2235",26,84,0
"2236",26,85,0
"2237",27,0,0
"2238",27,1,1.2735727995617
"2239",27,2,0.151315580145945
"2240",27,3,3.52754446215234
"2241",27,4,0
"2242",27,5,0
"2243",27,6,0
"2244",27,7,0
"2245",27,8,0
"2246",27,9,0
"2247",27,10,0
"2248",27,11,0
"2249",27,12,0
"2250",27,13,0
"2251",27,14,0
"2252",27,15,0
"2253",27,16,0.0598957504744365
"2254",27,17,0.0126096316788287
"2255",27,18,0
"2256",27,19,0.24588781773716
"2257",27,20,0.104029461350337
"2258",27,21,0
"2259",27,22,0
"2260",27,23,0
"2261",27,24,0
"2262",27,25,0
"2263",27,26,0
"2264",27,27,0
"2265",27,28,0
"2266",27,29,0
"2267",27,30,0
"2268",27,31,0
"2269",27,32,0
"2270",27,33,0
"2271",27,34,0
"2272",27,35,0
"2273",27,36,0
"2274",27,37,0
"2275",27,38,0
"2276",27,39,0
"2277",27,40,0
"2278",27,41,0
"2279",27,42,0
"2280",27,43,0
"2281",27,44,0
"2282",27,45,0
"2283",27,46,0
"2284",27,47,0
"2285",27,48,0
"2286",27,49,0
"2287",27,50,0
"2288",27,51,0
"2289",27,52,0
"2290",27,53,0
"2291",27,54,0
"2292",27,55,0
"2293",27,56,0
"2294",27,57,0
"2295",27,58,0
"2296",27,59,0
"2297",27,60,0
"2298",27,61,0
"2299",27,62,0
"2300",27,63,0
"2301",27,64,0
"2302",27,65,0
"2303",27,66,0
"2304",27,67,0
"2305",27,68,0
"2306",27,69,0
"2307",27,70,0
"2308",27,71,0
"2309",27,72,0
"2310",27,73,0
"2311",27,74,0
"2312",27,75,0
"2313",27,76,0
"2314",27,77,0
"2315",27,78,0
"2316",27,79,0
"2317",27,80,0
"2318",27,81,0
"2319",27,82,0
"2320",27,83,0
"2321",27,84,0
"2322",27,85,0
"2323",28,0,0
"2324",28,1,0.0214200916604789
"2325",28,2,0.0142800611069859
"2326",28,3,5.07656172353349
"2327",28,4,0.635462719260873
"2328",28,5,0
"2329",28,6,0
"2330",28,7,0
"2331",28,8,0
"2332",28,9,0
"2333",28,10,0
"2334",28,11,0
"2335",28,12,0
"2336",28,13,0
"2337",28,14,0
"2338",28,15,0
"2339",28,16,0
"2340",28,17,0.0249901069372254
"2341",28,18,0
"2342",28,19,0
"2343",28,20,0.249901069372254
"2344",28,21,0.224910962435028
"2345",28,22,0
"2346",28,23,0
"2347",28,24,0
"2348",28,25,0
"2349",28,26,0
"2350",28,27,0
"2351",28,28,0
"2352",28,29,0
"2353",28,30,0
"2354",28,31,0
"2355",28,32,0
"2356",28,33,0
"2357",28,34,0
"2358",28,35,0
"2359",28,36,0
"2360",28,37,0
"2361",28,38,0
"2362",28,39,0
"2363",28,40,0
"2364",28,41,0
"2365",28,42,0
"2366",28,43,0
"2367",28,44,0
"2368",28,45,0
"2369",28,46,0
"2370",28,47,0
"2371",28,48,0
"2372",28,49,0
"2373",28,50,0
"2374",28,51,0
"2375",28,52,0
"2376",28,53,0
"2377",28,54,0
"2378",28,55,0
"2379",28,56,0
"2380",28,57,0
"2381",28,58,0
"2382",28,59,0
"2383",28,60,0
"2384",28,61,0
"2385",28,62,0
"2386",28,63,0
"2387",28,64,0
"2388",28,65,0
"2389",28,66,0
"2390",28,67,0
"2391",28,68,0
"2392",28,69,0
"2393",28,70,0
"2394",28,71,0
"2395",28,72,0
"2396",28,73,0
"2397",28,74,0
"2398",28,75,0
"2399",28,76,0
"2400",28,77,0
"2401",28,78,0
"2402",28,79,0
"2403",28,80,0
"2404",28,81,0
"2405",28,82,0
"2406",28,83,0
"2407",28,84,0
"2408",28,85,0
"2409",29,0,0
"2410",29,1,0.0933252400340536
"2411",29,2,0
"2412",29,3,0.00190459673538885
"2413",29,4,2.2550425347004
"2414",29,5,0
"2415",29,6,0
"2416",29,7,0
"2417",29,8,0
"2418",29,9,0
"2419",29,10,0
"2420",29,11,0
"2421",29,12,0
"2422",29,13,0
"2423",29,14,0
"2424",29,15,0
"2425",29,16,0
"2426",29,17,0
"2427",29,18,0.00952298367694424
"2428",29,19,0
"2429",29,20,0.00952298367694424
"2430",29,21,0.0361873379723881
"2431",29,22,0.0209505640892773
"2432",29,23,0.0190459673538885
"2433",29,24,0.0266643542954439
"2434",29,25,0
"2435",29,26,0
"2436",29,27,0
"2437",29,28,0
"2438",29,29,0
"2439",29,30,0
"2440",29,31,0
"2441",29,32,0
"2442",29,33,0
"2443",29,34,0
"2444",29,35,0
"2445",29,36,0
"2446",29,37,0
"2447",29,38,0
"2448",29,39,0
"2449",29,40,0
"2450",29,41,0
"2451",29,42,0
"2452",29,43,0
"2453",29,44,0
"2454",29,45,0
"2455",29,46,0
"2456",29,47,0
"2457",29,48,0
"2458",29,49,0
"2459",29,50,0
"2460",29,51,0
"2461",29,52,0
"2462",29,53,0
"2463",29,54,0
"2464",29,55,0
"2465",29,56,0
"2466",29,57,0
"2467",29,58,0
"2468",29,59,0
"2469",29,60,0
"2470",29,61,0
"2471",29,62,0
"2472",29,63,0
"2473",29,64,0
"2474",29,65,0
"2475",29,66,0
"2476",29,67,0
"2477",29,68,0
"2478",29,69,0
"2479",29,70,0
"2480",29,71,0
"2481",29,72,0
"2482",29,73,0
"2483",29,74,0
"2484",29,75,0
"2485",29,76,0
"2486",29,77,0
"2487",29,78,0
"2488",29,79,0
"2489",29,80,0
"2490",29,81,0
"2491",29,82,0
"2492",29,83,0
"2493",29,84,0
"2494",29,85,0
"2495",30,0,0
"2496",30,1,3.01969008916322
"2497",30,2,0
"2498",30,3,0.00240612756108623
"2499",30,4,0.692964737592835
"2500",30,5,0
"2501",30,6,0
"2502",30,7,0
"2503",30,8,0
"2504",30,9,0
"2505",30,10,0
"2506",30,11,0
"2507",30,12,0
"2508",30,13,0
"2509",30,14,0
"2510",30,15,0
"2511",30,16,0
"2512",30,17,0
"2513",30,18,0
"2514",30,19,0
"2515",30,20,0
"2516",30,21,0
"2517",30,22,0
"2518",30,23,0
"2519",30,24,0
"2520",30,25,0
"2521",30,26,0
"2522",30,27,0
"2523",30,28,0
"2524",30,29,0
"2525",30,30,0
"2526",30,31,0
"2527",30,32,0
"2528",30,33,0
"2529",30,34,0
"2530",30,35,0
"2531",30,36,0
"2532",30,37,0
"2533",30,38,0
"2534",30,39,0
"2535",30,40,0
"2536",30,41,0
"2537",30,42,0
"2538",30,43,0
"2539",30,44,0
"2540",30,45,0
"2541",30,46,0
"2542",30,47,0
"2543",30,48,0
"2544",30,49,0
"2545",30,50,0
"2546",30,51,0
"2547",30,52,0
"2548",30,53,0
"2549",30,54,0
"2550",30,55,0
"2551",30,56,0
"2552",30,57,0
"2553",30,58,0
"2554",30,59,0
"2555",30,60,0
"2556",30,61,0
"2557",30,62,0
"2558",30,63,0
"2559",30,64,0
"2560",30,65,0
"2561",30,66,0
"2562",30,67,0
"2563",30,68,0
"2564",30,69,0
"2565",30,70,0
"2566",30,71,0
"2567",30,72,0
"2568",30,73,0
"2569",30,74,0
"2570",30,75,0
"2571",30,76,0
"2572",30,77,0
"2573",30,78,0
"2574",30,79,0
"2575",30,80,0
"2576",30,81,0
"2577",30,82,0
"2578",30,83,0
"2579",30,84,0
"2580",30,85,0
"2581",31,0,0
"2582",31,1,1.07915980686603
"2583",31,2,0
"2584",31,3,0
"2585",31,4,0
"2586",31,5,0
"2587",31,6,0
"2588",31,7,0
"2589",31,8,0
"2590",31,9,0
"2591",31,10,0
"2592",31,11,0
"2593",31,12,0
"2594",31,13,0
"2595",31,14,0
"2596",31,15,0
"2597",31,16,0
"2598",31,17,0
"2599",31,18,0
"2600",31,19,0
"2601",31,20,0
"2602",31,21,0
"2603",31,22,0
"2604",31,23,0
"2605",31,24,0
"2606",31,25,0
"2607",31,26,0
"2608",31,27,0
"2609",31,28,0
"2610",31,29,0
"2611",31,30,0
"2612",31,31,0
"2613",31,32,0
"2614",31,33,0
"2615",31,34,0
"2616",31,35,0
"2617",31,36,0
"2618",31,37,0
"2619",31,38,0
"2620",31,39,0
"2621",31,40,0
"2622",31,41,0
"2623",31,42,0
"2624",31,43,0
"2625",31,44,0
"2626",31,45,0
"2627",31,46,0
"2628",31,47,0
"2629",31,48,0
"2630",31,49,0
"2631",31,50,0
"2632",31,51,0
"2633",31,52,0
"2634",31,53,0
"2635",31,54,0
"2636",31,55,0
"2637",31,56,0
"2638",31,57,0
"2639",31,58,0
"2640",31,59,0
"2641",31,60,0
"2642",31,61,0
"2643",31,62,0
"2644",31,63,0
"2645",31,64,0
"2646",31,65,0
"2647",31,66,0
"2648",31,67,0
"2649",31,68,0
"2650",31,69,0
"2651",31,70,0
"2652",31,71,0
"2653",31,72,0
"2654",31,73,0
"2655",31,74,0
"2656",31,75,0
"2657",31,76,0
"2658",31,77,0
"2659",31,78,0
"2660",31,79,0
"2661",31,80,0
"2662",31,81,0
"2663",31,82,0
"2664",31,83,0
"2665",31,84,0
"2666",31,85,0
"2667",32,0,0
"2668",32,1,0.457881843161345
"2669",32,2,0.0516731860620954
"2670",32,3,0.879879529335125
"2671",32,4,0
"2672",32,5,0.0157890290745291
"2673",32,6,0
"2674",32,7,0.203822011689376
"2675",32,8,0.104781738403693
"2676",32,9,0
"2677",32,10,0
"2678",32,11,0
"2679",32,12,0.0473670872235875
"2680",32,13,0.0086121976770159
"2681",32,14,0
"2682",32,15,0
"2683",32,16,0.0129182965155239
"2684",32,17,0.0057414651180106
"2685",32,18,0.100475639565186
"2686",32,19,0
"2687",32,20,0
"2688",32,21,0
"2689",32,22,0
"2690",32,23,0
"2691",32,24,0
"2692",32,25,0
"2693",32,26,0
"2694",32,27,0
"2695",32,28,0
"2696",32,29,0
"2697",32,30,0
"2698",32,31,0
"2699",32,32,0
"2700",32,33,0
"2701",32,34,0
"2702",32,35,0
"2703",32,36,0
"2704",32,37,0
"2705",32,38,0
"2706",32,39,0
"2707",32,40,0
"2708",32,41,0
"2709",32,42,0
"2710",32,43,0
"2711",32,44,0
"2712",32,45,0
"2713",32,46,0
"2714",32,47,0
"2715",32,48,0
"2716",32,49,0
"2717",32,50,0
"2718",32,51,0
"2719",32,52,0
"2720",32,53,0
"2721",32,54,0
"2722",32,55,0
"2723",32,56,0
"2724",32,57,0
"2725",32,58,0
"2726",32,59,0
"2727",32,60,0
"2728",32,61,0
"2729",32,62,0
"2730",32,63,0
"2731",32,64,0
"2732",32,65,0
"2733",32,66,0
"2734",32,67,0
"2735",32,68,0
"2736",32,69,0
"2737",32,70,0
"2738",32,71,0
"2739",32,72,0
"2740",32,73,0
"2741",32,74,0
"2742",32,75,0
"2743",32,76,0
"2744",32,77,0
"2745",32,78,0
"2746",32,79,0
"2747",32,80,0
"2748",32,81,0
"2749",32,82,0
"2750",32,83,0
"2751",32,84,0
"2752",32,85,0
"2753",33,0,0
"2754",33,1,0.0109250394453569
"2755",33,2,1.29502884001872
"2756",33,3,0.0422207554896416
"2757",33,4,0
"2758",33,5,0.727811729875346
"2759",33,6,0
"2760",33,7,0.661297133406655
"2761",33,8,4.53850140719773
"2762",33,9,0
"2763",33,10,0
"2764",33,11,0
"2765",33,12,0
"2766",33,13,0
"2767",33,14,0
"2768",33,15,0
"2769",33,16,0
"2770",33,17,0
"2771",33,18,0.724215094566548
"2772",33,19,0
"2773",33,20,0
"2774",33,21,0
"2775",33,22,0
"2776",33,23,0
"2777",33,24,0
"2778",33,25,0
"2779",33,26,0
"2780",33,27,0
"2781",33,28,0
"2782",33,29,0
"2783",33,30,0
"2784",33,31,0
"2785",33,32,0
"2786",33,33,0
"2787",33,34,0
"2788",33,35,0
"2789",33,36,0
"2790",33,37,0
"2791",33,38,0
"2792",33,39,0
"2793",33,40,0
"2794",33,41,0
"2795",33,42,0
"2796",33,43,0
"2797",33,44,0
"2798",33,45,0
"2799",33,46,0
"2800",33,47,0
"2801",33,48,0
"2802",33,49,0
"2803",33,50,0
"2804",33,51,0
"2805",33,52,0
"2806",33,53,0
"2807",33,54,0
"2808",33,55,0
"2809",33,56,0
"2810",33,57,0
"2811",33,58,0
"2812",33,59,0
"2813",33,60,0
"2814",33,61,0
"2815",33,62,0
"2816",33,63,0
"2817",33,64,0
"2818",33,65,0
"2819",33,66,0
"2820",33,67,0
"2821",33,68,0
"2822",33,69,0
"2823",33,70,0
"2824",33,71,0
"2825",33,72,0
"2826",33,73,0
"2827",33,74,0
"2828",33,75,0
"2829",33,76,0
"2830",33,77,0
"2831",33,78,0
"2832",33,79,0
"2833",33,80,0
"2834",33,81,0
"2835",33,82,0
"2836",33,83,0
"2837",33,84,0
"2838",33,85,0
"2839",34,0,0
"2840",34,1,0
"2841",34,2,1.55127605981489
"2842",34,3,0.0583134945232851
"2843",34,4,0.685765631342886
"2844",34,5,0.861881088028539
"2845",34,6,0.264045167356263
"2846",34,7,4.57871855893413
"2847",34,8,0
"2848",34,9,0
"2849",34,10,0
"2850",34,11,0
"2851",34,12,0
"2852",34,13,0
"2853",34,14,0
"2854",34,15,0
"2855",34,16,0
"2856",34,17,0
"2857",34,18,0
"2858",34,19,0
"2859",34,20,0
"2860",34,21,0
"2861",34,22,0
"2862",34,23,0
"2863",34,24,0
"2864",34,25,0
"2865",34,26,0
"2866",34,27,0
"2867",34,28,0
"2868",34,29,0
"2869",34,30,0
"2870",34,31,0
"2871",34,32,0
"2872",34,33,0
"2873",34,34,0
"2874",34,35,0
"2875",34,36,0
"2876",34,37,0
"2877",34,38,0
"2878",34,39,0
"2879",34,40,0
"2880",34,41,0
"2881",34,42,0
"2882",34,43,0
"2883",34,44,0
"2884",34,45,0
"2885",34,46,0
"2886",34,47,0
"2887",34,48,0
"2888",34,49,0
"2889",34,50,0
"2890",34,51,0
"2891",34,52,0
"2892",34,53,0
"2893",34,54,0
"2894",34,55,0
"2895",34,56,0
"2896",34,57,0
"2897",34,58,0
"2898",34,59,0
"2899",34,60,0
"2900",34,61,0
"2901",34,62,0
"2902",34,63,0
"2903",34,64,0
"2904",34,65,0
"2905",34,66,0
"2906",34,67,0
"2907",34,68,0
"2908",34,69,0
"2909",34,70,0
"2910",34,71,0
"2911",34,72,0
"2912",34,73,0
"2913",34,74,0
"2914",34,75,0
"2915",34,76,0
"2916",34,77,0
"2917",34,78,0
"2918",34,79,0
"2919",34,80,0
"2920",34,81,0
"2921",34,82,0
"2922",34,83,0
"2923",34,84,0
"2924",34,85,0
"2925",35,0,0
"2926",35,1,0
"2927",35,2,0
"2928",35,3,0.0079341360895915
"2929",35,4,1.70371012036855
"2930",35,5,0.442880865352576
"2931",35,6,0.402491609072611
"2932",35,7,5.44298326911667
"2933",35,8,0
"2934",35,9,0
"2935",35,10,0
"2936",35,11,0
"2937",35,12,0
"2938",35,13,0
"2939",35,14,0
"2940",35,15,0
"2941",35,16,0
"2942",35,17,0
"2943",35,18,0
"2944",35,19,0
"2945",35,20,0
"2946",35,21,0
"2947",35,22,0
"2948",35,23,0
"2949",35,24,0
"2950",35,25,0
"2951",35,26,0
"2952",35,27,0
"2953",35,28,0
"2954",35,29,0
"2955",35,30,0
"2956",35,31,0
"2957",35,32,0
"2958",35,33,0
"2959",35,34,0
"2960",35,35,0
"2961",35,36,0
"2962",35,37,0
"2963",35,38,0
"2964",35,39,0
"2965",35,40,0
"2966",35,41,0
"2967",35,42,0
"2968",35,43,0
"2969",35,44,0
"2970",35,45,0
"2971",35,46,0
"2972",35,47,0
"2973",35,48,0
"2974",35,49,0
"2975",35,50,0
"2976",35,51,0
"2977",35,52,0
"2978",35,53,0
"2979",35,54,0
"2980",35,55,0
"2981",35,56,0
"2982",35,57,0
"2983",35,58,0
"2984",35,59,0
"2985",35,60,0
"2986",35,61,0
"2987",35,62,0
"2988",35,63,0
"2989",35,64,0
"2990",35,65,0
"2991",35,66,0
"2992",35,67,0
"2993",35,68,0
"2994",35,69,0
"2995",35,70,0
"2996",35,71,0
"2997",35,72,0
"2998",35,73,0
"2999",35,74,0
"3000",35,75,0
"3001",35,76,0
"3002",35,77,0
"3003",35,78,0
"3004",35,79,0
"3005",35,80,0
"3006",35,81,0
"3007",35,82,0
"3008",35,83,0
"3009",35,84,0
"3010",35,85,0
"3011",36,0,0
"3012",36,1,0.0742045513991458
"3013",36,2,0.222591343164961
"3014",36,3,0.321791800953997
"3015",36,4,0.935270207415868
"3016",36,5,0.0630687181799175
"3017",36,6,0.171169949052364
"3018",36,7,6.21190342983375
"3019",36,8,0
"3020",36,9,0
"3021",36,10,0
"3022",36,11,0
"3023",36,12,0
"3024",36,13,0
"3025",36,14,0
"3026",36,15,0
"3027",36,16,0
"3028",36,17,0
"3029",36,18,0
"3030",36,19,0
"3031",36,20,0
"3032",36,21,0
"3033",36,22,0
"3034",36,23,0
"3035",36,24,0
"3036",36,25,0
"3037",36,26,0
"3038",36,27,0
"3039",36,28,0
"3040",36,29,0
"3041",36,30,0
"3042",36,31,0
"3043",36,32,0
"3044",36,33,0
"3045",36,34,0
"3046",36,35,0
"3047",36,36,0
"3048",36,37,0
"3049",36,38,0
"3050",36,39,0
"3051",36,40,0
"3052",36,41,0
"3053",36,42,0
"3054",36,43,0
"3055",36,44,0
"3056",36,45,0
"3057",36,46,0
"3058",36,47,0
"3059",36,48,0
"3060",36,49,0
"3061",36,50,0
"3062",36,51,0
"3063",36,52,0
"3064",36,53,0
"3065",36,54,0
"3066",36,55,0
"3067",36,56,0
"3068",36,57,0
"3069",36,58,0
"3070",36,59,0
"3071",36,60,0
"3072",36,61,0
"3073",36,62,0
"3074",36,63,0
"3075",36,64,0
"3076",36,65,0
"3077",36,66,0
"3078",36,67,0
"3079",36,68,0
"3080",36,69,0
"3081",36,70,0
"3082",36,71,0
"3083",36,72,0
"3084",36,73,0
"3085",36,74,0
"3086",36,75,0
"3087",36,76,0
"3088",36,77,0
"3089",36,78,0
"3090",36,79,0
"3091",36,80,0
"3092",36,81,0
"3093",36,82,0
"3094",36,83,0
"3095",36,84,0
"3096",36,85,0
"3097",37,0,0
"3098",37,1,0.0280523173967854
"3099",37,2,0.0967489125048518
"3100",37,3,3.05292366228141
"3101",37,4,1.41793544283264
"3102",37,5,0
"3103",37,6,0
"3104",37,7,0.998400592091949
"3105",37,8,0
"3106",37,9,0
"3107",37,10,2.40593907289236
"3108",37,11,0
"3109",37,12,0
"3110",37,13,0
"3111",37,14,0
"3112",37,15,0
"3113",37,16,0
"3114",37,17,0
"3115",37,18,0
"3116",37,19,0
"3117",37,20,0
"3118",37,21,0
"3119",37,22,0
"3120",37,23,0
"3121",37,24,0
"3122",37,25,0
"3123",37,26,0
"3124",37,27,0
"3125",37,28,0
"3126",37,29,0
"3127",37,30,0
"3128",37,31,0
"3129",37,32,0
"3130",37,33,0
"3131",37,34,0
"3132",37,35,0
"3133",37,36,0
"3134",37,37,0
"3135",37,38,0
"3136",37,39,0
"3137",37,40,0
"3138",37,41,0
"3139",37,42,0
"3140",37,43,0
"3141",37,44,0
"3142",37,45,0
"3143",37,46,0
"3144",37,47,0
"3145",37,48,0
"3146",37,49,0
"3147",37,50,0
"3148",37,51,0
"3149",37,52,0
"3150",37,53,0
"3151",37,54,0
"3152",37,55,0
"3153",37,56,0
"3154",37,57,0
"3155",37,58,0
"3156",37,59,0
"3157",37,60,0
"3158",37,61,0
"3159",37,62,0
"3160",37,63,0
"3161",37,64,0
"3162",37,65,0
"3163",37,66,0
"3164",37,67,0
"3165",37,68,0
"3166",37,69,0
"3167",37,70,0
"3168",37,71,0
"3169",37,72,0
"3170",37,73,0
"3171",37,74,0
"3172",37,75,0
"3173",37,76,0
"3174",37,77,0
"3175",37,78,0
"3176",37,79,0
"3177",37,80,0
"3178",37,81,0
"3179",37,82,0
"3180",37,83,0
"3181",37,84,0
"3182",37,85,0
"3183",38,0,0
"3184",38,1,0.0292799541283227
"3185",38,2,1.81310485179229
"3186",38,3,0.430190095269972
"3187",38,4,1.74103111855334
"3188",38,5,0
"3189",38,6,0.0788306457300996
"3190",38,7,0.108110599858422
"3191",38,8,0
"3192",38,9,0.051802995765494
"3193",38,10,0.0247753458008884
"3194",38,11,0
"3195",38,12,0
"3196",38,13,0
"3197",38,14,0
"3198",38,15,0
"3199",38,16,0
"3200",38,17,0
"3201",38,18,0
"3202",38,19,0.00225230416371713
"3203",38,20,0
"3204",38,21,0
"3205",38,22,0
"3206",38,23,0
"3207",38,24,0
"3208",38,25,0
"3209",38,26,0
"3210",38,27,0
"3211",38,28,0
"3212",38,29,0
"3213",38,30,0
"3214",38,31,0
"3215",38,32,0
"3216",38,33,0
"3217",38,34,0
"3218",38,35,0
"3219",38,36,0
"3220",38,37,0
"3221",38,38,0
"3222",38,39,0
"3223",38,40,0
"3224",38,41,0
"3225",38,42,0
"3226",38,43,0
"3227",38,44,0
"3228",38,45,0
"3229",38,46,0
"3230",38,47,0
"3231",38,48,0
"3232",38,49,0
"3233",38,50,0
"3234",38,51,0
"3235",38,52,0
"3236",38,53,0
"3237",38,54,0
"3238",38,55,0
"3239",38,56,0
"3240",38,57,0
"3241",38,58,0
"3242",38,59,0
"3243",38,60,0
"3244",38,61,0
"3245",38,62,0
"3246",38,63,0
"3247",38,64,0
"3248",38,65,0
"3249",38,66,0
"3250",38,67,0
"3251",38,68,0
"3252",38,69,0
"3253",38,70,0
"3254",38,71,0
"3255",38,72,0
"3256",38,73,0
"3257",38,74,0
"3258",38,75,0
"3259",38,76,0
"3260",38,77,0
"3261",38,78,0
"3262",38,79,0
"3263",38,80,0
"3264",38,81,0
"3265",38,82,0
"3266",38,83,0
"3267",38,84,0
"3268",38,85,0
"3269",39,0,0
"3270",39,1,0.0780683015827424
"3271",39,2,2.63565374691302
"3272",39,3,0
"3273",39,4,0
"3274",39,5,0
"3275",39,6,0
"3276",39,7,0
"3277",39,8,0
"3278",39,9,0
"3279",39,10,0
"3280",39,11,0
"3281",39,12,0
"3282",39,13,0
"3283",39,14,0
"3284",39,15,0
"3285",39,16,0
"3286",39,17,0
"3287",39,18,0
"3288",39,19,0
"3289",39,20,0
"3290",39,21,0
"3291",39,22,0
"3292",39,23,0
"3293",39,24,0
"3294",39,25,0
"3295",39,26,0
"3296",39,27,0
"3297",39,28,0
"3298",39,29,0
"3299",39,30,0
"3300",39,31,0
"3301",39,32,0
"3302",39,33,0
"3303",39,34,0
"3304",39,35,0
"3305",39,36,0
"3306",39,37,0
"3307",39,38,0
"3308",39,39,0
"3309",39,40,0
"3310",39,41,0
"3311",39,42,0
"3312",39,43,0
"3313",39,44,0
"3314",39,45,0
"3315",39,46,0
"3316",39,47,0
"3317",39,48,0
"3318",39,49,0
"3319",39,50,0
"3320",39,51,0
"3321",39,52,0
"3322",39,53,0
"3323",39,54,0
"3324",39,55,0
"3325",39,56,0
"3326",39,57,0
"3327",39,58,0
"3328",39,59,0
"3329",39,60,0
"3330",39,61,0
"3331",39,62,0
"3332",39,63,0
"3333",39,64,0
"3334",39,65,0
"3335",39,66,0
"3336",39,67,0
"3337",39,68,0
"3338",39,69,0
"3339",39,70,0
"3340",39,71,0
"3341",39,72,0
"3342",39,73,0
"3343",39,74,0
"3344",39,75,0
"3345",39,76,0
"3346",39,77,0
"3347",39,78,0
"3348",39,79,0
"3349",39,80,0
"3350",39,81,0
"3351",39,82,0
"3352",39,83,0
"3353",39,84,0
"3354",39,85,0
"3355",40,0,0
"3356",40,1,0.298948720155699
"3357",40,2,3.63454249005419
"3358",40,3,4.06650878979011
"3359",40,4,0
"3360",40,5,0
"3361",40,6,0
"3362",40,7,0
"3363",40,8,0
"3364",40,9,0
"3365",40,10,0
"3366",40,11,0
"3367",40,12,0
"3368",40,13,0
"3369",40,14,0
"3370",40,15,0
"3371",40,16,0
"3372",40,17,0
"3373",40,18,0
"3374",40,19,0
"3375",40,20,0
"3376",40,21,0
"3377",40,22,0
"3378",40,23,0
"3379",40,24,0
"3380",40,25,0
"3381",40,26,0
"3382",40,27,0
"3383",40,28,0
"3384",40,29,0
"3385",40,30,0
"3386",40,31,0
"3387",40,32,0
"3388",40,33,0
"3389",40,34,0
"3390",40,35,0
"3391",40,36,0
"3392",40,37,0
"3393",40,38,0
"3394",40,39,0
"3395",40,40,0
"3396",40,41,0
"3397",40,42,0
"3398",40,43,0
"3399",40,44,0
"3400",40,45,0
"3401",40,46,0
"3402",40,47,0
"3403",40,48,0
"3404",40,49,0
"3405",40,50,0
"3406",40,51,0
"3407",40,52,0
"3408",40,53,0
"3409",40,54,0
"3410",40,55,0
"3411",40,56,0
"3412",40,57,0
"3413",40,58,0
"3414",40,59,0
"3415",40,60,0
"3416",40,61,0
"3417",40,62,0
"3418",40,63,0
"3419",40,64,0
"3420",40,65,0
"3421",40,66,0
"3422",40,67,0
"3423",40,68,0
"3424",40,69,0
"3425",40,70,0
"3426",40,71,0
"3427",40,72,0
"3428",40,73,0
"3429",40,74,0
"3430",40,75,0
"3431",40,76,0
"3432",40,77,0
"3433",40,78,0
"3434",40,79,0
"3435",40,80,0
"3436",40,81,0
"3437",40,82,0
"3438",40,83,0
"3439",40,84,0
"3440",40,85,0
