20.766,84
20.812,83
20.767,79
20.784,76
20.828,72
20.778,72
20.801,71
0.148,21
20.781,74
20.751,71
20.776,71
20.804,73
0.157,16
20.756,74
20.752,81
20.762,78
0.182,13
20.752,81
20.762,83
20.757,82
20.782,82
20.787,83
0.173,21
0.107,16
20.737,83
20.770,85
0.157,16
20.741,84
20.766,84
20.697,80
20.767,79
20.737,78
0.157,17
20.729,73
20.772,68
0.382,13
20.720,60
20.770,64
20.744,57
20.795,63
20.769,57
20.719,58
20.770,61
20.745,62
20.745,63
20.745,65
0.082,14
20.720,61
20.718,51
20.718,47
20.717,45
20.742,45
20.719,36
20.717,38
0.107,11
20.642,42
0.148,21
20.646,34
20.667,39
20.717,41
20.692,44
0.106,18
20.718,50
0.132,17
20.718,51
20.743,47
20.693,51
20.718,50
20.718,49
20.719,54
20.719,54
20.717,45
20.718,49
0.131,18
20.743,49

20.744,58
20.720,60
20.770,64
20.745,63
0.131,18
20.770,66
20.748,69
20.745,66
20.678,72
20.704,73
20.707,75
20.735,77
20.717,79
20.697,80
0.154,22
20.717,79
20.752,81
0.107,15
20.742,79
20.812,83
20.782,75
20.719,57
0.148,21
0.092,20
20.677,27
0.142,20
30.001,51
20.732,20
20.918,52
0.182,17
20.953,72
20.887,78
20.907,82
20.874,86
20.829,87
20.879,87
20.829,87
20.866,84
20.862,83
20.862,78
20.842,79
20.881,74
20.832,75
0.106,18
20.820,61
20.767,45
21.075,25
0.207,16
21.192,48
21.194,63
21.145,63
21.194,64
21.174,70
21.120,66
21.120,66
21.122,68
21.119,59
21.144,58
21.194,60
21.168,56
21.244,62
21.277,72
21.216,79
21.380,74
21.319,61

20.569,56
20.712,78
20.837,78
21.070,60
21.043,46
21.118,48
21.119,57
21.044,54
21.070,64
21.120,61
21.043,52
21.094,54
21.093,51
20.894,54
20.670,63
20.581,74
20.631,74
20.628,72
20.609,76
20.660,77
0.132,17
21.159,92
21.291,79
21.056,74
21.104,73
21.091,84
21.017,79
20.919,58
20.929,73
21.034,76
21.034,92
21.065,93
20.873,95
20.967,79
20.629,73
20.448,24
31.349,42
21.425,28
21.319,62
21.344,62
21.319,63
21.324,70
21.374,70
21.344,62
21.244,65
21.095,64
20.968,49
20.695,66
20.810,77
20.937,78
16.527,93
16.457,85
16.480,106
16.501,105
16.487,108
16.499,111
16.530,106
16.507,100
16.507,100
16.480,106
16.457,113
16.503,112
16.518,116
16.503,112
16.577,93
16.581,58
16.505,52
16.702,84
20.823,95
20.769,94
21.057,97
21.552,91
21.461,83
16.481,56
21.117,44
21.375,71
21.456,82
21.684,77
21.931,103
25.215,95
25.242,101
25.278,104
26.747,103
16.880,59
16.684,69
16.734,69
16.827,89
16.790,87
16.785,86
16.790,87
16.808,90
16.736,70
16.789,91
22.216,106
22.181,110
22.406,110
22.205,97
22.301,91
16.529,79
16.653,99
16.588,71
16.591,87
20.809,92
20.791,99
16.532,60
16.563,71
16.584,90
16.640,102
21.097,68
20.968,46
20.894,94

21.046,67
21.169,60
29.619,76
21.018,51
31.078,63
31.852,60
31.850,52

25.459,40
25.611,94
25.448,74

26.060,36

24.739,64

24.821,81
25.477,88
24.309,93
24.441,90
24.322,96
25.783,89
25.717,101
24.491,107
24.385,99
24.351,103
24.351,97
24.216,90
24.464,113
27.184,100
27.535,90
26.460,85
26.318,96
26.712,90
25.315,114
25.162,113
25.392,108
26.026,88
26.319,87
26.822,82
26.687,80
26.806,84
26.812,80
26.794,87
26.910,85
27.517,87
28.109,90
28.484,90
28.440,91
26.372,97
26.309,94
13.714,59
13.663,89
13.737,112
13.764,106
13.764,58
13.716,100
13.704,110
13.689,58
27.184,85
28.943,82
27.575,78
27.756,37
25.559,79
25.764,80
24.955,83
24.586,79
24.586,79
24.635,84
24.941,69
24.728,76
24.647,91
24.785,89
24.536,45





30.550,38
30.784,28

30.850,41
30.802,55
30.702,59
30.652,59
30.628,66
30.678,66
24.906,83
24.868,86
24.864,63
30.417,76
30.417,76
26.452,83
26.587,90
26.555,93
26.482,79
26.518,91
26.447,82
32.078,67
32.052,63
31.977,65
31.961,73
32.010,72
31.982,70
31.935,72
32.011,73
31.902,63
31.977,61
31.976,53
31.925,52







30.651,50
30.557,30
30.690,20
24.514,60
24.568,86
24.581,78
24.715,67
24.464,64
24.513,59
24.564,64
24.562,48
24.416,90
26.002,77
26.145,73
24.410,89
24.303,92
24.397,102
24.355,98
24.253,76
25.570,96
24.746,81
22.620,95
12.279,72
12.321,113
12.344,119
12.307,74
12.374,95
12.359,123
12.324,114
12.826,128
13.682,130
13.706,130
12.539,118
12.579,122
12.569,126
12.345,126
1.129,38
1.079,50
1.107,64
1.121,76
1.088,81
1.136,86
1.099,83
1.158,85
1.146,76
1.143,74
1.144,75
1.166,73
1.141,73
1.166,73
1.146,76
1.119,75
1.119,75
1.124,78
1.168,74
1.171,76
1.121,76
1.169,75
1.154,79
1.174,78
1.172,77
1.119,75
1.146,76
1.171,76
1.149,78
1.168,74
1.169,75
1.149,78
1.162,70
1.157,66
1.157,62
1.106,56
1.107,63
1.106,59
1.158,67
1.182,64
1.233,60
1.154,47
1.053,45
1.027,45
1.055,54
1.106,59
1.106,59
1.086,70
1.030,64
1.036,70
1.040,73
1.046,77
1.081,85
1.107,85
1.107,85
1.088,81
1.083,80
1.083,80
1.078,79
1.096,76
1.119,75
1.032,68
1.089,72
1.055,59
1.055,56
1.028,49
1.037,28
25.012,66
22.620,95
21.538,105
11.724,68
0.982,33
1.002,39
1.053,45
1.053,42
1.054,52
0.979,55
1.055,54
1.054,52
1.003,52
1.003,51
1.053,43
1.104,40
1.133,34
1.062,28
1.006,34
1.056,35
1.060,30
0.985,25
12.044,119
10.151,126
10.096,118
9.964,110
9.997,112
10.038,116
10.218,124
10.299,119
10.077,113
10.366,130
10.309,102
10.402,120
10.412,129
10.342,104
10.376,113
10.376,113
10.227,120
10.214,123
10.245,118
10.264,123
10.324,119
10.532,134
10.463,135
10.408,134
12.078,128
12.047,120
12.008,116
12.020,119
11.975,114
12.036,117
12.061,117
12.101,121
12.167,125
10.646,137
10.486,140
10.366,130
10.488,135
10.368,124
10.224,119
10.151,113
10.061,109
10.106,108
10.354,114
10.314,110
10.310,109
10.263,97
10.397,112
10.310,109
10.397,112
10.508,134
10.345,131
10.313,135
10.195,118
10.168,111
10.183,115
10.295,118
10.438,135
10.445,131
12.478,128
11.870,119
11.887,117
11.966,118
13.794,127
12.269,132
12.074,114
11.913,98
11.930,102
11.897,85
11.918,112
11.887,117
11.808,116
11.795,119
11.783,116
11.768,112
11.789,111
11.772,85
12.041,93
12.042,89
11.961,92
13.325,128
13.162,131
12.457,129
12.130,122
11.587,117
10.076,126
9.983,115
0.612,26
0.602,39
0.654,56
0.579,56
0.605,64
0.605,63
0.630,64
0.605,65
0.605,66
0.607,68
0.638,72
0.632,68
0.656,67
0.660,70
0.682,68
0.657,68
0.681,67
0.714,73
0.691,74
0.689,73
0.694,76
0.719,76
0.719,76
0.719,76
0.732,80
0.727,79
0.694,76
0.732,80
0.747,78
0.776,84
0.787,81
0.792,82
0.727,79
0.801,84
0.789,87
0.776,84
0.814,87
0.797,83
-9999999
0.792,82
0.787,81
0.817,82
0.817,82
0.837,81
0.820,77
0.858,69
0.830,65
0.855,62
0.804,55
0.804,56
0.754,56
0.753,52
0.804,56
0.753,51
0.778,46
0.753,46
0.752,44
0.727,41
0.752,40
0.755,35
0.782,32
0.877,38
0.833,31
0.853,37
0.881,34
0.852,39
0.853,51
0.855,62
0.830,65
0.867,75
0.851,84
0.839,87
0.829,94
0.804,94
0.835,101
0.803,106
0.803,106
0.796,104
0.846,104
0.835,108
0.782,107
0.796,104
0.788,102
0.796,104
0.780,100
0.805,100
0.796,104
0.796,98
0.808,95
0.751,89
0.776,89
0.755,85
0.757,80
0.797,83
0.772,78
0.772,78
0.770,77
0.767,75
0.777,79
0.747,78
0.772,78
0.772,78
0.761,71
0.756,67
0.782,68
0.730,65
0.755,60
0.778,49
0.827,45
0.829,36
0.808,24
9.886,116
9.875,113
9.832,115
9.859,109
10.004,114
10.092,130
10.199,132
10.059,128
9.900,113
9.821,112
9.838,110
9.825,113
9.875,113
9.954,114
10.020,105
10.096,131
10.130,133
10.121,131
10.159,134
10.123,137
10.096,131
11.773,120
11.706,122
11.750,127
11.764,124
11.654,115
11.814,124
12.363,124
12.668,126
12.682,123
12.730,129
12.682,123
12.718,126
12.703,122
12.682,123
12.711,124
12.699,121
12.707,123
12.724,121
12.692,119
12.653,122
12.554,122
11.883,116
11.689,111
11.725,114
11.679,115
11.687,117
11.687,117
11.670,119
11.687,117
11.683,116
11.739,124
11.868,125
12.021,126
12.474,127
12.828,122
12.851,115
12.949,121
12.907,123
12.951,134
12.922,133
12.880,129
12.884,130
12.807,123
12.818,126
12.865,125
12.861,111
12.974,108
13.102,109
13.233,117
13.123,121
13.001,128
12.776,128
12.649,121
12.668,126
12.668,126
12.649,121
12.629,122
12.649,121
12.652,128
12.661,124
12.612,124
12.600,121
12.625,121
12.641,125
12.170,126
11.760,123
11.660,123
11.531,122
11.585,123
11.581,122
11.591,118
11.612,117
11.623,120
12.342,125
11.612,117
11.572,113
11.545,119
11.613,98
12.507,116
12.527,115
12.630,116
12.541,125
12.612,124
12.649,121
12.515,118
12.529,122
12.543,119
10.297,137
10.261,140
10.252,138
10.249,132
10.216,130
10.267,136
10.272,137
13.217,126
13.206,123
13.206,123
13.217,126
13.191,119
13.225,115
13.248,108
13.276,102
13.238,93
13.239,99
13.273,108
13.262,118
13.258,117
13.281,123
13.241,119
13.262,118
9.861,129
9.809,122
9.768,105
9.754,108
9.693,105
9.762,110
9.859,109
0.782,16
0.787,26
0.662,27
0.562,26
0.860,29
0.684,30
0.757,33
0.810,29
0.834,30
0.734,30
0.834,30
0.798,21
0.698,21
0.623,21
0.717,20
12.724,108
12.740,112
12.615,112
12.618,119
12.560,117
12.604,122
12.630,116
12.692,119
12.870,120
12.999,121
12.945,120
13.031,123
13.001,115
12.765,112
12.730,116
12.759,117
12.765,125
9.840,130
9.778,114
9.743,105
9.762,110
9.766,111
9.707,102
9.801,120
9.862,135
13.212,131
13.214,125
13.212,118
13.219,120
13.210,111
13.209,98
13.230,82
13.168,113
13.206,123
13.181,123
13.156,123
13.180,103
13.118,60
23.830,88
23.752,82
23.649,91
23.550,87
23.594,95
23.981,98
23.998,91
24.163,94
24.189,85
10.003,24
9.897,40
9.825,61
9.772,52
24.256,83
24.272,72
9.949,53
10.075,94
9.890,77
9.918,78
9.896,84
9.896,89
9.809,109
9.741,111
9.770,112
9.778,114
9.695,112
9.720,112
9.695,112
9.716,111
9.712,110
9.701,107
9.739,88
9.669,93
9.596,106
0.902,43
0.903,47
0.904,53
0.905,64
0.880,65
0.905,64
0.880,66
0.855,65
0.855,62
0.880,63
0.930,65
0.905,66
0.966,74
0.922,78
0.942,82
0.967,82
0.959,86
0.897,83
0.947,83
0.939,87
0.955,85
0.926,84
0.945,88
0.959,86
0.926,84
0.939,87
0.909,86
0.905,85
0.951,89
0.932,90
0.945,88
0.934,86
0.914,87
0.945,88
0.909,86
0.926,89
0.945,88
0.909,86
0.905,85
0.905,85
0.964,87
0.901,84
0.945,88
0.955,85
0.955,85
0.942,82
0.907,80
0.917,75
0.916,74
0.888,72
0.906,67
0.905,62
0.930,65
0.955,62
0.904,57
0.904,59
0.954,58
0.905,63
0.930,63
0.880,64
0.931,67
0.905,65
0.905,62
0.856,67
0.907,68
0.856,67
0.858,69
0.891,74
0.863,72
0.842,75
0.864,73
0.860,70
0.864,73
0.880,65
0.855,60
0.905,63
0.904,59
0.954,58
0.955,61
0.929,58
0.955,65
0.961,71
0.967,75
0.962,81
0.942,82
0.930,85
0.982,90
0.944,92
0.945,88
0.932,90
0.957,90
0.926,89
0.950,93
0.920,88
0.930,85
0.939,87
0.917,82
0.927,79
0.962,81
0.937,81
0.957,80
0.966,74
0.889,73
0.917,75
0.913,72
0.916,74
0.891,74
0.914,73
0.913,72
0.907,80
0.914,73
0.914,73
0.863,72
0.891,74
0.858,69
0.880,65
0.855,64
0.879,59
0.878,51
0.877,43
0.927,38
0.985,29
10.010,109
9.989,110
10.014,110
9.985,109
9.968,111
9.945,105
9.883,96
9.905,86
9.872,79
9.872,79
9.913,82
9.953,90
9.922,89
9.934,91
9.934,91
9.910,87
9.965,92
9.960,87
9.902,80
9.923,79
9.862,82
9.846,84
9.895,93
9.922,99
9.938,103
9.926,113
9.871,99
9.976,85
10.025,64
10.300,59
10.426,35
10.473,39
10.374,52
10.399,50
10.350,56
13.042,56
12.920,34
12.925,71
12.736,83
0.448,21
0.456,23
0.498,21
0.310,25
0.410,25
0.357,32
0.384,30
0.335,29
0.408,31
0.330,35
0.382,33
0.406,34
0.306,34
0.405,35
0.353,37
0.377,40
0.327,38
0.406,34
0.353,37
0.456,34
0.407,33
0.461,28
0.412,26
0.411,28
0.362,27
0.257,17
0.456,23
10.199,119
10.316,130
10.336,140
10.358,134
10.249,132
0.461,19
0.337,26
0.310,29
0.433,31
0.457,33
0.377,38
0.377,43
0.402,43
0.353,46
0.403,49
0.352,44
0.278,46
0.328,48
0.353,48
0.352,44
0.353,47
0.353,50
0.353,47
0.378,52
0.353,50
0.354,57
0.405,60
0.355,64
0.381,67
0.405,66
0.357,68
0.355,65
0.382,68
0.405,66
0.405,62
0.405,64
0.405,60
0.380,60
0.404,53
0.405,60
0.404,55
0.379,55
0.405,60
0.404,55
0.379,55
0.404,57
0.354,55
0.404,54
0.379,54
0.403,48
0.402,42
0.553,51
0.503,51
0.479,57
0.454,57
0.454,55
0.455,62
0.429,59
0.429,57
0.454,54
0.429,55
0.478,47
0.453,49
0.452,43
0.402,41
0.352,41
0.352,42
0.402,38
0.457,33
0.481,34
0.385,29
0.511,28
0.423,21
9.743,105
0.607,33
0.377,39
0.402,45
0.402,44
0.402,41
0.407,33
0.736,28
0.508,24
0.682,33
0.552,44
0.503,49
0.478,52
0.530,61
0.480,63
0.505,61
0.454,59
0.430,63
0.455,60
0.455,61
0.455,62
0.480,60
0.479,58
0.480,60
0.505,61
0.505,62
0.505,63
0.455,66
0.506,67
0.505,63
0.455,65
0.455,60
0.455,62
0.481,67
0.454,59
0.429,59
0.455,64
0.455,64
0.455,62
0.455,63
0.429,57
0.455,63
0.404,56
0.404,58
0.405,60
0.405,64
0.329,58
0.330,62
0.356,67
0.305,66
0.256,67
0.205,65
0.158,69
0.180,64
0.157,68
0.155,65
0.157,68
0.161,71
0.158,69
0.158,69
0.131,67
0.158,69
0.182,68
0.156,67
0.157,68
0.138,72
0.166,74
0.185,70
0.166,74
0.164,73
0.166,74
0.161,71
0.138,72
0.216,74
0.158,69
0.161,71
0.163,72
0.114,73
0.163,72
0.163,72
0.169,76
0.160,70
0.113,72
0.185,70
0.186,71
0.161,71
0.136,71
0.163,72
0.164,73
0.211,71
0.208,69
0.235,70
0.260,70
0.288,72
0.341,74
0.436,71
0.520,77
0.572,78
0.620,77
0.722,78
0.722,83
0.770,77
0.807,80
0.801,84
0.812,81
0.797,83
0.812,81
0.830,85
0.807,80
0.826,84
0.832,80
0.812,81
0.822,83
0.842,82
0.787,81
0.787,81
0.797,78
0.797,78
0.763,72
0.714,73
0.680,65
0.555,63
0.479,59
0.404,58
0.354,59
0.354,57
0.380,63
0.405,65
0.404,58
0.380,60
0.354,58
0.329,59
0.355,60
0.355,64
0.330,63
0.355,64
0.336,71
0.331,67
0.307,68
0.339,73
0.327,79
0.294,76
0.292,82
0.269,76
0.252,79
0.237,81
0.212,81
0.232,80
0.217,75
0.217,75
0.227,79
0.170,77
0.227,79
0.195,77
0.162,81
0.177,79
0.170,77
0.195,77
0.177,79
0.170,77
0.182,80
0.194,76
0.172,78
0.195,77
0.220,77
0.220,77
0.197,78
0.222,78
0.197,78
0.187,81
0.212,81
0.191,74
0.177,79
0.222,78
0.182,80
0.222,78
0.205,85
0.255,85
0.226,84
0.209,86
0.259,86
0.209,86
0.263,91
0.220,88
0.270,88
0.270,88
0.276,89
0.214,87
0.270,88
0.234,86
0.247,83
0.230,85
0.212,81
0.205,85
0.201,84
0.205,85
0.192,82
0.205,85
0.209,86
0.220,88
0.180,85
0.172,83
0.197,83
0.192,82
0.201,84
0.197,83
0.147,78
0.172,78
0.152,79
0.167,82
0.187,81
0.172,78
0.147,78
0.214,73
0.263,72
0.264,73
0.264,73
0.269,76
0.272,78
0.237,81
0.227,79
0.207,80
0.177,79
0.167,82
0.271,98



0.167,82
0.184,86
0.176,84
0.182,80
0.201,84
0.151,84
0.177,79
0.204,59
0.255,63
0.255,62
0.157,68
0.180,64
0.155,63
0.156,67
0.161,71
0.163,72
0.192,82
0.233,69
0.155,62
0.169,76
0.182,80
0.172,78
0.133,69
0.129,55
0.153,47
0.153,46
0.153,49
0.127,41
0.302,40
0.202,43
0.227,43
0.252,44
0.279,56
0.254,55
0.303,52
0.279,59
0.281,67
0.256,67
0.310,70
0.288,72
0.263,72
0.266,74
0.295,77
0.267,75
0.320,77
0.317,75
0.366,74
0.336,71
0.311,71
0.360,70
0.332,68
0.358,69
0.356,67
0.332,68
0.330,63
0.380,62
0.355,66
0.355,64
0.355,66
0.330,66
0.305,64
0.305,61
0.355,64
0.305,64
0.355,62
0.330,61
0.355,63
0.305,60
0.355,60
0.329,58
0.354,57
0.304,55
0.353,51
0.328,47
0.328,51
0.378,50
0.354,53
0.353,49
0.429,54
0.454,59
0.405,62
0.455,63
0.405,60
0.404,59
0.379,56
0.355,61
0.304,58
0.354,56
0.354,58
0.354,58
0.305,61
0.330,60
0.304,56
0.304,58
0.280,61
0.330,61
0.330,61
0.305,62
0.305,62
0.355,61
0.305,65
0.305,64
0.356,67
0.355,62
0.405,66
0.355,65
0.355,63
0.330,60
0.405,64
0.330,62
0.355,62
0.355,62
0.355,62
0.355,65
0.330,65
0.355,65
0.355,66
0.330,63
0.305,65
0.330,65
0.355,66
0.305,64
0.305,61
0.355,64
0.304,59
0.356,67
0.355,63
0.330,62
0.380,64
0.355,65
0.381,67
0.355,66
0.404,57
0.379,57
0.404,59
0.404,54
0.379,53
0.403,46
0.528,47
0.528,50
0.553,49
0.578,50
0.553,48
0.627,42
0.654,36
0.487,26
25.884,79
25.545,91
23.904,92
23.913,106
23.924,109
23.888,106
23.923,102
23.917,107
0.732,15
0.798,21
0.787,27
0.758,24
0.732,32
0.680,35
0.861,28
0.837,26
0.861,28
0.712,27
0.781,23
0.907,32
0.631,18
0.586,19
0.842,20
23.811,84
0.829,22
0.898,21
0.661,19
0.881,23
0.798,21
0.758,24
0.706,23
0.757,32
0.857,33
0.810,29
0.657,32
0.806,34
0.757,33
0.857,33
0.804,36
0.732,32
0.756,34
0.804,36
0.804,36
0.803,37
0.807,32
0.777,38
0.727,44
0.604,53
0.654,59
0.658,69
0.664,73
0.692,82
0.669,76
0.664,73
0.672,78
0.672,78
0.695,77
0.692,75
0.691,74
0.711,71
0.708,69
0.730,65
0.705,63
0.705,63
0.705,61
0.704,57
0.654,55
0.654,58
0.630,64
0.704,57
0.654,57
0.655,60
0.654,53
0.629,55
0.653,49
0.702,44
0.702,39
0.753,37
0.752,39
0.760,25
0.835,29
0.860,29
0.807,33
0.711,28
0.808,31
0.710,29
0.857,32
0.686,28
0.781,18
0.760,25
0.912,27
0.973,21
0.892,20
0.892,20
0.704,22
23.319,95
23.773,96
23.984,105
25.791,86
25.977,88
26.347,82
25.789,80
0.904,22
0.836,19
0.831,23
1.068,20
0.806,23
0.782,17
27.009,64
0.857,13
27.174,77
1.058,13
22.804,97
22.576,73
1.008,24
1.060,30
1.058,32
1.053,39
1.078,43
1.079,47
1.055,55
1.056,64
1.031,67
1.092,74
1.043,82
1.102,93
1.071,88
1.072,98
1.132,100
1.081,100
1.098,104
1.098,104
1.093,103
1.077,99
1.093,103
1.089,102
1.064,96
1.128,99
1.068,97
1.032,90
1.070,92
1.089,91
1.083,90
1.060,86
1.060,86
1.068,82
1.099,83
1.099,83
1.077,84
1.093,82
1.078,79
1.129,79
1.057,67
0.803,48
0.327,40
0.252,45
0.179,56
0.160,70
0.192,82
0.264,87
0.295,77
0.257,68
0.255,63
0.307,68
0.305,63
0.305,64
0.355,64
0.330,60
0.355,65
0.405,61
0.380,62
0.406,67
0.406,67
0.505,63
0.555,66
0.556,67
0.555,65
0.555,64
0.505,63
0.505,65
0.480,63
0.430,60
0.455,60
0.455,61
0.455,60
0.454,59
0.454,59
0.479,57
0.479,58
0.454,57
0.454,55
0.453,51
0.479,53
0.453,49
0.478,50
0.503,49
0.503,49
0.503,46
0.527,40
0.528,46
0.553,46
0.477,45
0.478,46
0.503,49
0.503,47
0.553,50
0.503,49
0.479,56
0.504,54
0.454,53
0.504,59
0.479,59
0.505,62
0.505,63
0.454,59
0.455,62
0.505,60
0.505,61
0.504,57
0.505,66
0.504,59
0.454,58
0.504,53
0.453,52
0.478,51
0.502,44
0.502,45
0.452,44
0.452,40
0.552,38
0.506,34
0.504,22
0.411,19
28.148,98
27.366,81
27.111,90
27.209,85
27.629,84
27.729,89
27.725,83
27.829,84
27.907,94
27.599,98
27.503,93
27.725,83
27.545,82
27.917,87
29.442,97
21.321,68
21.223,86
21.179,87
21.271,90
21.402,102
25.790,95
29.354,94
30.020,78
29.980,67
1.181,22
29.786,71
29.542,75
1.038,26
0.902,39
1.003,51
0.905,63
0.964,73
0.941,74
0.914,73
0.892,75
0.967,75
0.910,70
0.886,71
0.833,69
0.606,67
0.382,68
0.232,68
0.182,68
0.182,68
0.161,71
0.160,70
0.195,77
0.170,77
0.187,81
0.141,74
0.177,79
0.195,77
0.192,75
0.169,76
0.192,75
0.217,75
0.167,75
0.164,73
0.167,75
0.229,94

0.255,100
0.201,84
0.172,78
0.187,81
0.244,92
0.254,94
0.242,97
0.246,98
0.225,93
0.208,69
0.228,47
0.277,43
0.252,40
0.253,48
0.202,41
0.303,46
0.255,35
0.259,30
0.210,29
0.262,26
0.406,23
20.136,98
20.159,92
20.228,72
21.366,45
21.493,57
26.849,92
26.849,76
26.974,76
27.383,94
27.550,83
27.458,85
27.508,85
27.720,82
27.850,83
28.615,91
28.152,93
25.627,77
25.683,99
25.645,91
23.782,104
23.774,102
23.693,90
23.702,82
23.640,94
23.716,100
23.696,101
23.773,96
23.906,104
23.612,89
23.475,87
23.362,84
23.879,92
24.026,103
23.965,113
23.895,101
23.906,98
23.911,112
26.763,95
26.631,84
26.697,82
26.685,85
26.855,93
26.852,83
27.024,88
24.010,99
23.967,107
23.927,97
23.836,99
23.793,95
23.961,99
23.062,99
23.787,79
24.005,98
24.008,105
23.873,96
24.002,103
26.053,83
25.927,88
25.453,104
25.820,91
25.839,90
23.346,108
23.221,108
27.005,84
27.897,92
27.740,81
27.770,82
22.476,87
22.314,84
21.834,88
21.478,87
21.481,97
21.358,92
21.258,92
21.172,69
25.569,81
29.158,95
29.687,81
29.982,69
29.269,76
29.954,65
30.390,82
30.654,67
30.745,83
27.691,96
27.622,76
27.792,73
27.760,68
31.252,64
31.635,72
32.102,65
21.944,64
21.953,73
21.992,49
32.160,72
31.811,73
32.423,79
26.168,81
26.178,83
26.259,94
26.288,95
26.326,98
27.691,102
27.647,92
27.641,91
27.604,84
27.598,88
27.616,91
27.674,98
27.582,94
26.622,82
23.019,95
23.011,93
23.037,89

29.503,37
29.552,42
29.502,42
29.578,46
23.455,76
23.437,84
23.406,88
23.338,79
23.353,75
29.602,79
29.563,72
29.514,73
29.592,75
29.669,76
27.030,84
27.055,84
27.026,83
27.091,81
29.561,71
29.505,65
29.479,56
23.203,82
23.081,77
22.967,63
22.828,74
22.771,30
25.834,79
32.205,69
21.902,72
21.842,52
31.751,58
31.217,77
30.584,71
30.592,76
31.741,76
21.694,66
21.419,62
30.514,74
30.543,77
30.662,87
31.102,56
30.826,49
30.828,66
19.969,46
19.946,65
17.856,95
17.815,103
17.822,105
17.719,104
17.669,104
17.640,103
17.611,102
17.569,104
17.510,101
17.442,97
17.382,90
17.319,92
17.238,96
17.235,101
17.238,96
17.255,100
17.305,100
17.300,93
17.383,95
17.488,96
17.594,98
17.758,101
17.836,102
17.940,103
18.027,100
18.121,105
18.240,110
18.294,111
19.580,115
19.671,106
19.816,105
19.816,105
19.963,104
23.033,78
23.071,70
30.902,54
30.852,57
30.801,46
30.802,59
30.553,60
30.615,75
30.605,80
30.670,78
21.396,12
21.544,64
21.520,67
30.411,91
30.367,76
30.289,74
29.934,70
29.080,62
29.110,70
29.114,73
29.022,78
29.166,74
29.601,89
29.601,89
29.855,85
29.400,93
28.977,89
29.158,95
29.567,97
29.889,87
29.855,85
29.360,70
29.288,72
29.022,78
29.058,69
28.918,82
30.465,75
30.328,65
30.635,81
31.909,81
21.692,48
21.644,64
21.683,76
21.678,87
24.147,91
21.674,108
21.652,102
21.402,91
21.197,90
21.123,95
21.034,92
21.036,98
20.978,96
20.973,95
20.969,94
21.028,96
21.103,91
20.984,92
22.957,88
22.954,82
23.008,83
23.130,76
23.100,73
23.094,69
23.074,72
23.016,60
23.015,57
23.015,56
22.990,47
23.039,37
0.132,13
0.187,26
0.207,33
0.203,47
0.178,48
0.229,55
0.254,59
0.205,61
0.254,59
0.206,67
0.182,68
0.157,68
0.213,72
0.213,72
0.217,75
0.217,75
0.194,76
0.227,79
0.216,74
0.194,76
0.197,78
0.166,74
0.211,71
0.207,68
0.169,76
0.189,73
0.214,73
0.188,72
0.186,71
0.166,74
0.160,70
0.205,66
0.161,71
0.166,74
0.169,76
0.172,78
0.169,76
0.142,75
0.157,80
0.144,76
0.182,80
0.162,81
0.127,79
0.167,82
0.192,82
0.152,79
0.192,82
0.127,79
0.192,82
0.147,83
0.151,84
0.205,85
0.176,89
0.180,85
0.207,90
0.201,89
0.207,90
0.276,89
0.244,92

0.301,89






0.232,90
0.226,89
0.155,85
0.226,89
0.205,85
0.172,78
0.172,83
0.197,83
0.147,78
0.142,75
0.167,75
0.167,75
0.138,72
0.163,72
0.141,74
0.157,68
0.157,68
0.106,67
0.155,62
0.130,64
0.105,66
0.155,65
0.106,67
0.155,64
0.113,72
0.163,72
0.161,71
0.116,74
0.167,75
0.145,77
0.170,77
0.157,80
0.162,81
0.122,78
0.167,82
0.187,81
0.182,80
0.151,84
0.205,85
0.122,78
0.145,77
0.172,78
0.167,82
0.157,80
0.127,79
0.202,79
0.144,76
0.167,75
0.116,74
0.107,68
0.136,71
0.157,68
0.130,65
0.161,71
0.130,63
0.154,59
0.179,58
0.154,53
0.154,54
0.203,50
0.153,51
0.153,47
0.178,48
0.178,49
0.202,44
0.202,45
0.203,46
0.203,46
0.152,43
0.202,42
0.227,42
0.204,36
0.156,34
0.231,34
0.159,30
0.187,27
0.148,21

29.003,50
28.516,73
28.366,73
28.184,80
27.758,85
27.645,82
28.028,84
2.957,50
2.907,66
2.919,74
2.917,73
2.884,69
2.919,74
2.913,71
2.906,54
2.905,50
2.854,54
2.853,52
2.904,44
2.905,37
3.070,27
27.728,93
28.169,97
2.856,34
2.802,55
2.832,69
2.847,78
2.899,83
2.885,86
2.883,90
2.897,88
0.244,92
0.275,93
0.288,91
0.197,83
0.217,75
0.255,85
0.291,74
0.254,54
2.932,58
2.801,52
2.988,12
27.559,34
27.555,43
27.581,37
32.330,31
32.574,37
2.915,27
2.852,39
2.905,46
2.853,48
2.699,64
2.648,67
2.652,70
2.658,74
2.705,71
2.713,76
2.713,76
2.695,79
2.766,88
2.763,97
2.789,103
2.747,99
2.759,96
2.747,84
2.774,79
2.752,67
2.750,59
2.776,54
2.749,50
2.801,52
2.775,52
2.750,55
2.777,64
2.783,71
2.756,70

0.172,78
2.716,78
2.711,82
2.737,82
2.706,81
2.675,80
2.661,76
2.753,80
2.732,81
2.722,79
2.714,77
2.711,82
2.680,81
2.661,76
2.710,74
2.695,79
2.714,77
2.711,75
2.748,79
2.662,77
2.690,78
2.714,77
2.650,69
2.676,69
2.700,67
2.725,63
2.699,66
2.754,69
2.702,69
2.708,73
2.702,69
2.702,69
2.650,69
2.596,68
2.673,61
2.749,46
2.775,51
2.723,46
2.722,44
2.779,33
2.802,36
2.804,34
2.826,45
2.800,41
2.699,35
2.573,29
22.787,93
22.822,101
22.779,97
2.808,25
2.748,40
2.695,39
2.749,51
2.698,54
2.699,61
2.725,63
2.678,70
2.676,69
2.603,72
2.607,75
2.548,71
2.606,74
2.656,73
2.635,76
2.617,79
2.643,79
2.607,82
2.642,84
2.628,81
2.607,75
2.612,78
2.658,74
2.633,75
2.661,76
2.649,80
2.685,82
2.630,73
2.594,62
2.644,51
2.698,54
2.733,72
2.710,74
2.699,65
2.700,67
2.648,67
2.751,65
2.778,67
2.786,73
2.751,62
2.723,46
2.618,37
2.643,40
2.644,49
2.594,64
2.624,69
2.711,75
2.643,79
2.690,83
2.685,82
2.654,81
2.612,78
2.612,78
2.560,78
2.610,77
2.595,67
2.571,69
2.524,72
2.574,71
2.516,65
2.516,66
2.594,65
2.543,67
2.596,68
2.547,70
2.551,72
2.551,72
2.552,73
2.552,73
2.498,72
2.554,74
2.555,75
2.555,75
2.545,69
2.542,64
2.541,58
2.541,53
2.565,43
2.565,45
2.514,49
2.593,57
2.542,62
2.541,59
2.594,62
2.619,57
2.644,52
2.644,46
2.699,35
2.810,27





2.602,26
2.539,39
2.539,44
2.567,54
2.567,59
2.595,67
2.596,68
2.570,68
2.596,68
2.594,65
2.594,64
2.670,50
2.697,46
2.540,51
2.542,61
2.542,64
2.594,62
2.619,57
2.698,56
2.592,50
2.542,66
2.560,78
2.604,87















































0.282,107
0.299,105
0.263,102
0.201,89
0.226,89












0.142,75
0.157,68
0.155,61
0.154,53
0.156,67
0.272,78
0.222,78
0.172,83
0.377,79
0.472,83
0.494,92
0.464,87
0.405,85
0.411,71
0.380,60
0.355,64
0.404,56
0.404,58
0.380,61
0.405,63
0.380,61
0.405,61
0.405,64
0.405,61
0.455,62
0.430,61
0.405,62
0.430,62
0.405,60
0.405,61
0.405,63
0.405,64
0.455,61
0.455,63
0.380,63
0.406,67
0.405,65
0.405,64
0.405,63
0.405,66
0.407,68
0.406,67
0.382,68
0.405,64
0.408,69
0.406,67
0.410,70
0.405,62
0.380,66
0.430,65
0.406,67
0.405,63
0.407,68
0.407,68
0.405,66
0.407,68
0.405,63
0.405,64
0.435,70
0.408,69
0.405,66
0.430,65
0.456,67
0.405,61
0.455,63
0.432,68
0.455,61
0.405,65
0.405,65
0.407,68
0.407,68
0.408,69
0.380,65
0.269,76
0.182,80
0.220,88









0.163,72


0.129,58
0.155,62

0.153,52

0.132,33
0.156,23

0.105,35
0.128,37
0.153,37

0.103,37
0.128,37

0.128,37
0.156,34
0.154,36
0.130,35
0.127,38
0.153,48
0.177,40
0.128,50
0.129,54
0.180,63
0.155,61
0.130,61
0.155,64
0.155,63
0.154,59
0.155,63
0.180,64
0.155,60
0.155,62
0.155,63
0.155,66
0.155,64
0.155,63
0.157,68
0.156,67
0.157,68
0.160,70
0.160,70
0.185,70
0.161,71
0.133,69
0.131,67
0.107,68
0.130,65
0.136,71
0.107,68
0.164,73
0.111,71
0.164,73
0.110,70


0.105,63
0.155,62
0.155,62
0.155,62
0.105,62
0.155,63
0.105,62
0.155,60
0.154,57
0.154,56
0.129,57
0.130,61
0.154,58
0.104,57
0.154,58

0.129,59
0.129,54
0.154,57




0.178,51

0.129,53

0.153,49
0.103,47
0.153,47





0.139,73
0.138,72
0.164,73
0.114,73
0.160,70
0.161,71
0.160,70

0.170,77
0.142,75
0.172,83
0.176,84
0.144,76
0.127,79
0.158,69


0.130,61
0.131,67

0.186,71

0.209,86
0.226,89
0.219,92
0.232,90
0.195,88
0.170,77
0.160,70
0.157,68
0.142,75
0.141,74
0.119,76
0.141,74
0.117,75
0.214,87
0.205,85
0.189,87
0.184,86
0.152,79
0.197,78
1.950,70
1.919,66
1.922,69
1.894,63
1.893,55
1.917,47
1.891,38



27.811,31
27.806,46
27.807,57
27.810,68
27.670,75
27.673,77
27.795,82
27.620,82
27.554,84
27.633,85
27.808,100
30.818,88
31.441,76
22.816,53
22.795,69
22.804,75
22.759,78
22.819,90
22.854,82
28.421,76
28.440,91
31.404,68
28.199,78
28.272,88
29.755,64
29.789,87
29.892,82
30.045,83
31.852,65
23.193,68
23.165,58
31.475,50
31.577,60
31.686,73
31.605,69
31.511,73
31.525,51
























30.102,55
29.937,72
29.990,74
29.904,66
30.227,54
30.502,56
3.086,47
3.087,54
3.110,45
3.218,27

3.265,30
3.161,55
3.088,66
3.062,57
3.111,47
3.086,50
3.064,67
3.085,79
3.105,83
3.088,85
3.120,91

0.285,101
0.263,96

2.837,72
2.809,71
2.883,68
2.834,70
2.792,77
2.710,74
2.682,73
2.708,73
2.792,77
2.815,75
2.779,80
2.655,72
2.551,72
2.658,74
2.788,74
2.909,80
3.003,83
2.942,91
2.911,86
2.819,77
2.632,74
2.699,61
2.751,62
2.802,59
2.802,55
2.802,53
2.801,52
2.852,45
2.934,34
2.966,28
2.913,28
2.978,21
2.991,25
3.090,32
2.982,40
2.932,53
2.939,70
2.889,72
2.870,76
2.873,78
2.888,81
2.904,79
2.845,77
2.831,80
2.819,77
2.831,80
2.836,81
2.789,75
2.739,76
2.766,77
2.784,81
2.826,79
2.845,77
2.855,85
2.847,78
2.821,78
2.868,82
2.826,79
2.826,79
2.800,79
2.831,80
2.795,78
2.786,73
2.739,76
2.763,75
2.815,75
2.873,78
2.818,76
2.897,77
2.929,84
2.893,74
2.915,81
2.883,80
2.887,71
2.909,68
2.932,57
2.853,51
2.878,44
2.905,48
2.852,41
2.670,49
2.644,52
2.594,63
2.595,67
2.604,73
2.584,77
2.591,79
2.591,79
2.602,81
2.542,85
2.609,92
2.551,96
2.564,99
2.577,96
2.622,90
2.558,77
2.607,75
2.570,68
2.600,70
2.601,71
2.600,70
2.597,69
2.646,66
2.725,63
2.803,63
2.766,77
2.685,82
2.654,81
2.583,76
2.606,74
2.607,75
2.636,77
2.604,73
2.581,75
2.581,75
2.578,73
2.557,76
2.584,77
2.591,79
2.628,81
2.635,76
2.659,75
2.818,76
3.080,78
3.109,84
3.207,84
3.207,84
3.162,85
3.164,90
3.059,84
2.935,80
2.821,78
2.713,76
2.716,78
2.922,76
3.045,81
3.208,79
3.176,76
3.124,75
3.257,84
3.318,91
3.261,85
3.253,83
3.253,83
3.287,80
3.283,79
3.174,75
2.730,70
2.710,74
2.708,73
2.710,74
2.763,75
3.095,81
3.158,84
3.162,85
3.276,88
3.307,79
3.321,74
3.285,64
2.878,45
2.643,41
2.643,39
2.695,39
2.703,30
2.700,23
30.404,67
31.152,65
12.709,117
0.107,15

0.154,36











0.177,79
0.166,74
0.163,72
0.133,69
0.157,68
0.157,68
0.157,68
0.156,67
0.155,63
0.205,63
0.205,62
0.204,59
0.278,52
0.203,52
0.203,48
0.153,47
0.229,54
0.227,44
0.202,43
0.252,41
0.282,32
0.156,34
0.187,27
0.104,22
0.132,17
0.242,20
0.111,19
12.171,35


0.387,26
0.337,26
0.358,24
0.335,29
0.306,34
0.256,34
-9999999
0.177,41
0.227,39
0.252,39
0.202,40
0.228,47
0.253,48
0.253,51
0.254,54
0.253,52
0.279,55
0.229,56
0.254,58
0.279,55
0.254,58
0.304,56
0.230,62
0.270,77
0.305,85
0.314,87
0.320,88
0.300,93
0.370,88
0.259,86
0.301,89
0.301,89
0.344,92
0.276,84
0.297,83
0.245,77
0.282,80
0.219,76
0.266,74
0.222,78
0.261,71
0.236,71
0.214,73
0.216,74
0.247,83
0.251,84
0.295,88
0.313,91
0.354,94
0.338,91
0.301,89
0.314,87
0.289,87
0.332,90
0.295,88
0.305,85
0.267,82
0.262,81
0.307,80
0.401,84
0.332,90
0.347,83
0.242,75
0.219,76
0.266,74
0.220,77
2.529,75
2.501,74
2.475,74
2.492,68
2.516,65
2.489,56
2.490,63
2.489,54
2.514,49
2.617,42
2.600,25


30.750,39
30.104,67
30.050,39









0.236,19
0.210,25
0.306,23
0.206,23
0.312,26
0.406,23
0.258,24
0.385,29
0.382,33
0.259,30
0.412,27
0.358,31
0.407,33
0.334,30
0.357,32
0.302,38
0.377,39
0.306,34
0.305,35
0.302,40
0.254,36
0.305,35
0.334,30
0.357,32
0.332,33
0.305,35
0.360,29
0.278,37
0.232,32
0.331,34
0.256,34
0.257,32
0.260,29
0.305,35
0.309,30
0.260,29
0.358,31
0.236,28
0.235,29
0.334,30
0.161,28
0.306,23
0.382,14
0.167,20
0.382,16
0.232,13
11.995,47
11.945,48
12.070,55
12.046,65
11.802,25


12.069,46
12.008,74
11.964,78
12.006,73
12.048,80
12.109,110
12.071,113
12.029,91
12.118,38
12.096,63
12.048,80
11.986,76



0.211,28
0.260,25
0.307,32
0.232,32
0.180,35
0.305,35
0.256,34
0.230,35
0.256,34
0.302,38
0.302,39
0.252,40
0.255,35
0.179,36
0.204,36
0.281,34
0.256,34
0.254,36
0.255,35
0.278,37
0.282,33
0.203,37
0.207,32
0.227,38
0.252,38
0.303,37
0.202,41
0.278,37
0.252,40
0.252,44
0.177,42
0.153,51
0.204,53
0.179,56
0.179,57
0.204,58
0.205,60
0.205,60
0.204,58
0.205,60
0.154,59
0.229,59
0.179,55
0.154,58
0.204,59
0.204,57
0.180,60
0.180,60
0.179,58
0.204,59
0.180,61
0.154,59
0.155,62
0.204,57
0.204,55
0.154,59
0.179,54
0.204,56
0.203,52
0.228,48
0.362,27
12.093,40
12.158,97
12.228,115
12.198,80
8.773,101
8.951,102
8.897,86
8.897,86
8.901,96
9.185,130
12.025,95
12.068,45




8.789,41
8.948,70
9.019,67
8.991,51


8.898,70
8.970,90
8.984,98
8.913,93
8.933,88
8.914,89
8.997,86
9.072,95
9.033,92
8.991,52
9.141,38
9.146,9

















































































































8.868,67
8.850,91
8.875,91
8.814,79
12.068,39
12.244,52
12.295,58
12.273,33

12.244,49
12.395,58

12.020,52
12.320,59
12.354,72
12.348,32
12.418,41
12.482,20
12.541,39
12.593,55






























12.667,46



27.106,44












31.724,38
31.624,44





























31.900,46
1.210,31
1.078,40
1.131,55
1.184,68
1.209,68
1.157,64
1.162,70
1.184,68
1.207,66
1.185,69
1.187,70
1.212,70
1.233,66
1.233,64
1.232,56
1.205,46
1.281,42
1.255,38
1.367,26
1.162,25
1.109,33
1.104,40
1.105,46
1.156,54
1.131,54
1.181,57
1.181,59
1.207,62
1.209,68
1.157,61
1.184,68
1.209,68
1.160,69
1.160,69
1.190,72
1.210,69
1.158,67
1.182,66
1.184,68
1.190,72
1.185,69
1.159,68
1.184,68
1.207,66
1.308,58
1.306,44
1.085,30
26.139,95
25.908,84
25.933,99
1.111,30
1.104,40
1.106,53
1.107,61
1.107,64
1.140,72
1.133,67
1.118,74
1.113,71
1.119,75
1.113,71
1.089,72
1.121,76
1.090,73
1.141,73
1.116,73
1.115,72
1.118,74
1.115,72
1.160,69
1.163,71
1.165,72
1.163,71
1.157,64
1.181,57
1.182,60
1.181,58
1.206,53
1.204,44
1.205,46
1.002,39
1.004,36
0.509,30
0.532,33
0.559,30
22.829,75
22.554,75
0.187,26
22.099,71
30.062,73
27.229,93
27.245,74
22.039,84
22.060,83
27.241,81
22.168,85
22.218,85
22.127,73
27.309,85
27.218,73

23.099,91
0.132,15
23.411,93
0.098,21

0.106,23
0.162,27
0.181,23
0.130,35
0.132,33
0.152,39
0.130,35
0.153,37
0.178,37
0.156,34
0.132,32
0.161,28
0.134,30
0.107,33
0.156,34
0.177,38
0.160,29
0.158,31
0.180,35
0.152,39
0.152,41
0.128,37
0.152,43
0.127,41
0.127,42
0.102,42
0.103,37
0.128,46
0.127,42
0.128,47
0.152,43
0.154,53
0.152,45
0.128,49
0.153,50
0.153,46
0.129,55
0.153,52
0.154,55
0.204,57
0.154,57
0.155,62
0.204,57
0.180,62
0.155,65
0.155,66
0.181,67
0.206,67
0.158,69
0.155,65
0.155,66
0.132,68
0.155,66
0.181,67
0.130,64
0.180,62
0.155,65
0.155,62
0.130,65
0.155,66
0.130,63
0.155,66
0.155,63
0.158,69
0.155,63
0.155,64
0.155,64
0.130,62
0.157,68
0.108,69
0.155,63
0.180,65
0.155,63
0.181,67
0.155,63
0.208,69
0.155,65
0.155,66
0.156,67
0.180,63
0.180,60
0.205,64
0.130,60
0.155,62
0.155,61
0.155,64
0.155,62
0.180,66
0.206,67
0.255,66
0.230,65
0.205,62
0.260,70
0.255,65
0.305,66
0.285,70
0.211,71
0.263,72
0.260,70
0.236,71
0.256,67
0.236,71
0.205,66
0.208,69
0.156,67
0.180,64
0.130,66
0.180,65
0.130,61
0.130,61
0.155,64
0.155,61
0.154,56
0.155,60
0.155,62
0.154,57
0.130,60
0.104,56
0.154,56
0.129,56
0.128,52
0.154,57
0.154,58
0.154,55
0.130,60

0.185,70


0.142,75
0.164,73
0.192,82
0.322,83
0.395,77
0.182,68
0.130,64
0.136,71
0.212,81
0.245,88
0.212,81
0.142,75
0.136,71
0.156,67
0.166,74
0.114,73
0.169,76







0.172,78
0.876,84
0.992,82
1.005,85
0.984,86
1.014,87
1.040,87
0.982,80
1.032,80
1.027,79
1.058,80
1.099,83
1.065,87
1.045,92
1.051,93
1.059,95
1.070,92
1.096,92
1.058,90
1.060,86
1.097,88
1.103,84
1.194,82
1.288,86
1.229,84
1.245,82
1.281,79
1.260,80
1.270,75
1.320,74
1.317,72
1.331,79
1.347,82
1.337,80
1.286,80
1.337,90
1.262,86
1.240,81
1.291,81
1.273,77
1.222,76
1.255,79
1.326,78
1.418,81
1.462,85
1.387,80
1.443,81
1.433,79
1.474,75
1.445,73
1.442,71
1.413,68
1.359,54
1.408,43
1.618,30
1.492,25
1.515,32
1.589,62
1.496,73
1.487,63
1.462,61
1.512,63
1.512,65
1.516,69
1.513,67
1.513,67
1.515,68
1.540,68
1.516,69
1.538,65
1.511,54
1.510,52
1.510,47
1.560,40
25.816,86
25.941,86
26.014,95
25.978,98
26.019,96
26.001,92
25.946,87
25.990,95
26.002,98
25.995,102
28.021,76
27.925,83
27.850,83
27.995,82
27.979,89
28.282,100
27.597,92
27.585,80
27.645,82
27.608,65
27.608,62
27.619,74
22.314,84
22.317,56
























18.682,27





















































31.727,65
31.725,52
31.724,41


31.774,43
31.905,24
27.056,44
27.006,38



31.951,22
32.100,47
32.101,56
32.051,57
31.950,51
31.854,32







31.774,39




0.786,19
0.905,35
0.952,44
0.954,53
0.904,54
0.854,56
0.854,56
0.855,60
0.855,62
0.905,61
0.855,64
0.905,61
0.904,58
0.954,53
0.952,43
0.961,28
0.892,20
29.858,24



29.877,40

29.983,30





























































0.882,17
0.808,24
0.832,33
0.804,36
0.777,42
0.753,46
0.728,48
0.703,52
0.704,55
0.705,62
0.711,71
0.764,73
0.742,75
0.767,75
0.762,81
0.777,79
0.767,75
0.782,80
0.752,79
0.742,75
0.772,83
0.722,78
0.782,80
0.782,80
0.720,77
0.782,80
0.716,74
0.732,80
0.720,77
0.782,80
0.747,78
0.727,79
0.719,76
0.707,80
0.719,76
0.752,79
0.747,78
0.787,81
0.744,76
0.727,79
0.737,81
0.737,81
0.792,82
0.764,87
0.784,86
0.814,87
0.730,85
0.751,84
0.742,82
0.751,84
0.770,88
0.770,88
0.751,89
0.712,81
0.739,87
0.739,87
0.705,85
0.720,88
0.726,89
0.700,93
0.708,95
0.742,97
0.688,91
0.744,92
0.701,84
0.692,82
0.707,80
0.727,79
0.716,74
0.719,76
0.716,74
0.685,70
0.716,74
0.736,71
0.708,69
0.714,73
0.735,70
0.711,71
0.688,72
0.707,68
0.689,73
0.739,73
0.708,69
0.708,69
0.722,78
0.742,75
0.702,79
0.701,84
0.747,83
0.737,81
0.720,77
0.732,80
0.707,80
0.742,97
0.735,101
0.719,92
0.720,88
0.769,92
0.759,86
0.714,87
0.751,84
0.755,85
0.770,88
0.762,81
0.785,70
0.753,49
0.877,43
0.854,57
0.845,77
0.801,89
0.809,86
0.772,78
0.791,74
0.792,75
0.811,71
0.816,74
0.763,72
0.770,77
0.827,79
0.826,84
0.832,80
0.827,79
0.851,84
0.872,78
0.952,79
0.945,77
0.967,75
1.008,69
0.956,67
1.004,55
1.055,36











































































29.828,48
29.880,60
29.803,51
29.828,51
29.805,65
29.763,72
29.772,78
29.769,76
29.708,69
29.686,71
29.638,72
29.561,71
29.605,63
29.656,67
29.666,74
29.689,73
29.664,73
29.669,76
29.716,74
29.707,68
29.705,60
29.680,64
29.655,62
29.605,65
29.658,69
29.727,79
29.669,76
29.670,77
29.655,64
29.654,59
29.653,47
29.552,41
29.652,44
29.710,29




































2.418,19
2.305,39
2.333,46
2.386,54
2.361,61
2.387,66
2.440,68
2.443,70
2.443,70
2.427,76
2.401,76
2.428,77
2.401,76
2.424,74
2.422,73
2.443,70
2.439,67
2.490,62
2.463,56
2.436,48
2.539,43
2.490,35
2.443,29
2.341,28
2.336,34
2.410,38
2.333,46
2.334,53
2.360,56
2.385,51
2.412,54
2.386,53
2.385,52
2.334,54
2.334,54
2.334,54
2.334,54
2.385,47
2.385,37
2.391,30

2.263,19
2.231,34
2.367,28
2.392,29
2.341,28
2.361,35
2.385,46
2.333,52
2.386,54
2.359,52
2.385,46
2.384,41
2.436,37
2.311,16

2.236,25
2.179,34
2.123,39
2.124,47
2.176,52
2.125,58
2.230,62
2.178,63
2.202,52
2.229,58
2.280,49
2.280,46
2.279,40
2.282,35





























14.132,21



13.448,19
13.472,108
13.493,120
13.540,119
13.636,118
13.597,121
13.670,114
13.754,123
13.835,118
13.689,119
13.712,125
13.959,118
13.764,119
13.640,119
13.647,108
13.956,104
13.989,54
14.042,24
13.813,48




13.573,19
13.766,100
13.823,102
13.790,62
13.948,72
13.918,95
13.972,115
13.984,118
13.945,121
13.980,117
13.861,112
13.767,120



14.014,54
13.978,110
13.991,120
13.961,112
14.003,123
14.040,120
13.665,119
13.605,123
13.796,121
13.632,117
13.586,118
13.617,113
13.789,119
13.486,118
13.480,110
13.467,100
13.404,97
13.323,70












14.188,36
14.189,60
14.014,53
13.989,22
14.148,73
14.039,65















13.291,46
13.267,55


13.568,34
13.445,69
13.433,104
13.428,116
13.451,122
13.440,119
13.451,122
13.497,121
13.493,120
13.440,119
13.490,119
13.457,117
13.493,120
13.486,118
13.497,121
13.494,107
13.524,81
13.439,79
13.447,121
13.507,117
13.518,120
13.490,119
13.465,119
13.451,122
13.574,115
13.503,116
13.545,95
13.532,117
13.547,121
13.513,112
13.511,118
13.526,109
13.500,96
13.468,34






13.141,46
13.268,64
26.177,78
26.048,82
13.740,61
13.719,114
13.617,113
13.764,119
13.766,113
13.742,120
13.672,121
13.952,135
13.715,94
13.478,116
13.754,123
13.746,121
10.596,137
10.237,116
10.237,116
10.214,110
10.222,112
10.193,111
10.322,112
10.615,130
10.331,108
10.326,113
10.276,113
10.239,110
10.206,108
10.237,116
10.256,108
0.661,28
0.656,34
0.679,36
0.602,42
0.628,48
0.603,51
0.629,56
0.604,55
0.604,56
0.654,54
0.604,56
0.604,55
0.604,53
0.629,58
0.655,61
0.606,67
0.606,67
0.607,68
0.610,70
0.613,72
0.644,76
0.658,69
0.610,70
0.589,73
0.564,73
0.583,69
0.585,70
0.580,66
0.605,63
0.554,56
0.604,53
0.554,56
0.603,48
0.628,48
0.652,45
0.677,45
0.753,46
0.853,47
0.803,49
1.055,54
1.154,50
1.181,59
1.258,60
1.309,63
1.335,63
1.363,69
1.361,67
1.365,70
1.386,67
1.416,70
1.385,63
1.411,63
1.385,66
1.413,68
1.411,66
1.390,70
1.385,65
1.413,68
1.385,66
1.411,62
1.411,64
1.360,63
1.363,69
1.385,65
1.411,61
1.385,66
1.362,68
1.362,68
1.361,67
1.360,64
1.360,63
1.360,66
1.360,65
1.363,69
1.368,72
1.362,68
1.360,65
1.317,72
1.312,69
1.312,69
1.362,68
1.315,71
1.335,65
1.335,64
1.337,68
1.312,69
1.337,68
1.336,67
1.310,67
1.284,64
1.309,62
1.290,71
1.258,64
1.261,69
1.261,69
1.260,68
1.260,68
1.212,70
1.260,68
1.266,72
1.263,70
1.261,69
1.236,69
1.259,67
1.235,68
1.263,70
1.236,69
1.210,69
1.261,69
1.212,70
1.208,67
1.212,70
1.234,67
1.235,68
1.272,76
1.212,70
1.183,67
1.185,69
1.184,68
1.182,65
1.209,68
1.188,71
1.182,66
1.210,69
1.208,67
1.207,66
1.162,70
1.236,69
1.210,69
1.162,70
1.163,71
1.188,71
1.162,70
1.188,71
1.168,74
1.168,74
1.166,73
1.165,72
1.191,73
1.188,71
1.162,70
1.184,68
1.209,68
1.213,71
1.191,73
1.185,69
1.163,71
1.162,70
1.165,72
1.138,71
1.138,71
1.140,72
1.163,71
1.162,70
1.134,68
1.082,67
1.110,69
1.113,71
1.116,73
1.068,75
1.109,68
1.064,72
1.093,75
1.093,75
1.089,72
1.064,72
1.064,72
1.062,71
1.059,69
1.016,74
1.037,71
1.033,69
1.062,71
1.056,66
1.014,73
1.065,73
1.042,74
1.036,70
1.068,75
1.017,75
1.042,74
1.016,74
1.017,75
1.040,73
1.019,76
1.045,76
1.045,76
1.083,80
1.019,76
1.014,73
1.019,76
1.043,75
1.046,77
1.016,74
1.045,76
1.042,74
1.043,75
1.065,73
1.061,70
1.040,73
1.089,72
1.062,71
1.086,70
1.087,71
1.108,67
1.086,70
1.057,67
1.082,67
1.107,64
1.107,66
1.107,66
1.132,63
1.107,66
1.109,68
1.132,65
1.157,61
1.182,65
1.157,64
1.233,65
1.233,63
1.233,63
1.257,59
1.232,57
1.232,54
1.204,44
10.675,100
0.135,25

0.127,38
0.152,38
0.128,50
0.154,56
0.154,57
0.130,64
0.188,72
0.161,71
0.164,73
0.142,75
0.166,74
0.164,73
0.163,72
0.161,71
0.132,68
0.131,67
0.164,73
0.144,76
0.145,77

0.119,76
0.172,78
0.142,75
0.169,76
0.142,75
0.182,80
0.147,78
0.132,80
0.167,82
0.162,81

0.209,86




0.180,85
0.132,80
0.182,80
0.172,78
0.117,75
0.183,69
0.158,69
0.130,64
0.130,63
0.180,66
0.155,66
0.108,69
0.135,70
0.111,71
0.136,71
0.113,72
0.144,76
0.106,67
0.155,63
0.129,55
0.103,51
0.127,44
0.152,39
0.203,37
0.182,33
0.135,25
10.349,119
0.136,19
10.181,108
10.308,128
10.238,103
10.201,113
10.126,113
10.122,112
10.202,120
0.081,18
0.107,16
0.117,20
0.181,18
0.110,25
0.154,22
0.107,15

0.133,31
0.207,17
0.137,26
0.136,28
0.161,28

0.152,44



0.129,53



0.157,68






0.132,68

0.189,73
0.117,75
0.214,73
0.145,77
0.189,73
0.164,73
0.163,72
0.161,71
0.141,74
0.164,73
0.169,76
0.139,73
0.185,70
0.157,68
0.182,68
0.161,71
0.130,66
0.105,66
0.155,66
0.182,68

0.157,68
0.130,65
0.133,69
0.156,67
0.132,68
0.105,64
0.180,66
0.130,64

0.180,65
0.131,67

0.180,66




0.157,68
0.158,69

0.160,70
0.155,61
0.155,66
0.129,57
0.104,53
0.153,52
0.152,40
0.102,45
0.127,41
0.128,46





0.157,68
0.180,64









0.103,50
0.127,45

0.153,48
0.127,43
0.156,34
0.135,29
0.112,26
0.154,22



10.183,115
10.214,110
10.231,101
10.234,102
10.275,94
10.553,114
10.454,114
10.518,124
10.477,120
10.229,114
10.289,123
10.358,134
10.140,123
13.269,120
10.237,129
10.106,108
10.048,99
10.100,119
10.107,121
10.126,113
10.099,106
10.126,113
10.077,113
10.141,117
10.142,104
10.099,106
10.088,103
10.032,108
10.014,110
10.046,105
10.046,105
10.148,125
10.279,127
10.354,133
10.387,129
13.252,122
13.223,121
13.183,117
13.206,123
13.202,122
13.206,123
13.227,122
13.237,118
13.237,118
13.237,118
13.237,118
13.258,117
13.244,120
13.241,119
13.260,124
13.223,121
13.225,128
13.217,126
13.271,127
13.306,123
13.359,124
13.505,123
13.526,122
13.522,121
13.518,120
13.486,118
13.480,123
13.447,121
13.461,118
13.463,112
13.584,111
13.653,116
13.558,104
13.581,92
16.079,93
13.789,106
13.880,117
13.869,127
13.947,134
13.907,136
13.938,132
13.686,131
13.740,126
13.593,120
13.515,119
13.465,119
13.493,120
13.516,126
13.283,117
13.287,118
13.359,111
13.390,106
10.462,129
10.397,125
2.680,27
2.698,59
2.699,66
2.700,67
2.655,72
2.711,75
2.662,77
2.687,76
2.664,78
2.727,80
2.669,79
2.699,85
2.669,79
2.701,80
2.638,78
2.722,79
2.722,79
2.736,74
2.779,80
2.766,77
2.779,80
2.753,80
2.731,71
2.740,77
2.765,76
2.739,76
2.710,74
2.656,73
2.652,70
2.646,66
2.646,64
2.594,65
2.646,66
2.679,71
2.701,68
2.705,71
2.710,74
2.673,65
2.658,74
2.649,68
2.656,73
2.716,78
2.751,85
2.695,79
2.739,76
2.774,79
2.763,75
2.782,70
2.754,69
2.855,63
2.803,60
2.829,63
2.776,59
2.828,55
2.853,52
2.698,54
2.775,46
2.879,49
2.854,54
2.854,54
2.828,54
2.855,61
2.803,62
2.855,60
2.803,65
2.803,66
2.831,68
2.832,69
2.805,68
2.803,64
2.829,63
2.828,58
2.802,54
2.801,49
2.828,54
2.828,55
2.775,51
2.802,53
2.776,57
2.803,62
2.805,68
2.783,71
2.705,71
2.682,73
2.595,67
2.568,60
2.724,59
2.699,61
2.673,62
2.777,64
2.699,60
2.699,60
2.699,62
2.751,62
2.699,60
2.673,60
2.699,63
2.699,62
2.699,62
2.673,65
2.751,62
2.648,67
2.699,66
2.699,66
2.652,70
2.600,70
2.653,71
2.629,72
2.603,72
2.603,72
2.601,71
2.610,77
2.607,75
2.612,78
2.583,76
2.552,73
2.581,75
2.606,74
2.555,75
2.609,76
2.583,76
2.552,73
2.558,77
2.622,80
2.557,76
2.560,78
2.610,77
2.609,76
2.629,72
2.595,67
2.596,68
2.673,66
2.699,63
2.592,50
2.463,54
2.437,58
2.490,65
2.438,65
2.466,68
2.490,66
2.469,70
2.467,69
2.441,69
2.501,74
2.443,70
2.446,72
2.424,74
2.473,73
2.467,69
2.441,69
2.443,70
2.439,67
2.439,67
2.443,70
2.443,70
2.414,67
2.501,74
2.466,68
2.469,70
2.439,67
2.447,73
2.449,74
2.470,71
2.441,69
2.439,67
2.387,65
2.440,68
2.387,66
2.441,69
2.438,65
2.440,68
2.387,66
2.438,63
2.438,66
2.438,66
2.387,66
2.387,65
2.438,65
2.388,67
2.415,68
2.438,66
2.389,68
2.438,64
2.387,66
2.387,65
2.444,71
2.415,68
2.438,65
2.413,65
2.464,66
2.415,68
2.418,70
2.469,70
2.438,64
2.413,66
2.443,70
2.438,64
2.438,66
2.464,66
2.490,64
2.490,60
2.490,66
2.491,67
2.544,68
2.544,68
2.465,67
2.571,69
2.547,70
2.547,70
2.490,61
2.541,53
2.487,42
10.188,82
10.213,97
10.201,100
10.151,85
9.949,54
2.643,42
2.617,45
2.567,56
2.542,60
2.542,64
2.465,67
2.439,67
2.491,67
2.476,75
2.496,71
2.479,76
2.454,77
2.476,82
2.525,87
2.525,87
2.552,87
2.538,84
2.529,82
2.539,79
2.557,76
2.586,78
2.638,83
2.638,83
2.681,96
2.698,94
2.693,93
2.675,90
2.677,86
2.659,82
2.642,84
2.680,81
2.690,83
2.716,83
2.716,83
2.688,77
2.675,80
2.711,75
2.714,77
2.734,73
2.725,64
2.646,63
2.620,64
2.699,63
2.698,57
2.698,53
2.723,49
2.776,36
10.451,85
10.478,80
10.522,89
15.789,86
2.670,49
2.687,76
2.682,87
2.622,80
2.581,75
2.617,79
2.633,82
2.602,81
2.612,78
2.642,84
2.622,80
2.628,81
2.633,82
2.612,78
2.642,84
2.591,79
2.606,74
2.591,79
2.628,81
2.628,81
2.610,77
2.622,80
2.612,78
2.612,78
2.669,79
2.635,76
2.661,76
2.617,79
2.659,75
2.622,80
2.638,83
2.609,76
2.612,78
2.636,77
2.606,74
2.609,76
2.628,81
2.622,80
2.654,81
2.610,77
2.584,77
2.622,80
2.612,78
2.560,78
2.584,77
2.529,75
2.532,77
2.508,78
2.558,77
2.555,75
2.607,75
2.554,74
2.577,72
2.543,67
2.542,65
2.544,68
2.594,61
2.594,64
2.646,65
2.594,61
2.620,61
2.645,59
2.619,59
2.567,57
2.594,61
2.490,60
2.542,61
2.516,62
2.547,70
2.548,71
2.583,76
2.581,75
2.555,75
2.565,79
2.534,78
2.558,77
2.570,80
2.591,79
2.610,77
2.612,83
2.554,74
2.586,78
2.610,77
2.558,77
2.565,79
2.560,78
2.628,81
2.607,82
2.565,79
2.612,78
2.616,84
2.612,83
2.576,81
2.646,85
2.596,80
2.622,80
2.607,75
2.607,75
2.620,64
2.542,64
2.492,68
2.496,71
2.499,73
2.554,74
2.492,68
2.498,72
2.524,72
2.495,70
2.528,74
2.499,73
2.524,72
2.498,72
2.522,71
2.545,69
2.547,70
2.606,74
2.496,71
2.554,74
2.554,74
2.555,75
2.532,77
2.583,76
2.503,75
2.558,77
2.558,77
2.557,76
2.558,77
2.555,82
2.505,76
2.558,77
2.497,81
2.539,79
2.518,80
2.508,78
2.482,78
2.456,78
2.461,79
2.454,77
2.450,75
2.487,79
2.466,80
2.452,76
2.456,78
2.449,74
2.501,74
2.473,73
2.501,74
2.446,72
2.447,73
2.470,71
2.501,74
2.456,78
2.449,74
2.466,80
2.452,76
2.450,75
2.450,75
2.401,76
2.269,75
1.843,65
1.513,67
1.413,68
1.412,67
1.413,68
1.413,68
1.438,68
1.414,69
1.366,71
1.426,77
1.422,74
1.365,70
1.397,74
1.395,73
1.397,74
1.422,74
1.448,75
1.423,75
1.423,75
1.397,74
1.426,77
1.400,76
1.400,76
1.425,76
1.450,76
1.459,79
1.425,76
1.408,79
1.375,77
1.403,78
1.423,82
1.464,80
1.443,81
1.433,79
1.418,81
1.413,80
1.392,81
1.438,80
1.403,78
1.428,78
1.400,76
1.423,75
1.428,78
1.408,79
1.438,80
1.425,76
1.426,77
1.400,76
1.428,78
1.453,78
1.426,77
1.403,78
1.477,77
1.425,76
1.484,79
1.425,76
1.398,75
1.443,81
1.451,77
1.426,77
1.468,71
1.422,74
1.403,78
1.395,73
1.445,73
1.422,74
1.477,77
1.471,73
1.420,73
1.448,75
1.393,72
1.401,77
1.391,71
1.419,72
1.422,74
1.411,62
1.411,65
1.435,59
1.410,54
1.409,46
1.409,47
1.409,48
1.486,57
1.538,65
1.521,72
1.484,79
1.469,81
1.462,85
1.491,86
1.489,90
1.553,88
1.555,83
1.720,86
0.201,84
0.167,82
0.160,70
0.164,73
0.187,81
0.180,85
0.230,85







0.244,92
0.195,88
0.184,86
0.189,87
0.197,83
0.200,93
0.188,91
0.244,92
0.195,88
0.188,91
0.209,86
0.164,87
0.205,85
0.159,86
0.201,84
0.142,82
0.147,83
0.127,79
0.162,81
0.197,83
0.142,82
0.145,77
0.147,78
0.120,77
0.187,81
0.187,81
0.170,77
0.144,76
0.177,79
0.162,81
0.177,79
0.170,77




0.153,51

0.128,46
0.179,53
1.462,60
1.563,62
1.518,70
1.519,71
1.524,74
1.524,74
1.495,72
1.521,72
1.490,69
1.495,72
1.496,73
1.471,73
1.488,67
1.467,70
1.518,70
1.467,70
1.467,70
1.464,68
1.492,70
1.495,72
1.474,75
1.467,70
1.474,75
1.465,69
1.493,71
1.468,71
1.493,71
1.444,72
1.473,74
1.495,72
1.468,71
1.499,75
1.471,73
1.499,75
1.468,71
1.471,73
1.488,67
1.495,72
1.530,78
1.499,75
1.473,74
1.496,73
1.495,72
1.474,75
1.450,76
1.496,73
1.474,75
1.459,79
1.453,78
1.473,74
1.477,77
1.420,73
1.425,76
1.423,75
1.397,74
1.419,72
1.363,69
1.360,65
1.312,69
1.258,64
0.805,62
0.579,54
0.402,43
0.302,43
0.403,49
0.302,43
0.404,53
0.378,51
0.354,55
0.354,54
0.354,59
0.329,58
0.304,58
0.330,63
0.305,65
0.330,65
0.307,68
0.305,64
0.306,67
0.331,67
0.307,68
0.308,69
0.281,67
0.285,70
0.280,65
0.305,62
0.282,68
0.280,64
0.282,68
0.261,71
0.288,72
0.319,76
0.289,73
0.311,71
0.281,67
0.281,67
0.305,64
0.230,64
0.279,57
0.254,53
0.253,46
0.253,46
0.227,44
0.303,49
0.329,54
0.304,57
0.255,63
0.255,66
0.267,75
0.257,80
0.277,79
0.252,79
0.287,81
0.262,81
0.262,81
0.232,80
0.305,85
0.297,83
0.287,81
0.282,80
0.257,80
0.277,79
0.287,81
0.334,86
0.287,81
0.307,80
0.312,81
0.292,75
0.342,82
0.297,78
0.327,79
0.352,79
0.417,82
0.432,80
0.467,75
0.464,73
0.436,71
0.380,63
0.354,55
0.254,53
0.230,61
0.230,64
0.208,69
0.185,70
0.227,79
0.220,77
0.237,81
0.237,81
0.217,82
0.226,84
0.226,84
0.207,80
0.182,80
0.207,80
0.232,80
0.232,80
0.232,80
0.207,80
0.222,78
0.169,76
0.177,79
0.255,85
0.247,83
0.212,81
0.226,84
0.222,83
0.242,82
0.232,80
0.237,81
0.252,79
0.297,83
0.320,77
0.294,76
0.270,77
0.269,76
0.269,76
0.247,78
0.247,78
0.282,80
0.220,77
0.287,81
0.245,77
0.282,80
0.277,79
0.287,81
0.191,74
0.217,75
0.186,71
0.217,75
0.189,73
0.195,77
0.164,73
0.185,70
0.208,69
0.206,67
0.208,69
0.213,72
0.183,69
0.155,65
0.157,68
0.208,69
0.208,69
0.208,69
0.185,70
0.239,73
0.239,73
0.310,70
0.363,72
0.411,71
0.310,70
0.330,65
0.305,64
0.305,60
0.354,58
0.329,59
0.329,57
0.329,55
0.279,57
0.255,60
0.205,62
0.180,65
0.230,65
0.230,60
0.255,64
0.280,63
0.354,56
0.404,55
0.403,52
0.354,56
0.378,50
0.353,49
0.403,47
0.379,56
0.403,49
0.404,53
0.478,48
0.503,51
0.554,55
0.605,60
0.629,58
0.629,57
0.655,60
0.654,57
0.655,61
0.604,58
0.504,55
0.453,48
0.377,45
0.302,43
0.277,45
0.302,38
0.302,42
0.277,41
0.352,42
0.277,40
0.282,33
0.302,38
0.257,33
0.256,34
0.284,30
0.261,28
0.335,29
0.362,27
0.211,28
0.262,27
0.258,31
0.331,34
0.384,30
0.402,41
0.352,41
0.352,39
0.352,42
0.352,44
0.328,47
0.377,44
0.328,47
0.328,46
0.354,55
0.354,58
0.380,60
0.355,66
0.339,73
0.357,68
0.314,73
0.364,73
0.356,67
0.364,73
0.357,68
0.380,65
0.355,64
0.355,66
0.330,66
0.333,69
0.356,67
0.355,63
0.330,64
0.355,65
0.304,59
0.355,62
0.305,60
0.330,65
0.305,64
0.330,60
0.304,58
0.279,56
0.279,57
0.305,61
0.305,60
0.305,60
0.305,63
0.255,61
0.281,67
0.205,64
0.207,68
0.235,70
0.266,74
0.257,80
0.267,75
0.216,74
0.247,78
0.252,79
0.266,74
0.252,79
0.242,75
0.264,73
0.269,76
0.264,73
0.216,74
0.210,70
0.241,74
0.242,75
0.272,78
0.241,74
0.267,75
0.241,74
0.242,82
0.264,73
0.261,71
0.257,68
0.257,68
0.256,67
0.280,62
0.229,59
0.254,53
0.253,46
0.253,48
0.228,51
0.228,51
0.254,58
0.204,58
0.204,53
0.204,56
0.204,54
0.253,51
0.253,47
0.177,43
0.227,40
0.127,41
0.152,43
0.153,47
0.153,52
0.154,57
0.180,65
0.205,62
0.205,66
0.205,65
0.255,64
0.206,67
0.182,68
0.205,63
0.205,65
0.182,68
0.180,64
0.206,67
0.230,66
0.206,67
0.211,71
0.180,62
0.255,65
0.230,61
0.204,59
0.203,51
0.177,45
0.202,40
0.228,37
0.156,23
0.106,23

8.235,39
8.236,49
8.135,50
8.186,48
8.185,42
8.091,30





0.109,30
0.160,29
0.152,39
0.127,44
0.129,53
0.155,64
0.141,74
0.167,75
0.127,79
0.160,70
0.153,49
0.177,40
0.206,34
0.161,28
0.132,13
18.369,78
0.232,14
18.359,81

18.376,94
18.357,101
18.318,104
18.330,95
18.401,94
18.377,100
18.379,90
18.402,64















17.579,23



17.776,48
17.851,48















17.511,27
17.731,69
17.842,76
17.865,82
17.857,86
17.870,83
17.881,69
17.877,57
17.835,26
17.826,46
17.778,60
17.778,63
17.764,74
17.774,84
17.743,88
17.774,89
17.760,81
17.780,68
17.831,69
17.778,62






8.110,50
8.101,76
8.114,90
8.064,90
8.083,99
0.137,26
0.162,27
0.135,25

0.156,34
0.152,42
0.127,43
0.153,48
0.153,52
0.128,50
0.204,54
0.130,62
0.154,59
0.179,59
0.180,65
0.155,63
0.181,67
0.157,68
0.205,65
0.205,60
0.205,65
0.205,61
0.204,59
0.230,61
0.181,67
0.230,61
0.204,59
0.204,53
0.204,55
0.204,53
0.253,51
0.252,38
0.178,46
0.180,35
0.152,41
0.179,53
0.153,51
0.154,57
0.155,63
0.130,66
0.138,72
0.154,59
18.054,90
18.066,92
18.104,80
18.083,71
18.100,51





















18.057,70
18.060,102
18.075,106
18.110,102
18.173,99
18.210,102
18.294,111
18.282,108
18.271,105
18.394,111
15.852,124
15.604,118
15.583,119
15.583,119
15.625,117
15.640,121
15.652,111
15.733,106
15.665,121
15.625,117
15.619,122
15.654,118
15.571,116
15.583,119
15.698,110
15.579,118
15.648,123
14.895,115
14.646,96
14.663,113
14.640,107
14.506,124
14.233,118
14.223,122
14.287,119
14.198,122
11.873,138
11.808,129
11.779,128
11.900,133
11.766,131
11.839,124
11.883,129
11.888,136
11.854,134
11.784,135
11.737,130
11.700,127
11.721,126
11.750,127
11.762,130
11.791,131
11.809,135
11.893,137
11.968,137
11.904,128
11.941,131
11.975,133
14.298,122
14.215,120
14.179,117
14.233,118
14.171,115
14.175,116
14.217,114
14.212,119
14.221,115
14.233,118
14.260,125
14.244,121
14.273,122
14.240,120
14.263,126
14.227,123
14.183,118
14.190,120
14.456,124
14.502,123
18.232,108
18.173,99
18.154,90
18.192,88
18.332,101
18.325,106
18.296,105
18.310,91
18.328,67



















18.200,49
18.332,70
18.386,73
18.388,74
18.389,75
18.379,80
18.373,84
18.360,96
18.339,97
18.335,96
18.352,100
18.348,99
18.335,72
18.327,85
15.839,86
15.643,72
15.635,100
15.592,115
15.583,119
15.602,111
15.663,114
15.610,113
15.629,118
15.748,123
15.646,116
15.679,118
15.665,121
15.650,117
15.729,118
15.748,123
15.765,121
16.020,129
15.940,121
15.823,110
15.710,113
15.671,116
15.675,117
15.667,115
15.671,116
15.742,115
15.788,114
15.829,118
15.833,119
15.823,110
15.838,95
15.847,97
15.826,104
15.772,103
15.740,101
15.748,110
15.733,119
15.717,115
15.746,116
15.756,125
15.686,120
15.700,117
15.713,114
15.671,116
15.688,114
15.660,113
15.671,116
15.721,116
15.727,124
15.740,121
15.761,120
15.769,109
15.787,107
15.702,111
15.710,113
15.677,111
15.725,117
15.715,108
15.756,89
15.693,72
0.611,19
0.558,24
0.684,30
0.604,36
0.655,35
0.680,35
0.607,32
0.679,36
0.627,39
0.627,39
0.652,42
0.602,43
0.603,49
0.627,43
0.678,46
0.553,47
0.628,47
0.604,53
0.653,48
0.628,51
0.653,50
0.703,50
0.677,45
0.628,46
0.702,45
0.702,44
0.702,40
0.752,40
0.777,38
0.702,40
0.752,44
0.678,49
0.678,50
0.654,56
0.655,64
0.705,63
0.680,61
0.655,64
0.655,61
0.654,55
0.703,51
0.752,45
0.802,40
0.803,46
0.754,53
0.754,58
0.754,57
0.757,68
0.707,68
0.755,65
0.739,73
0.736,71
0.769,76
0.767,75
0.742,75
0.745,77
0.762,81
0.792,82
0.732,80
0.752,79
0.772,83
0.752,79
0.732,80
0.747,78
0.757,80
0.772,83
0.742,82
0.695,77
0.707,80
0.720,77
-9999999
0.702,79
0.716,74
0.680,66
0.730,65
0.704,53
0.703,47
0.753,37
0.853,37
0.828,37
0.857,33
0.856,34
0.827,38
0.856,34
0.852,39
0.782,33
0.806,34
0.853,37
0.758,31
0.782,32
0.757,33
0.759,30
0.762,27
0.906,23
0.884,30
0.812,27
0.831,18
15.940,70
0.832,10
16.057,106
16.107,106
16.066,115
16.012,107
16.053,105
16.116,115
16.120,116
16.145,116
16.085,120
15.890,121
15.844,122
15.873,123
15.929,118
16.390,91
16.256,49
16.160,67
16.382,85
16.374,111
16.395,110
16.480,106
16.434,107
16.378,112
16.364,115
16.403,112
16.415,102
16.462,101
16.332,94
18.260,96
18.227,100
18.167,88
18.181,86
16.300,104
16.293,109
16.337,114
16.301,111
16.289,108
16.271,103
16.282,106
16.275,104
16.228,105
16.228,105
16.275,104
16.289,108
16.311,107
16.334,113
16.334,113
16.242,96
18.198,84
18.204,90
18.239,103
16.481,94
16.407,100
16.387,101
16.403,112
16.360,114
16.380,106
16.457,100
16.369,103
16.410,114
16.407,85
16.283,60
16.347,92
16.359,80
16.171,103
15.965,121
15.886,120
15.833,119
15.836,120
15.863,114
15.844,122
15.850,117
16.266,115
16.684,95
15.757,79
15.988,69
16.410,69
16.928,38



18.116,76


15.985,64
15.996,74
16.042,72
16.032,49
16.033,53
15.983,51
16.032,50
16.032,51
16.033,57
16.040,71
15.996,74
15.993,72
15.935,61
16.031,40
16.010,66
15.984,56
16.074,77
16.010,85
16.024,88
15.982,79
15.852,78
17.870,83
17.805,90
0.158,24
0.207,32
0.152,41
0.177,44
0.153,48
0.153,49
0.178,52
0.179,53
0.154,57
0.155,60
0.179,59
0.155,60
0.155,60
0.155,63
0.180,61
0.180,62
0.156,67
0.158,69
0.180,66
0.210,70
0.183,69
0.158,69
0.210,70
0.158,69
0.207,68
0.160,70
0.188,72
0.106,67
0.185,70
0.138,72
0.163,72
0.160,70
0.161,71
0.189,73
0.206,67
0.164,73
0.135,70
0.164,73
0.188,72
0.163,72
0.170,77
0.142,75
0.169,76
0.169,76
0.147,78
0.152,79
0.169,76
0.169,76
0.177,79
0.167,75
0.147,78
0.170,77
0.147,78
0.172,78
0.157,80
0.169,76
0.147,78
0.169,76
0.122,78
0.132,80
0.119,76
0.119,76
0.182,80
0.145,77
0.172,78
0.164,73
0.139,73
0.120,77
0.139,73
0.164,73
0.142,75
0.170,77
0.197,78
0.167,75
0.172,78
0.141,74
0.177,79
0.145,77
0.144,76
0.152,79
0.145,77
0.144,76
0.164,73
0.166,74
0.164,73
0.142,75
0.170,77
0.161,71
0.191,74
0.214,73
0.235,70
0.305,66
0.355,62
0.379,57
0.405,60
0.404,57
0.405,63
0.404,57
0.405,61
0.405,62
0.405,62
0.405,60
0.429,55
0.429,56
0.403,52
0.452,45
0.427,44
0.502,45
0.452,43
0.402,40
0.404,55
0.405,60
0.382,68
0.360,70
0.383,69
0.406,67
0.364,73
0.357,68
0.358,69
0.380,62
0.330,60
0.355,65
0.355,65
0.380,62
0.330,60
0.330,64
0.355,62
0.379,57
0.379,58
0.355,60
0.330,63
0.305,66
0.207,68
0.232,68
0.180,66
0.185,70
0.211,71
0.160,70
0.164,73
0.186,71
0.160,70
0.163,72
0.161,71
0.186,71
0.166,74
0.186,71
0.219,76
0.160,70
0.167,75
0.164,73
0.164,73
0.164,73
0.166,74
0.166,74
0.182,80
0.170,77
0.187,81
0.164,73
0.119,76
0.163,72
0.194,76
0.189,73
0.213,72
0.207,68
0.231,67
0.255,64
0.330,65
0.355,63
0.430,61
0.380,60
0.404,58
0.404,57
0.405,60
0.405,63
0.405,63
0.405,64
0.430,65
0.456,67
0.435,70
0.407,68
0.433,69
0.413,72
0.385,70
0.335,70
0.358,69
0.311,71
0.313,72
0.291,74
0.211,71
0.241,74
0.211,71
0.239,73
0.183,69
0.217,75
0.158,69
0.191,74
0.138,72
0.157,68
0.108,69
0.161,71
0.135,70
0.133,69
0.138,72
0.155,66
0.105,66
0.110,70
0.132,68
0.131,67
0.156,67
0.132,68
0.136,71
0.130,64
0.158,69
0.132,68
0.158,69
0.132,68
0.106,67
0.111,71
0.160,70
0.132,68
0.133,69
0.139,73
0.163,72
0.133,69
0.158,69
0.155,65
0.158,69
0.155,66
0.161,71
0.156,67
0.156,67
0.158,69
0.156,67
0.130,66
0.155,66
0.156,67
0.130,64
0.155,63
0.155,64
0.205,60
0.206,67
0.230,64
0.255,60
0.305,64
0.354,58
0.355,61
0.405,63
0.455,63
0.455,63
0.455,62
0.505,64
0.455,64
0.457,68
0.430,63
0.461,71
0.511,71
0.482,68
0.507,68
0.555,63
0.530,63
0.555,61
0.529,59
0.505,62
0.504,58
0.504,59
0.479,59
0.504,58
0.504,59
0.555,64
0.555,61
0.758,69
0.810,70
0.910,70
1.045,76
1.213,71
1.270,75
1.292,72
1.267,73
1.320,74
1.312,69
1.320,74
1.324,77
1.326,78
1.321,75
1.323,76
1.272,76
1.331,79
1.281,79
1.299,77
1.306,79
1.317,72
1.269,74
1.323,76
1.315,71
1.314,70
1.311,68
1.284,66
1.335,66
1.341,71
1.314,70
1.276,78
1.276,78
1.189,81
1.056,85
0.912,81
0.805,85
0.702,79
0.627,79
0.619,76
0.567,75
0.539,73
0.508,69
0.507,68
0.505,66
0.533,69
0.457,68
0.461,71
0.458,69
0.463,72
0.508,69
0.457,68
0.481,67
0.507,68
0.461,71
0.456,67
0.455,66
0.455,65
0.455,65
0.457,68
0.480,65
0.430,66
0.455,66
0.480,65
0.482,68
0.505,61
0.456,67
0.430,65
0.455,64
0.458,69
0.481,67
0.456,67
0.510,70
0.516,74
0.460,70
0.464,73
0.511,71
0.513,72
0.567,75
0.510,70
0.567,75
0.567,75
0.594,76
0.572,78
0.662,81
0.682,80
0.682,80
0.747,83
0.716,74
0.787,81
0.713,72
0.719,76
0.710,70
0.605,66
0.656,67
0.730,66
0.705,60
0.629,57
0.604,53
0.653,48
0.628,48
0.653,50
0.653,48
0.703,52
0.653,52
0.604,55
0.603,52
0.554,57
0.504,55
0.529,59
0.580,61
0.530,63
0.555,62
0.580,63
0.555,64
0.555,66
0.505,63
0.506,67
0.480,64
0.456,67
0.505,65
0.457,68
0.511,71
0.516,74
0.514,73
0.519,76
0.522,78
0.520,77
0.552,79
0.539,73
0.519,76
0.545,77
0.547,78
0.542,82
0.572,78
0.552,79
0.545,77
0.542,82
0.569,76
0.520,77
0.545,77
0.572,78
0.519,76
0.572,78
0.587,81
0.617,82
0.562,81
0.582,80
0.577,79
0.622,83
0.587,81
0.592,82
0.602,79
0.602,79
0.572,78
0.627,79
0.612,81
0.582,80
0.577,79
0.632,80
0.617,82
0.620,77
0.627,79
0.662,81
0.622,78
0.632,80
0.644,76
0.627,79
0.622,78
0.644,76
0.622,78
0.622,78
0.687,81
0.652,79
0.632,80
0.620,77
0.642,75
0.642,75
0.647,78
0.639,73
0.669,76
0.617,75
0.641,74
0.677,79
0.616,74
0.644,76
0.667,75
0.677,79
0.667,75
0.670,77
0.616,74
0.669,76
0.672,78
0.616,74
0.641,74
0.645,77
0.677,79
0.670,77
0.645,77
0.647,78
0.639,73
0.670,77
0.622,78
0.647,78
0.682,80
0.637,81
0.657,80
0.647,78
0.670,77
0.620,77
0.627,79
0.669,76
0.644,76
0.614,73
0.672,78
0.672,78
0.619,76
0.652,79
0.617,75
0.622,78
0.619,76
0.645,77
0.670,77
0.607,80
0.619,76
0.595,77
