0,0
,
,
,
,
,
,
,
0.282,15
,
,
,
,
,
,
,
,
,
,
,
,
,
,
,
,
,
,
,
,
,
,
,
,
,
,
,
,
,
,
,
,
16.934,31
16.928,43
16.929,46
16.904,47
16.93,53
16.904,49
16.88,53
16.881,62
16.914,72
16.989,96
17.03,100
17.032,107
17.014,109
16.958,107
16.889,91
16.865,87
16.88,94
16.947,104
16.947,104
16.983,107
16.933,107
16.983,107
16.929,106
16.929,106
16.99,109
16.94,109
16.983,107
16.923,111
16.99,109
16.948,111
16.981,113
16.965,109
16.933,107
16.922,104
16.929,106
16.875,105
16.925,105
16.936,108
16.947,104
16.925,105
16.958,107
16.979,106
16.986,108
16.99,109
16.986,108
16.958,107
16.975,105
16.975,105
16.947,104
16.931,100
16.927,99
16.89,87
16.86,86
16.848,78
16.908,90
16.927,99
16.968,103
17.014,109
16.958,107
16.931,100
18.996,99
18.955,101
19.011,97
18.977,107
18.966,98
18.932,81
18.93,70
18.999,59
19.025,67
18.98,70
18.962,75
18.957,81
18.957,81
18.912,75
18.931,71
16.54,72
16.533,67
16.484,68
16.539,81
16.528,84
16.547,88
16.54,96
16.612,101
16.655,106
16.612,108
16.603,112
16.702,112
16.752,125
16.752,125
16.736,121
16.744,123
16.694,123
16.736,121
16.752,125
16.715,122
16.748,124
16.75,105
19.245,99
19.214,88
16.315,81
16.484,80
16.366,73
16.482,65
16.472,77
16.519,82
16.559,80
16.599,78
16.635,95
16.448,98
16.437,108
16.403,112
16.373,98
16.47,110
16.66,127
19.279,121
16.69,122
16.825,131
16.773,124
16.706,113
16.601,105
16.63,106
16.634,107
16.641,109
16.657,113
0.206,23
0.382,14
0.209,30
0.159,30
0.207,32
0.23,35
0.202,40
0.202,39
0.252,43
0.253,49
0.228,50
0.203,51
0.204,54
0.229,54
0.204,54
0.229,59
0.229,54
0.204,59
0.204,59
0.155,60
0.179,58
0.229,56
0.18,60
0.204,58
0.205,60
0.18,63
0.205,65
0.205,61
0.205,62
0.205,62
0.205,64
0.205,61
0.23,64
0.205,64
0.205,64
0.205,61
0.23,62
0.23,64
0.255,64
0.18,63
0.23,64
0.18,62
0.23,65
0.208,69
0.205,64
0.206,67
0.208,69
0.213,72
0.239,73
0.222,78
0.232,80
0.212,81
0.247,83
0.212,81
0.247,83
0.239,87
0.238,91
0.226,89
0.238,96
0.238,96
0.221,98
0.271,98
0.225,93
0.207,90
0.282,90
0.251,84
0.272,83
0.247,78
0.266,74
0.27,77
0.264,73
0.261,71
0.263,72
0.306,67
0.281,67
0.285,70
0.256,67
0.307,68
0.281,67
0.28,66
0.281,67
0.305,64
0.305,65
0.308,69
0.28,66
0.255,62
0.258,69
0.281,67
0.23,62
0.255,66
0.256,67
0.263,72
0.256,67
0.23,66
0.255,66
0.255,66
0.255,65
0.231,67
0.256,67
0.207,68
0.23,63
0.205,63
0.205,65
0.205,66
0.205,66
0.205,65
0.205,65
0.204,55
0.204,59
0.155,60
0.179,57
0.204,56
0.204,55
0.229,57
0.229,55
0.178,52
0.203,47
0.178,50
0.178,47
0.152,42
0.179,36
0.16,29
16.363,121
16.299,117
16.226,111
16.18,112
16.262,114
0.21,29
0.277,40
0.252,41
0.203,51
0.203,51
0.179,53
0.128,49
0.152,44
0.202,42
0.152,45
0.202,42
0.127,40
0.127,44
0.203,47
0.252,38
0.286,28
0.307,9
16.289,121
16.354,125
16.332,119
16.426,118
16.426,118
-9999999,
16.376,118
16.335,120
16.376,118
16.418,116
16.487,121
16.368,116
16.324,117
16.387,121
16.412,121
16.412,121
16.328,118
16.349,117
16.232,106
16.028,105
16.093,122
16.367,122
16.391,122
16.343,122
16.35,124
16.356,119
16.335,120
16.318,122
16.31,120
16.282,119
16.345,116
16.339,121
16.339,121
16.318,122
16.462,121
16.418,116
16.428,112
16.472,117
16.582,113
16.566,122
16.458,120
16.456,126
14.591,133
14.283,118
14.202,110
14.176,103
14.187,106
14.183,105
14.214,113
14.217,114
14.233,118
14.229,117
14.248,122
14.21,112
14.287,119
14.325,129
14.41,125
14.584,125
14.329,117
14.264,113
14.287,119
14.214,113
14.262,106
14.402,110
14.248,109
14.244,101
14.23,104
14.605,111
14.709,125
14.684,112
14.78,124
14.751,123
14.712,126
14.452,123
14.269,121
14.26,112
14.294,121
14.287,119
14.177,123
14.115,120
14.09,120
14.087,119
14.189,113
14.346,134
14.305,136
16.418,116
16.412,29
28.129,79
18.253,34
16.648,98
16.725,105
16.634,68
18.161,73
18.28,69
18.117,88
18.119,111
16.886,108
17.621,124
16.805,126
16.572,117
16.576,118
16.566,122
16.583,120
16.566,122
16.633,120
16.719,110
16.809,114
16.775,118
16.788,115
16.786,108
16.806,100
16.823,111
16.771,117
16.813,115
16.817,116
16.767,116
16.717,116
16.674,124
16.535,127
16.158,126
16.062,127
15.936,120
15.886,120
15.983,119
16.074,117
16.135,120
16.371,123
16.406,126
16.449,124
16.681,126
16.757,120
16.738,115
16.763,115
16.746,117
16.709,114
16.757,120
16.729,119
16.647,117
16.501,118
16.441,122
16.391,122
16.426,118
16.508,120
16.53,119
16.468,116
16.552,93
16.609,80
,
,
,
17.982,86
17.991,110
17.931,95
17.925,44
17.94,75
17.93,68
17.965,97
18.017,117
18.01,115
17.949,112
16.049,117
15.894,109
16.072,123
15.983,119
16.224,117
16.199,117
16.139,121
16.158,126
16.151,111
16.072,110
16.25,104
17.7,79
17.622,105
17.543,88
17.52,104
17.567,110
17.606,114
17.586,115
17.61,115
17.618,117
17.603,113
17.618,117
17.573,118
17.586,115
17.523,118
17.523,118
17.497,111
17.527,106
17.512,115
17.47,117
17.519,117
17.565,116
17.588,122
16.811,121
16.771,117
16.814,91
16.798,124
16.763,115
16.326,124
14.305,136
14.007,124
14.027,123
8.669,90
8.85,115
8.708,104
8.758,104
8.77,107
8.805,103
8.902,109
8.844,90
8.846,86
8.906,110
8.987,118
9.204,122
9.051,115
8.971,114
9.035,104
9.06,104
9.081,97
9.365,131
9.146,107
9.115,112
9.258,123
9.328,115
9.254,109
9.334,123
9.204,109
9.158,110
9.186,104
11.403,121
10.387,129
6.832,132
6.709,113
6.608,113
6.55,111
6.538,108
6.55,111
6.542,109
6.541,102
6.532,94
6.654,112
6.511,95
9.005,135
9.094,113
9.286,117
9.183,110
9.181,116
9.092,106
9.096,107
9.311,130
9.006,110
9.014,112
9.016,106
9.128,122
8.876,109
8.861,105
8.802,109
8.69,106
8.759,111
8.975,134
11.501,133
14.21,125
14.196,115
14.192,127
14.081,124
11.404,139
11.185,129
11.286,135
11.272,106
16.618,116
16.727,112
16.634,107
,
17.653,113
17.416,116
17.466,116
17.586,96
16.078,118
16.053,118
16.039,121
16.041,115
14.365,120
14.196,115
14.217,114
14.213,126
14.229,117
14.383,118
14.331,124
14.551,123
14.498,109
14.547,109
14.578,117
14.72,128
14.448,122
14.337,119
14.379,117
14.329,117
14.383,118
14.383,118
14.379,117
14.34,120
14.344,121
14.394,121
14.344,121
14.394,121
14.471,128
14.528,117
14.682,131
14.703,130
14.666,127
14.586,119
14.46,112
14.36,112
14.308,118
14.29,120
14.283,118
14.281,124
14.262,119
14.248,122
14.208,118
14.198,122
14.19,120
14.179,117
14.169,121
14.154,117
14.183,118
14.256,124
14.217,114
14.233,118
14.24,120
14.24,120
14.223,122
14.21,112
14.183,118
14.164,113
14.139,113
14.156,111
14.154,117
14.156,111
14.135,112
14.15,116
14.19,120
14.171,115
14.16,112
14.233,118
14.244,121
14.19,120
14.246,115
14.34,120
14.352,123
14.417,114
14.456,111
14.287,119
14.204,117
14.219,121
14.217,114
14.179,117
14.233,118
14.246,115
14.271,115
14.337,119
14.283,118
14.354,117
14.373,122
14.398,122
14.344,121
14.296,115
14.267,114
14.273,122
14.214,113
14.237,119
14.175,116
14.19,120
14.208,118
14.194,108
14.204,117
14.187,119
14.125,116
14.137,119
14.129,117
0.162,26
,
0.127,44
0.127,39
0.152,43
0.152,45
0.153,47
0.127,45
0.128,46
,
,
,
0.152,44
,
,
,
0.153,51
,
,
,
,
0.128,52
,
,
0.178,49
,
,
,
,
,
,
,
,
,
,
0.179,54
0.153,52
0.128,50
,
,
,
,
0.154,54
,
0.153,48
,
,
,
,
0.128,46
0.127,41
0.127,43
0.155,35
0.157,32
0.112,27
0.081,18
0.104,22
14.412,119
,
0.154,22
0.136,19
,
0.136,19
0.142,20
0.233,24
,
,
,
0.112,27
,
,
0.162,26
,
0.26,29
,
0.148,21
,
8.717,100
8.65,96
8.663,99
8.624,102
8.65,102
8.667,100
8.632,104
0.142,20
,
0.136,19
0.185,29
0.184,30
0.212,26
0.386,28
,
8.882,117
0.158,24
,
8.85,115
0.279,22
0.133,24
,
0.134,30
,
,
0.153,37
0.152,42
,
,
,
,
,
,
,
,
,
,
,
,
,
,
,
0.144,76
0.164,73
,
,
,
,
,
,
,
,
,
,
,
,
,
,
,
,
,
,
,
,
,
0.205,66
0.155,61
,
,
,
,
,
0.154,59
,
,
0.129,57
,
0.129,59
0.154,59
,
,
0.105,60
0.154,54
,
0.154,58
,
0.154,56
0.154,59
0.155,63
0.155,63
,
0.155,66
0.155,65
0.157,68
0.163,72
,
,
0.17,77
,
0.147,83
0.172,78
0.166,74
0.144,76
0.191,74
0.145,77
0.144,76
0.166,74
0.164,73
0.145,77
0.166,74
0.167,75
0.163,72
0.144,76
,
,
,
,
,
,
,
,
,
,
,
,
,
,
,
,
,
,
,
,
,
,
,
,
,
,
0.22,88
0.157,80
0.194,76
0.157,68
0.154,56
0.204,54
0.152,44
0.153,48
0.128,49
0.154,54
0.129,53
,
,
,
0.155,66
0.155,66
0.154,59
0.13,63
,
0.161,71
,
,
,
0.142,75
0.136,71
0.142,75
0.16,70
0.155,63
0.13,62
0.154,55
0.129,58
0.129,56
0.128,49
0.128,47
0.152,44
0.129,36
8.701,109
8.759,111
8.812,105
8.765,106
8.767,100
8.667,64
8.596,70
14.183,118
10.744,131
10.794,131
10.844,131
14.24,120
13.779,123
13.636,118
13.727,116
13.984,118
13.684,124
13.704,123
14.077,110
14.254,117
14.536,132
14.302,123
11.052,114
11.164,130
11.231,128
11.262,123
11.322,132
14.327,123
14.41,125
14.377,123
14.394,121
14.275,129
13.844,133
11.189,130
11.318,131
11.22,125
11.22,125
11.245,125
11.268,118
11.143,105
11.162,110
11.154,121
11.129,108
11.136,103
11.068,105
11.021,112
11.052,114
11.145,125
11.102,127
11.143,118
11.143,118
11.177,127
11.235,129
11.189,130
11.185,129
11.214,130
11.162,123
11.133,122
11.131,115
11.037,110
11.174,113
11.124,113
11.085,116
14.335,112
11.17,125
11.425,138
11.313,141
11.162,123
11.177,127
10.757,128
9.805,121
9.619,112
9.611,110
9.611,110
9.582,109
9.615,111
9.619,112
9.611,110
9.619,112
9.615,111
9.626,114
9.626,114
9.716,124
9.922,137
9.963,135
14.433,118
9.695,112
9.661,103
9.603,108
9.668,118
9.754,121
9.937,129
11.24,136
11.432,145
11.477,144
11.402,133
11.106,134
11.039,117
10.871,99
10.869,105
11.009,109
11.052,114
11.051,107
11.09,104
11.166,124
11.198,143
11.225,149
11.14,136
11.181,134
11.165,136
11.111,135
10.998,119
10.99,117
10.957,115
10.736,116
11.364,130
11.218,131
14.351,135
14.317,127
14.358,131
14.36,125
14.363,126
14.348,122
14.306,124
14.302,123
14.277,123
14.298,122
10.942,124
11.07,125
11.062,123
11.139,130
14.258,118
14.271,115
14.275,116
14.333,118
14.246,115
14.237,119
14.275,116
14.233,118
14.267,127
14.283,118
14.233,118
14.244,121
14.215,120
14.294,121
14.238,126
14.221,128
14.213,126
14.231,124
14.26,125
11.256,134
11.25,138
11.118,131
14.14,120
11.112,123
14.133,118
14.248,122
14.369,139
10.873,119
10.928,127
9.387,104
9.425,114
9.644,125
9.466,105
9.42,106
9.704,108
9.792,111
10.187,129
11.072,132
9.143,126
8.941,106
8.943,113
9.008,117
8.98,103
9.172,107
9.522,113
9.128,109
9.076,115
9.051,115
9.197,107
9.991,117
9.917,98
9.852,107
9.774,113
9.63,115
9.613,117
9.6,107
9.747,106
9.855,108
9.782,115
9.677,114
9.652,114
9.603,108
9.619,112
9.611,110
9.63,115
9.666,111
9.632,109
9.64,111
9.623,113
9.656,115
9.611,110
9.658,109
9.67,112
9.716,111
9.918,124
9.825,113
9.647,94
9.596,106
9.674,113
9.776,107
9.828,95
9.959,102
9.995,118
9.933,115
9.92,118
9.869,118
9.865,117
9.815,117
9.599,120
9.408,116
9.374,114
9.433,116
9.634,116
9.898,119
9.952,120
9.976,113
9.959,96
9.909,91
9.321,100
9.276,108
9.212,111
9.237,111
9.204,109
9.14,99
9.308,97
9.883,96
9.953,107
9.929,114
9.208,110
9.092,106
9.124,108
9.195,113
9.161,104
9.513,98
9.47,106
9.524,107
9.514,111
9.456,109
9.536,110
9.513,104
9.578,101
9.589,104
9.741,111
9.871,112
9.784,109
9.722,106
9.635,103
9.512,88
9.563,88
9.576,95
9.531,102
9.619,112
9.75,120
9.801,120
9.649,120
9.584,116
9.599,120
9.617,118
9.652,114
9.64,111
9.69,98
9.736,103
9.754,108
9.704,108
9.727,114
9.739,117
9.747,119
9.846,125
9.894,131
9.89,130
9.922,125
9.949,119
9.894,105
9.845,93
9.821,89
9.783,96
9.707,96
9.758,109
9.762,123
9.723,126
9.638,117
9.693,131
9.791,136
9.724,113
9.642,105
9.646,106
9.461,92
8.995,107
8.847,108
8.863,112
8.902,109
8.902,109
8.855,110
8.861,105
9.061,111
9.677,114
9.695,112
9.371,113
9.778,127
10.32,105
9.803,95
9.732,102
9.22,85
9.283,103
9.374,95
9.344,106
9.355,109
9.326,108
9.405,102
9.308,97
9.29,105
9.254,109
9.315,105
9.341,93
9.311,77
9.351,70
9.396,85
9.376,101
9.292,112
9.274,114
9.303,115
9.227,115
9.243,106
9.287,98
9.701,107
9.807,115
9.693,118
9.485,110
9.467,93
9.779,86
9.677,95
9.654,101
9.586,110
9.573,113
9.573,113
9.569,112
9.623,113
9.666,111
9.662,110
9.414,111
9.287,104
9.153,96
8.939,84
8.93,82
8.92,80
8.982,76
9.004,74
12.743,126
12.665,125
10.178,138
10.207,139
9.805,121
9.623,113
9.573,113
9.324,114
9.382,116
9.576,114
9.626,114
9.609,116
9.615,111
9.776,107
9.88,108
9.882,115
9.882,115
9.727,114
9.526,114
9.792,124
10.277,120
10.475,126
10.268,124
10.594,131
10.932,128
9.386,130
9.504,115
9.172,107
9.061,111
9.065,112
9.072,114
9.061,111
9.19,93
9.139,93
9.078,109
9.034,117
9.069,113
9.028,109
8.973,108
8.992,94
9.085,98
9.068,58
16.455,119
8.622,71
8.645,95
8.688,99
8.862,118
8.966,132
8.75,96
8.74,106
8.724,115
8.818,113
8.825,115
8.773,108
8.829,116
8.854,116
8.935,111
8.888,112
8.878,116
8.9,115
8.883,104
8.851,87
9.093,94
9.02,107
9.014,112
8.971,114
8.983,117
9.018,113
9.004,116
8.971,114
8.983,117
8.996,114
9.051,115
9.076,115
9.092,119
9.088,118
9.084,117
9.088,118
9.095,120
9.15,121
9.088,118
9.109,117
9.111,111
9.103,109
9.085,104
9.074,108
9.115,112
9.061,111
9.121,107
9.158,110
9.283,103
9.272,90
9.14,84
9.194,94
9.136,111
9.014,112
9,115
9.002,109
8.945,107
9.018,113
9.044,113
9,115
8.964,112
8.964,112
8.991,106
9.065,99
9.109,88
9.157,97
9.063,105
8.987,105
8.945,107
9.006,110
9.053,109
9.11,104
9.182,97
9.204,87
9.108,76
9.143,59
9.194,54
9.117,52
9.093,59
9.108,76
9.081,82
9.077,91
9.089,93
9.182,103
9.197,107
9.162,111
9.122,114
9.111,111
9.119,113
9.16,117
9.117,119
9.059,117
9.105,116
9.09,99
9.166,99
9.099,108
9.002,109
9.119,113
9.074,101
9.005,103
9.15,108
9.274,114
9.233,110
9.262,111
9.175,101
9.248,114
9.237,111
9.328,115
9.337,104
9.41,110
9.324,114
9.317,112
9.258,110
9.278,115
9.262,111
9.27,113
9.29,118
9.307,116
9.278,115
9.248,114
9.26,117
9.22,113
9.231,116
9.227,115
9.235,117
9.198,114
9.202,115
9.198,114
9.195,113
9.216,112
9.187,111
9.099,108
9.103,109
9.235,117
9.39,118
9.564,104
14.907,118
14.929,104
8.892,65
8.893,67
8.932,92
8.973,101
8.991,106
9.031,103
8.991,106
8.991,106
9.074,108
9.164,118
9.132,110
9.067,106
9.053,109
9.128,109
9.166,99
9.083,92
9.131,103
9.074,108
9.13,116
9.212,111
9.31,92
9.121,68
9.092,49
9.135,104
9.09,112
9.103,109
9.172,107
9.257,82
8.964,99
8.909,98
8.97,80
8.891,57
8.791,53
8.788,84
8.729,103
8.742,113
8.719,90
8.746,70
8.819,90
8.754,103
8.74,106
8.75,102
8.679,82
8.768,90
8.755,110
8.751,109
8.771,114
8.717,113
8.705,110
8.775,115
8.732,117
8.745,114
8.692,113
8.724,115
8.724,115
8.695,114
8.688,112
8.724,115
8.763,112
8.767,100
8.741,94
8.75,96
8.745,114
8.742,113
8.781,110
8.833,98
8.897,86
8.845,95
8.787,105
8.789,99
8.813,99
8.821,114
8.795,107
8.898,70
9.153,91
9.094,100
9.082,110
9.094,100
9.015,79
8.924,71
8.943,85
9.005,97
8.929,116
8.921,114
9.038,105
8.832,88
8.831,110
8.996,114
8.798,108
8.837,118
8.846,114
8.85,115
8.846,114
8.843,113
8.738,112
8.697,108
8.655,110
8.659,111
8.655,110
8.651,109
8.645,114
8.697,108
8.688,99
8.647,101
8.658,104
8.651,109
8.629,110
8.649,115
8.623,115
8.651,109
8.589,106
8.607,98
8.655,110
8.806,110
8.775,91
8.511,89
8.553,97
8.518,107
8.543,107
8.521,101
8.521,101
8.553,103
8.578,103
8.566,100
8.553,97
8.524,102
8.532,98
8.505,77
8.539,50
8.639,46
8.555,76
8.498,102
8.509,105
8.513,106
8.474,87
8.571,70
8.561,93
8.535,105
8.524,102
8.513,106
8.489,94
8.496,71
8.613,39
8.723,81
8.616,100
8.608,83
8.669,90
8.587,84
8.488,51
8.437,38
8.6,73
8.54,59
8.688,89
8.641,113
8.644,80
8.578,82
8.585,105
8.592,67
27.529,84
27.503,105
26.56,85
26.697,82
26.562,90
26.681,89
27.336,90
26.039,95
26.023,97
27.421,103
27.362,95
27.275,98
27.346,97
29.164,73
29.367,97
31.231,95
30.861,91
27.492,102
27.471,103
27.304,93
29.214,87
29.282,80
24.705,98
24.773,109
24.639,100
28.646,92
28.539,81
28.723,98
28.465,96
28.572,88
29.054,94
28.664,81
16.135,18
16.231,52
16.208,62
27.904,84
27.679,84
28.549,83
27.386,90
27.467,87
27.49,81
27.803,93
15.618,72
15.656,112
15.648,123
15.617,115
8.482,83
8.423,91
8.477,103
8.503,110
8.535,118
8.581,117
8.55,109
8.585,105
8.557,104
8.604,110
8.585,105
8.562,112
8.594,114
8.566,113
8.562,112
8.594,114
8.594,114
8.579,110
8.591,113
8.571,108
8.543,107
8.554,110
8.558,111
8.529,110
8.537,112
8.554,110
8.587,112
8.544,114
8.55,109
8.582,104
8.528,103
8.535,105
8.528,103
8.539,106
8.596,108
8.607,104
8.612,99
8.553,97
8.473,102
8.495,108
8.488,106
8.431,104
8.449,109
8.457,111
8.459,118
8.44,113
8.426,116
8.443,114
8.455,117
8.465,113
8.47,108
8.442,107
8.518,107
8.525,87
8.591,64
8.361,45
8.49,63
8.262,56
8.339,63
8.317,69
8.416,67
8.344,70
8.422,81
8.417,80
8.414,94
8.449,109
8.467,107
8.456,104
8.429,92
8.415,65
8.457,78
8.453,110
8.449,109
8.429,92
8.396,71
8.387,50
8.6,73
8.566,85
8.58,92
8.58,92
8.594,95
8.562,89
8.562,84
8.501,74
8.439,54
8.337,52
8.448,72
8.449,87
8.442,107
8.449,109
8.427,103
8.428,110
8.418,114
8.427,103
8.394,86
8.347,91
8.406,98
8.398,96
8.363,94
8.417,80
8.378,76
8.364,64
8.387,52
,
,
,
,
,
,
,
,
,
,
,
,
11.745,48
11.771,53
27.282,48
,
,
29.305,64
29.077,79
28.04,91
27.729,89
27.779,89
26.178,83
26.235,85
26.385,100
26.297,97
26.17,87
26.176,88
26.36,85
26.49,101
26.806,84
26.256,84
26.013,107
25.881,118
26.293,91
26.325,88
26.351,98
26.768,96
27.161,80
28.037,101
26.94,108
26.843,102
26.904,105
27.442,102
24.694,108
24.777,123
24.472,102
27.591,91
27.711,95
27.617,87
27.558,85
27.475,83
27.159,85
27.096,82
27.274,88
27.28,89
27.349,88
27.43,84
27.425,104
27.414,101
27.541,102
28.39,91
28.165,96
28.376,105
29.117,103
29.076,89
28.952,84
28.206,94
27.368,87
27.305,84
27.426,83
27.554,84
27.45,83
27.508,85
27.45,78
27.58,79
27.64,81
27.504,84
27.573,88
27.529,89
27.517,87
27.529,89
27.523,88
27.566,96
27.524,98
27.236,90
26.875,88
27.298,92
27.405,84
27.381,79
27.483,94
27.652,105
28.478,89
28.472,77
28.544,82
28.603,89
15.889,30
15.984,57
16.033,58
16.034,65
16.058,56
15.932,45
15.982,43
16.056,40
16.032,37
16.038,30
15.937,33
15.957,41
15.983,47
15.958,46
16.034,60
16.01,65
15.935,63
15.858,46
27.299,88
27.13,89
27.174,88
28.141,87
16.091,26
27.155,84
27.113,86
27.186,90
27.271,97
27.312,95
27.237,95
27.224,88
30.239,74
30.18,68
30.205,68
30.229,67
30.289,74
28.099,83
27.412,95
27.08,99
27.039,101
27.332,106
27.512,86
27.479,84
27.217,91
27.113,86
27.341,81
27.084,85
27.038,86
27.259,85
27.473,88
27.224,88
27.398,92
28.056,94
23.282,98
11.65,69
11.613,98
11.496,106
11.432,109
11.389,104
11.371,106
11.406,102
11.593,99
11.759,97
12.022,100
12.387,98
13.091,106
13.754,76
25.471,122
25.399,103
25.302,77
25.268,71
8.719,24
8.688,44
8.739,52
8.741,63
8.74,53
8.689,37
8.64,59
8.819,68
14.314,113
13.49,106
13.031,110
12.786,111
12.395,94
12.204,96
12.062,98
11.947,100
11.868,99
11.768,99
11.655,96
11.605,96
11.468,93
11.401,95
11.381,91
11.419,99
11.36,97
11.331,102
11.348,100
11.304,101
11.337,110
11.304,108
11.258,109
11.276,107
11.274,100
11.224,100
11.173,94
11.195,99
11.14,98
11.111,97
11.082,102
11.074,100
11.086,103
11.07,99
11.09,98
11.107,96
11.127,95
11.165,98
11.22,99
11.249,100
11.279,101
11.346,106
11.335,103
11.457,109
11.535,110
11.63,102
11.797,113
13.152,87
24.6,116
26.969,87
27.674,98
26.826,104
26.772,97
28.222,88
27.259,85
27.138,86
26.394,109
26.249,92
26.337,90
26.132,89
26.21,94
26.987,90
26.884,94
26.387,90
26.158,79
26.235,85
9.095,23
8.894,68
8.942,94
9.006,110
9.002,109
8.966,106
8.995,107
9.018,113
9.122,114
9.235,117
9.119,100
9.069,100
9.067,106
9.071,107
9.119,113
9.175,108
9.592,118
9.954,114
3.763,73
3.572,77
3.683,90
3.738,91
3.751,89
3.599,83
3.664,91
3.66,86
3.516,72
3.525,78
3.559,90
3.56,95
3.56,95
3.511,95
3.565,96
3.582,100
3.578,99
3.582,100
3.569,97
3.587,101
3.548,98
3.584,90
3.553,84
3.68,94
3.614,96
3.636,101
3.717,97
3.767,103
3.813,109
3.673,111
3.627,112
3.573,104
3.565,102
3.59,102
3.565,96
3.622,98
3.668,97
3.73,113
3.772,124
3.688,115
3.672,98
3.618,97
3.699,105
3.737,115
3.675,105
3.754,94
3.768,110
3.673,111
3.636,101
3.65,105
3.612,101
3.643,103
3.643,103
3.673,111
3.707,107
3.771,104
3.809,108
3.772,111
3.728,106
3.71,108
3.764,109
3.738,102
3.73,100
3.746,104
3.749,105
3.842,110
3.852,119
3.852,119
3.829,113
3.749,105
3.757,107
3.718,110
3.772,111
3.757,107
3.771,104
3.873,112
3.938,116
4.002,120
3.869,111
3.869,111
3.832,114
3.84,116
0.562,115
0.518,110
0.404,94
0.367,82
0.354,59
0.355,63
0.355,66
0.308,69
0.333,69
0.313,72
0.307,68
0.305,65
0.305,64
0.33,60
0.329,58
0.38,60
0.355,62
0.355,61
0.355,61
0.355,63
0.409,86
0.582,107
1.666,120
1.737,125
1.639,126
1.672,128
1.663,119
1.351,98
0.96,70
0.704,55
0.804,58
1.232,58
1.257,59
1.384,58
1.385,63
1.411,64
1.411,65
1.36,64
1.385,64
1.385,65
1.411,64
1.387,68
1.361,67
1.507,93
1.419,96
1.649,109
1.528,88
1.521,72
1.54,80
1.515,80
1.509,79
1.477,77
1.502,77
1.524,74
1.499,75
1.521,72
1.535,79
1.499,75
1.553,77
1.496,73
1.528,77
1.522,73
1.47,72
1.521,72
1.525,75
1.502,77
1.555,78
1.55,75
1.499,75
1.525,75
1.54,80
1.528,77
1.501,76
1.53,78
1.473,74
1.496,73
1.476,76
1.476,76
1.484,79
1.494,81
1.494,81
1.494,81
1.484,79
1.453,78
1.448,82
1.448,82
1.443,81
1.469,81
1.489,80
1.508,84
1.469,81
1.479,83
1.443,81
1.534,84
1.499,82
1.494,81
1.459,79
1.474,82
1.462,85
1.512,85
1.471,87
1.487,85
1.471,87
1.483,89
1.491,86
1.448,82
1.464,80
1.433,79
1.499,82
1.448,82
1.433,79
1.438,80
1.426,77
1.423,75
1.426,77
1.438,80
1.428,78
1.398,75
1.438,80
1.403,83
1.385,85
1.346,74
1.444,91
1.487,100
1.521,102
1.506,105
1.568,108
1.572,109
1.598,109
1.616,107
1.661,112
1.661,125
1.649,122
1.748,128
1.719,133
1.748,128
1.67,121
1.733,124
1.78,123
1.719,127
1.712,125
1.77,127
1.733,124
1.772,121
1.786,118
1.589,113
3.925,106
1.506,105
1.532,105
1.608,118
1.596,115
1.541,114
1.559,99
1.47,91
1.485,119
1.441,108
1.42,109
1.393,102
1.286,80
1.265,81
1.296,82
1.309,85
1.25,83
1.284,85
1.313,86
1.28,89
1.28,89
1.273,88
1.286,90
1.284,85
1.267,87
1.305,84
1.276,83
1.402,98
1.43,105
1.438,107
1.448,103
1.439,95
1.487,100
1.503,104
1.629,117
1.559,112
1.515,107
1.534,99
1.521,96
1.495,102
1.495,102
1.495,96
4.058,96
3.91,102
3.836,102
1.464,107
1.441,108
1.598,109
1.449,110
1.529,104
1.612,106
1.565,107
1.46,106
1.51,106
1.46,106
1.503,104
1.423,103
1.448,103
1.478,98
1.388,95
1.311,90
1.426,88
1.343,91
1.358,106
1.541,114
1.641,120
1.498,116
1.375,117
1.456,105
1.36,85
1.335,60
1.256,48
1.232,55
1.27,82
1.298,92
1.219,74
1.269,74
1.22,75
1.222,76
1.22,75
1.235,80
1.209,80
1.209,80
1.22,82
1.24,81
1.199,78
1.22,82
1.235,80
1.204,79
1.199,78
1.223,77
1.204,79
1.335,100
1.362,107
1.381,112
1.458,125
1.453,124
1.439,114
1.36,100
1.247,92
1.273,88
1.206,56
1.156,59
1.157,61
1.182,64
1.156,57
1.168,74
1.323,92
1.325,104
1.439,114
1.434,119
1.354,105
1.347,103
1.347,103
1.365,108
1.348,110
1.325,104
1.219,74
1.216,72
1.172,77
1.203,84
1.211,86
1.203,84
1.174,78
1.179,79
1.204,79
1.211,86
1.273,88
1.368,102
1.377,111
1.426,117
1.441,121
1.379,118
1.463,120
1.46,119
1.467,121
1.447,116
1.437,120
1.434,119
1.437,120
1.411,113
1.377,111
1.392,115
1.344,109
1.309,100
1.217,91
1.217,87
1.211,86
1.203,84
1.189,81
1.17,82
1.184,80
1.174,78
1.194,82
1.121,76
1.179,79
1.146,76
1.16,80
1.16,80
1.16,80
1.139,81
1.144,82
1.175,83
1.16,80
1.129,79
1.16,80
1.16,80
1.134,80
1.184,80
1.139,81
1.147,77
1.175,83
1.165,81
1.16,80
1.096,76
1.168,74
1.147,77
1.165,81
1.235,90
1.28,99
1.292,102
1.287,107
1.302,111
1.348,110
1.348,110
1.3,104
1.351,104
6.619,116
6.203,93
6.047,92
5.979,93
6.045,97
6.245,97
3.802,94
3.746,83
3.768,76
3.79,82
3.84,103
3.844,104
3.843,88
3.704,66
3.74,74
3.836,102
3.851,106
3.852,94
3.815,82
3.848,93
3.851,106
3.956,101
3.984,91
3.953,80
6.583,66
3.686,19
3.505,39
3.582,60
3.607,66
3.557,62
3.532,65
3.574,78
3.634,95
3.596,92
3.648,83
3.584,80
3.615,87
3.606,94
3.695,92
3.784,108
3.77,117
3.654,106
3.65,105
3.625,105
3.639,102
3.614,91
3.627,99
3.661,108
3.627,99
3.647,104
3.668,103
0.326,112
0.301,112
3.788,122
3.877,126
3.846,124
6.252,118
6.236,114
6.261,114
6.269,116
6.219,116
6.248,117
6.186,114
6.15,111
6.085,107
6.095,103
6.11,107
6.179,112
6.273,117
6.306,119
6.265,115
6.294,116
6.277,118
6.319,116
6.315,115
6.302,118
6.34,115
6.261,114
6.258,113
6.211,114
6.131,106
6.088,101
6.127,105
6.088,101
6.091,102
6.154,112
6.225,111
6.273,117
6.319,116
6.254,112
6.238,108
6.183,113
6.177,118
6.215,115
6.19,115
6.2,111
6.206,106
6.242,109
6.246,110
6.279,112
6.334,120
6.388,121
6.37,103
6.378,93
6.309,90
6.279,99
6.296,110
6.311,114
6.329,112
6.371,110
6.37,103
6.326,105
6.388,108
6.358,100
6.328,99
6.449,98
6.367,73
13.57,114
13.624,115
13.611,105
13.536,118
6.13,39
3.556,55
3.629,51
3.704,60
3.703,57
3.702,49
3.701,43
3.702,51
3.665,73
3.648,83
3.725,93
3.693,97
3.735,101
3.721,98
3.659,95
3.67,92
6.238,101
6.233,100
6.298,98
6.274,98
6.332,100
6.438,101
7.122,103
7.343,102
7.255,93
7.077,83
7.213,69
13.601,122
13.616,126
6.385,68
6.383,85
6.391,96
6.357,94
6.259,80
6.336,86
6.349,104
6.306,106
6.333,113
6.345,116
6.329,112
6.336,114
6.274,104
6.213,101
6.179,99
6.163,108
6.165,115
6.263,101
6.275,111
6.229,112
6.102,118
6.088,121
5.974,117
5.955,112
5.962,114
6.058,113
6.066,102
5.996,103
5.893,109
5.92,116
5.866,115
5.897,123
5.874,117
5.891,115
5.866,115
5.884,113
5.826,111
5.801,111
5.83,112
5.809,113
5.818,109
5.801,111
5.751,111
5.761,107
5.739,101
5.771,103
5.821,103
5.783,94
5.805,89
5.78,84
5.796,82
5.848,92
5.784,100
5.786,107
5.809,113
5.809,113
5.805,112
5.828,118
5.812,114
5.828,118
5.814,121
5.835,120
5.789,121
5.839,121
5.803,118
5.766,115
5.812,114
5.824,117
5.77,116
5.766,115
5.762,114
5.812,114
5.805,112
5.843,109
5.801,111
5.845,116
5.828,118
5.832,119
5.839,121
5.82,116
5.82,116
5.862,114
5.851,111
5.861,107
5.886,107
5.889,101
5.846,97
5.892,96
5.846,97
5.837,95
5.867,91
5.855,89
5.826,78
5.824,77
5.891,81
5.905,84
5.93,89
5.937,95
5.975,98
5.992,96
5.979,93
5.892,91
5.924,88
5.905,89
5.838,86
5.83,84
5.88,84
5.913,86
5.961,90
5.917,102
5.918,109
5.859,113
5.874,117
5.845,116
5.87,116
5.882,119
5.849,117
5.885,120
5.882,119
5.82,116
5.878,118
5.86,120
5.874,117
5.857,119
5.882,119
5.878,118
5.899,117
5.853,118
5.903,118
5.916,115
5.928,105
5.848,76
5.846,75
5.917,91
5.884,85
5.949,88
5.93,84
5.973,92
5.937,95
5.855,89
5.8,98
5.814,121
5.809,113
5.775,104
5.742,102
5.83,99
5.78,84
5.778,105
5.828,118
5.757,119
5.766,115
5.864,108
5.923,92
5.82,116
5.633,106
5.678,105
5.64,108
5.717,102
5.792,96
5.572,82
5.549,76
5.472,82
5.618,102
5.672,103
10.846,125
10.936,129
12.544,126
12.903,122
13.039,125
13.089,125
13.106,123
13.131,123
13.142,126
13.16,124
13.098,121
13.123,121
13.148,121
13.033,117
12.874,121
12.484,110
12.371,113
12.34,118
12.394,119
12.513,124
12.633,123
10.832,134
10.807,134
10.836,129
10.696,125
10.598,119
10.565,117
12.634,117
12.638,118
12.69,125
12.711,124
12.786,124
12.882,123
13.042,126
13.175,128
13.217,126
13.267,126
13.21,124
13.239,125
13.173,121
13.152,122
13.141,119
13.141,119
13.116,119
13.144,120
13.127,122
13.144,120
13.148,121
13.148,121
13.131,123
13.173,121
13.16,124
13.123,121
13.116,119
13.206,123
10.532,128
10.74,130
10.748,132
13.098,121
10.794,118
10.989,141
13.039,112
12.307,116
12.347,120
12.772,127
12.953,122
12.167,112
12.255,109
13.096,127
10.903,114
10.788,110
10.803,114
10.88,121
10.848,119
10.869,118
10.876,120
10.938,123
10.957,115
11.095,125
11.152,133
10.986,116
10.951,120
10.948,119
10.951,120
10.984,122
10.944,118
10.894,118
10.948,119
10.984,122
10.959,122
10.98,121
10.946,112
10.896,99
10.899,94
10.852,90
10.833,91
10.824,94
0.179,22
,
,
0.142,20
,
0.156,34
,
0.133,31
0.156,34
0.13,35
0.157,33
0.127,39
0.152,45
0.128,52
0.154,58
0.156,67
0.167,75
0.182,80
,
,
,
,
,
,
,
,
,
,
0.209,86
0.182,80
0.169,76
0.167,75
0.186,71
0.161,71
0.141,74
0.166,74
0.197,78
0.169,76
0.17,77
0.144,76
0.163,72
0.166,74
0.144,76
0.164,73
0.164,73
0.164,73
0.166,74
0.158,69
0.188,72
0.163,72
0.138,72
0.164,73
0.183,69
0.108,69
0.157,68
0.181,67
0.156,67
0.155,66
0.155,66
0.157,68
0.213,72
0.164,73
0.172,78
0.177,79
0.172,78
0.164,73
0.13,61
0.153,52
0.152,41
0.152,39
0.202,38
0.155,35
0.155,35
0.207,32
0.134,30
0.162,27
9.466,105
9.254,109
9.162,111
9.136,111
9.121,107
9.102,102
9.092,106
9.092,106
9.099,108
9.113,105
9.103,109
9.092,106
9.067,106
9.074,108
9.082,110
9.103,109
9.106,103
9.124,108
9.132,110
9.15,108
9.17,113
9.154,109
9.183,110
9.183,110
9.195,113
9.252,115
9.25,108
9.284,110
9.247,107
9.495,106
9.586,110
10.016,117
9.937,116
9.792,111
9.788,110
9.76,116
9.72,112
9.778,114
9.853,114
9.825,113
9.745,112
9.724,113
9.735,116
9.778,114
9.85,113
10.102,113
10.137,116
10.233,115
10.233,115
10.245,118
10.226,113
7.267,128
7.416,139
7.334,143
7.408,148
7.192,128
7.108,119
7.005,112
6.989,108
7.001,111
7.009,113
7.009,113
6.989,108
6.984,113
7,104
7.022,97
7.087,107
7.179,118
7.198,123
7.206,125
7.209,126
7.194,122
7.113,114
7.076,104
7.009,100
6.971,103
6.989,108
7.001,111
6.997,110
7.012,107
6.997,110
6.997,110
7.148,123
7.296,129
7.298,123
7.329,131
10.172,112
10.179,114
10.151,113
10.147,112
7.271,129
7.136,120
7.007,119
7.121,129
7.171,129
7.142,128
7.208,132
7.204,131
7.279,131
10.153,107
9.894,105
9.956,108
10.195,105
10.445,105
10.453,107
10.503,107
10.705,121
11.568,125
11.598,120
7.121,116
7.251,136
7.121,129
7.008,126
6.92,116
6.922,110
6.937,114
6.974,117
7.079,118
7.138,127
7.281,137
7.279,142
7.247,135
7.208,119
11.36,116
11.343,118
11.388,117
11.411,110
11.413,117
11.392,118
11.347,119
11.368,118
11.43,115
11.415,111
7.802,98
7.514,95
7.425,92
7.277,78
7.275,88
7.262,90
7.256,89
7.34,108
7.359,106
7.229,105
7.126,104
7.033,106
7.067,115
7.06,113
7.035,113
7.005,112
7.042,115
7.026,104
7.022,82
7.064,86
7.218,102
7.248,110
7.09,108
7.044,109
7.06,113
7.06,113
7.04,108
7.037,107
7.037,107
6.978,105
7.007,106
7.033,106
7.056,99
7,98
6.967,91
6.998,92
6.933,94
6.921,103
6.93,112
6.974,117
7.054,105
7.068,96
7.018,102
6.974,117
6.98,112
7.013,114
6.991,115
6.953,105
7.026,104
7.1,117
7.213,127
7.372,129
8.619,127
8.848,139
7.718,134
7.964,127
8.344,108
8.049,103
7.911,100
7.919,102
7.907,99
7.807,89
7.861,100
7.907,99
8.147,122
8.306,124
9.644,112
9.596,106
9.64,111
9.639,104
9.821,112
9.886,116
9.962,116
9.976,113
9.902,107
9.825,113
9.778,114
9.821,112
9.867,111
9.878,114
9.855,121
9.69,104
9.706,115
9.708,109
9.661,103
9.657,102
9.716,111
9.815,117
9.834,122
9.754,108
9.644,89
9.552,86
9.518,84
9.486,92
9.391,93
9.217,79
9.121,80
9.101,81
9.041,79
8.925,81
8.897,86
8.846,86
8.741,85
8.728,82
8.723,81
8.708,78
5.019,72
12.86,98
8.916,119
9.093,143
9.074,139
8.914,125
8.863,112
8.865,106
5.311,100
5.299,110
5.23,105
5.069,102
5.09,114
5.111,113
5.367,128
5.303,124
8.531,130
8.55,122
5.166,101
5.107,89
5.072,74
5.098,82
5.12,87
5.09,86
5.09,86
5.111,85
5.086,85
5.038,80
5.068,81
5.073,82
5.139,95
5.102,98
5.173,103
5.173,103
5.161,100
5.136,100
5.184,106
5.236,113
5.195,122
5.149,110
5.123,103
5.157,99
5.161,100
5.195,109
5.272,116
5.218,115
5.191,121
5.046,122
4.939,120
4.739,119
4.682,117
4.575,115
4.528,109
4.461,98
4.469,94
4.483,92
4.478,96
4.519,100
4.58,103
4.64,106
4.62,107
4.64,106
4.626,102
4.531,97
4.518,94
4.444,94
4.415,93
4.399,95
4.349,95
4.392,99
4.371,100
4.432,97
4.416,99
4.497,95
4.695,95
4.959,99
5.249,110
5.444,122
5.446,129
6.964,121
7.005,112
7.067,115
7.054,118
7.017,115
7.085,113
7.211,120
8.63,141
11.197,119
7.276,104
7.072,103
7.005,99
6.9,98
6.909,113
6.897,110
6.92,116
6.916,115
7.044,122
7.152,124
7.133,119
6.964,108
6.886,90
6.886,107
6.916,115
6.935,120
6.924,117
6.924,117
6.941,115
6.916,115
6.937,114
7.025,117
7.129,118
4.961,119
5.024,103
4.991,95
5.012,113
5.005,111
5.048,116
5.009,112
5.009,112
5.012,113
4.991,86
4.993,71
5.116,25
4.936,46
5.018,81
5.052,117
5.058,112
5.033,112
5.276,117
5.095,87
5.09,114
5.099,110
4.485,98
4.695,114
4.678,116
4.672,101
5.098,116
5.107,112
5.098,116
5.105,105
5.123,103
5.261,100
9.46,123
8.618,107
8.539,106
8.783,117
8.679,103
8.816,106
8.744,107
8.941,119
8.759,124
8.794,120
8.944,120
9.099,121
9.101,128
9.038,118
9.004,116
9.126,115
9.359,110
9.506,109
9.565,111
9.487,117
9.447,113
9.334,110
9.355,109
9.418,112
9.437,117
9.398,107
9.38,109
9.429,115
9.479,128
9.425,127
9.414,124
9.355,122
9.241,112
9.218,106
9.189,105
9.211,104
9.243,106
9.261,104
9.203,102
9.232,103
9.239,105
9.25,108
9.313,111
9.298,107
9.276,108
0.262,26
0.356,23
0.358,31
0.332,32
0.355,35
0.354,36
0.402,39
0.406,34
0.407,32
0.455,35
0.311,28
0.458,31
0.506,34
0.557,32
0.402,38
0.479,36
0.479,36
0.402,39
0.403,37
0.327,38
0.452,39
0.452,42
0.403,47
0.452,39
0.402,44
0.402,44
0.377,42
0.427,44
0.378,37
0.31,29
0.429,36
0.358,31
0.36,25
8.604,110
8.729,97
8.647,108
8.644,107
8.535,105
8.558,111
8.616,113
8.641,113
8.604,110
8.596,108
-9999999,
8.616,113
8.672,108
8.635,105
8.686,105
8.744,107
0.261,19
0.36,25
0.212,26
0.31,25
0.436,28
9.29,131
9.382,129
9.563,130
9.596,119
9.513,104
9.434,103
9.414,111
9.378,115
9.392,112
9.441,118
0.298,21
9.491,118
9.448,120
9.47,119
9.448,120
9.483,116
9.462,117
9.644,125
5.236,113
9.518,112
9.452,108
9.427,108
9.479,115
9.433,129
9.574,149
9.612,141
9.266,112
5.33,131
5.262,120
5.253,124
5.234,119
5.218,115
9.603,101
9.526,114
9.542,118
6.531,119
6.365,115
6.345,116
6.523,117
6.517,122
6.369,116
6.369,116
6.375,111
0.252,79
0.376,84
0.282,80
0.297,83
0.245,88
0.357,68
0.253,50
6.504,112
0.28,66
,
0.17,77
0.211,71
0.181,67
0.179,54
6.538,121
9.693,118
6.567,122
6.567,122
6.722,123
9.714,117
9.731,115
9.766,111
6.45,111
6.458,113
6.396,110
6.334,107
6.442,109
6.415,115
6.446,110
6.411,114
6.469,129
6.506,119
6.392,109
6.377,105
0.13,66
0.177,79
0.239,73
0.147,83
0.202,79
0.17,77
0.182,68
0.104,59
0.13,63
0.133,69
0.135,70
0.144,76
0.17,77
0.169,76
0.182,80
0.147,78
0.169,76
0.147,78
0.172,78
0.177,79
0.17,77
0.167,75
0.169,76
0.141,74
0.139,73
0.169,76
0.176,84
0.151,84
0.212,81
0.189,87
0.22,88
0.214,87
0.214,87
0.195,88
0.187,81
0.164,73
0.113,72
0.144,76
0.201,84
0.169,76
6.377,118
6.381,119
6.34,115
6.398,117
6.381,119
6.373,117
6.388,121
6.365,115
6.345,116
6.327,118
6.334,120
6.319,116
6.357,119
6.323,117
6.384,120
6.349,117
6.373,117
6.361,114
6.39,115
6.308,113
6.333,113
6.354,112
6.427,118
6.569,129
6.596,123
6.469,116
6.408,113
6.337,108
6.296,110
6.313,108
6.298,98
6.309,90
6.291,87
0.154,57
,
0.131,67
0.156,67
0.197,78
0.169,76
0.182,80
0.209,86
0.22,88
0.207,90
0.25,93
0.271,98
0.267,97
0.263,96
0.238,91
0.22,88
0.18,85
0.197,83
0.192,82
0.192,75
0.169,76
0.169,76
0.172,78
0.187,81
0.169,76
0.187,81
0.147,78
0.177,79
0.12,77
0.207,80
0.172,78
0.167,75
0.157,80
0.182,80
0.147,78
0.187,81
0.167,82
0.192,82
0.187,81
0.201,84
0.167,82
0.201,84
0.152,79
0.127,79
0.157,80
0.157,80
0.172,78
0.172,78
0.182,80
0.157,80
0.152,79
0.147,78
0.172,78
0.172,78
0.132,80
0.202,79
0.157,80
0.182,80
0.182,80
0.177,79
0.172,78
0.161,71
0.17,77
0.141,74
0.167,75
0.191,74
0.185,70
0.158,69
0.156,67
0.185,70
0.182,68
0.155,66
0.157,68
0.188,72
0.156,67
0.132,68
0.157,68
0.16,70
0.185,70
0.194,76
0.172,78
0.197,78
0.264,87
0.275,93
0.254,94
0.205,85
0.244,92
0.232,90
0.282,90
0.238,91
0.255,85
0.272,83
0.202,79
0.222,78
0.191,74
0.188,72
0.163,72
0.216,74
0.212,81
0.187,81
0.226,84
0.209,86
0.259,86
0.18,85
0.239,87
0.226,89
0.226,84
0.23,85
0.22,88
0.22,88
0.282,90
0.264,87
0.172,78
0.158,69
0.18,63
0.202,79
0.207,80
0.195,77
0.234,86
0.214,87
0.245,88
0.226,89
0.238,91
0.264,87
0.22,88
0.276,89
0.263,91
0.226,89
0.226,89
0.3,93
0.294,92
0.22,88
0.192,75
0.185,70
0.178,50
0.153,49
0.152,44
0.202,40
0.227,41
0.327,39
0.232,33
0.162,27
0.185,29
,
,
,
,
,
,
0.18,62
0.214,73
0.187,81
0.167,75
0.18,61
0.229,55
0.177,44
0.253,46
0.256,34
0.204,36
0.16,29
0.236,19
0.261,28
0.211,19
0.281,23
0.211,28
0.212,27
0.285,25
0.262,27
0.229,36
0.33,35
0.378,51
0.205,66
0.217,75
0.267,75
0.18,65
0.227,79
0.289,87
0.262,81
0.267,75
0.316,74
0.279,57
0.154,54
0.155,62
0.156,67
0.211,71
0.26,70
0.261,71
0.236,71
0.255,65
0.281,67
0.28,61
0.28,64
0.305,63
0.305,64
0.33,65
0.31,70
0.335,70
0.364,73
0.41,70
0.554,58
0.729,59
0.504,56
0.504,53
0.403,52
0.353,49
0.403,50
0.353,49
0.453,51
0.403,51
0.58,60
1.004,59
1.309,64
0.205,66
1.315,71
0.22,77
0.194,76
0.172,78
0.144,76
0.137,81
,
0.212,81
,
0.202,79
0.169,76
,
0.166,74
0.142,75
0.169,76
0.162,81
0.17,77
0.144,76
0.145,77
0.169,76
0.12,77
0.189,73
0.156,67
0.18,63
0.23,62
0.154,58
0.153,47
0.153,49
0.152,45
0.127,44
0.152,45
0.127,43
0.103,47
0.152,41
0.152,44
0.153,47
0.178,46
0.203,50
0.203,51
0.203,49
0.254,53
0.203,51
0.179,55
0.179,55
0.179,56
0.155,60
0.155,61
0.154,57
0.179,58
0.155,62
0.154,59
0.18,62
0.154,56
0.179,58
0.179,56
0.18,61
0.205,66
0.254,59
0.254,58
0.204,58
0.278,52
0.254,57
0.304,56
0.278,46
0.303,50
0.303,46
0.304,54
0.304,55
0.278,52
0.28,60
0.254,58
0.255,60
0.23,61
0.255,60
0.255,62
0.254,59
0.279,59
0.278,52
0.179,59
0.179,58
0.179,57
0.229,57
0.304,58
0.304,56
0.279,55
0.279,56
0.254,56
0.204,58
0.154,58
0.155,60
0.131,67
0.133,69
0.158,69
0.106,67
0.155,65
0.155,60
0.154,58
0.18,62
0.205,63
0.28,60
0.254,57
0.304,55
0.303,50
0.253,52
0.304,53
0.203,50
0.278,52
0.254,55
0.253,46
0.303,48
0.253,46
0.353,46
0.303,47
0.252,43
0.302,45
0.278,46
0.253,48
0.278,47
0.253,49
0.302,44
0.328,46
0.303,48
0.203,47
0.253,50
0.254,54
0.228,52
0.255,60
0.229,58
0.28,62
0.206,67
0.232,68
0.206,67
0.205,64
0.232,68
0.26,70
0.257,68
0.232,68
0.26,70
0.205,65
0.232,68
0.255,64
0.257,68
0.23,66
0.205,66
0.236,71
0.235,70
0.207,68
0.236,71
0.189,73
0.211,71
0.216,74
0.216,74
0.233,69
0.211,71
0.189,73
0.21,70
0.207,68
0.213,72
0.181,67
0.186,71
0.18,64
0.157,68
0.157,68
0.205,66
0.155,66
0.182,68
0.13,62
0.155,64
0.155,62
0.105,62
0.156,67
0.155,64
0.155,65
0.13,65
0.105,66
0.131,67
0.163,72
0.16,70
0.163,72
0.163,72
0.161,71
0.161,71
0.16,70
0.166,74
0.163,72
0.164,73
0.141,74
0.167,75
0.167,75
0.167,75
0.141,74
0.167,75
0.17,77
0.187,81
0.151,84
0.18,85
0.201,84
0.162,81
0.162,81
0.144,76
0.111,71
0.114,73
0.138,72
0.172,78
0.167,82
0.177,79
0.152,79
0.162,81
0.132,80
0.144,76
0.122,78
0.17,77
0.172,78
0.169,76
0.142,75
0.144,76
0.158,69
0.116,74
0.164,73
0.163,72
0.141,74
0.117,75
0.166,74
0.141,74
0.111,71
0.169,76
0.161,71
0.144,76
0.114,73
0.17,77
0.11,70
0.169,76
0.138,72
0.138,72
0.142,75
0.166,74
0.16,70
0.164,73
0.138,72
0.135,70
0.166,74
0.163,72
0.113,72
0.158,69
0.135,70
0.139,73
0.163,72
0.132,68
0.139,73
0.145,77
0.135,70
0.158,69
0.164,73
0.163,72
0.164,73
0.158,69
0.163,72
0.164,73
0.141,74
0.141,74
0.163,72
0.141,74
0.113,72
0.139,73
0.136,71
0.139,73
0.163,72
0.141,74
0.16,70
0.139,73
0.116,74
0.122,78
0.167,75
0.117,75
0.136,71
0.167,75
0.163,72
0.136,71
0.139,73
0.161,71
0.105,65
0.13,63
0.16,70
0.141,74
0.152,79
,
0.187,81
0.17,77
0.172,78
0.158,69
0.156,67
0.116,74
0.116,74
0.161,71
0.155,66
0.156,67
0.158,69
0.114,73
0.167,75
0.135,70
0.133,69
0.136,71
0.133,69
0.155,66
0.158,69
0.13,63
0.155,63
0.107,68
0.155,60
0.13,61
0.105,63
0.154,56
,
0.179,58
0.128,51
,
,
0.152,42
0.111,28
9.362,98
9.326,101
9.257,97
9.187,111
0.159,30
,
0.202,45
0.154,53
0.154,55
0.104,59
0.155,60
0.154,58
0.154,55
0.154,54
0.128,48
0.128,48
0.152,45
0.127,44
0.153,47
,
,
,
0.18,35
,
14.647,109
14.622,109
14.753,117
14.759,125
14.774,129
14.82,134
14.803,130
14.778,130
14.807,131
14.755,124
14.77,128
14.762,126
14.78,124
14.714,120
14.786,119
14.782,118
14.616,114
14.578,117
14.536,119
14.526,123
11.097,119
10.936,129
10.935,140
10.946,137
10.951,138
10.98,139
10.966,136
10.912,135
10.817,111
10.88,139
10.919,142
10.219,147
10.632,134
9.754,121
9.483,116
9.508,116
9.548,100
9.75,120
9.518,112
6.778,131
6.724,130
6.485,107
6.496,110
6.483,113
6.494,116
6.304,112
6.161,114
6.119,116
6.115,115
6.115,115
6.086,114
6.1,111
6.138,121
6.154,125
0.908,114
0.949,118
0.841,116
0.841,116
0.887,115
0.901,112
0.868,110
0.853,106
0.846,104
0.892,103
0.907,107
0.803,106
0.817,103
0.799,105
0.813,102
0.905,100
4.663,125
4.695,133
4.726,140
4.651,122
6.434,120
6.321,123
6.282,126
6.378,131
6.492,122
9.727,114
9.882,115
9.598,113
9.576,114
9.58,115
9.743,118
10.073,125
9.816,136
0.611,28
0.578,37
0.652,44
0.653,49
0.654,57
0.679,54
0.654,57
0.679,58
0.679,57
0.629,55
0.703,49
0.727,42
0.703,37
0.582,17
9.506,109
9.592,118
10.304,114
10.176,113
9.535,103
9.472,113
0.606,23
0.51,25
0.412,27
0.456,34
0.404,36
0.379,36
0.427,41
0.453,47
0.403,49
0.453,51
0.404,56
0.405,61
0.405,62
0.408,69
0.407,68
0.41,70
0.408,69
0.382,68
0.407,68
0.407,68
0.408,69
0.435,70
0.41,70
0.408,69
0.433,69
0.408,69
0.411,71
0.367,75
0.419,76
0.413,72
0.392,75
0.417,75
0.437,81
0.397,78
0.395,77
0.417,75
0.392,75
0.388,72
0.369,76
0.361,71
0.342,75
0.355,66
0.356,67
0.38,66
0.355,62
0.38,60
0.404,57
0.404,56
0.428,46
0.427,41
0.459,30
0.332,17
9.871,112
9.896,112
9.976,113
9.941,117
9.922,125
9.826,120
9.851,120
9.924,119
9.922,112
0.508,24
0.512,26
0.552,40
0.502,44
0.453,46
0.453,50
0.453,47
0.402,45
0.502,45
0.503,47
0.579,53
0.605,61
0.605,66
0.613,72
0.595,77
0.642,75
0.622,78
0.642,82
0.622,78
0.632,80
0.687,81
0.67,77
0.686,71
0.679,57
0.703,47
0.802,38
0.857,32
0.86,25
9.53,115
9.54,111
9.508,116
9.594,112
9.638,117
9.526,114
9.53,115
9.508,116
9.45,114
9.447,113
9.599,120
10.525,126
9.642,118
9.668,105
10.586,116
10.422,125
9.679,121
9.619,112
9.638,117
10.177,120
10.594,118
10.667,124
10.571,125
10.719,118
10.4,126
9.615,111
9.485,110
9.522,113
9.522,113
9.538,117
9.526,114
9.489,111
9.542,105
9.539,104
9.642,105
9.991,117
0.203,37
0.152,39
0.153,52
0.204,55
0.205,60
0.18,64
0.18,64
0.18,66
0.207,68
0.208,69
0.186,71
0.161,71
0.206,67
0.207,68
0.205,66
0.158,69
0.23,60
0.204,58
0.203,51
0.203,48
0.203,48
0.203,46
0.203,52
0.204,56
0.179,53
0.204,54
0.203,50
0.178,51
0.228,48
0.203,47
0.354,54
0.255,63
1.722,71
1.733,78
1.68,77
0.337,81
0.282,80
0.294,76
0.255,62
0.23,62
0.205,61
0.255,63
0.254,58
0.23,62
0.255,62
0.23,64
0.28,60
0.279,55
0.255,60
0.254,55
0.254,56
0.254,58
0.229,56
0.305,63
0.307,68
0.285,70
0.272,78
0.294,76
0.341,74
1.662,79
1.692,80
1.743,80
1.737,84
1.779,82
1.705,76
1.713,79
1.743,80
1.73,76
1.743,80
1.725,73
1.759,78
1.676,74
1.73,76
1.725,73
1.727,74
1.752,74
1.722,71
1.727,74
1.724,72
1.724,72
1.725,73
1.749,72
1.713,79
1.7,73
1.697,71
1.721,70
1.727,74
1.722,71
1.725,73
1.728,75
1.75,73
1.752,74
1.757,77
1.727,74
1.756,76
1.738,79
1.723,81
1.718,80
1.771,86
1.737,84
1.757,88
1.743,90
1.75,87
1.72,86
1.767,85
1.743,80
1.779,75
1.775,72
1.767,65
1.772,70
1.795,69
1.768,67
1.792,65
1.766,59
1.766,55
1.765,52
1.791,57
1.818,65
1.747,71
1.798,71
1.772,70
1.752,74
1.767,64
1.742,67
1.719,69
1.775,72
1.77,69
1.795,69
1.778,74
1.821,69
1.8,72
1.768,67
1.798,71
1.827,73
1.827,73
1.819,67
1.817,57
1.765,48
1.848,29
1.766,22
9.794,142
9.785,140
9.596,119
12.861,124
12.89,125
12.917,119
12.936,124
9.778,133
9.644,125
9.536,110
9.535,103
9.599,120
9.756,134
9.761,135
9.855,139
9.88,139
9.844,142
9.851,138
9.81,140
9.725,138
9.624,120
9.584,116
9.548,113
9.514,111
9.493,112
9.491,105
9.481,109
9.46,110
9.481,109
9.47,106
9.449,107
9.46,110
9.474,107
9.447,100
9.449,107
9.452,108
9.491,105
9.449,107
9.452,108
9.434,103
9.456,109
9.459,103
9.463,104
9.459,103
9.422,100
9.383,103
9.452,101
9.418,99
9.43,102
9.464,111
9.447,113
9.439,111
9.452,108
9.452,108
9.477,108
9.464,111
9.499,107
9.502,108
9.506,109
9.493,112
9.464,111
9.481,109
9.466,105
9.441,105
9.485,110
9.584,129
9.754,139
0.623,21
0.507,32
0.502,38
0.552,45
0.503,51
0.554,59
0.53,62
0.505,63
0.555,65
0.556,67
0.541,74
0.557,68
0.538,72
0.564,73
0.542,75
0.538,72
0.572,78
0.547,78
0.569,76
0.632,80
0.577,79
0.616,74
0.602,79
0.597,78
0.582,80
0.614,73
0.619,76
0.617,75
0.641,74
0.637,81
0.627,79
0.597,78
0.622,78
0.619,76
0.62,77
0.619,76
0.642,82
0.602,79
0.645,77
0.642,75
0.602,79
0.639,73
0.636,71
0.655,65
0.654,56
0.704,53
0.753,47
0.652,39
0.652,38
0.702,40
0.627,41
0.653,48
0.653,51
0.629,53
0.605,60
0.655,63
0.655,65
0.617,75
0.639,73
0.627,79
0.644,76
0.622,78
0.638,72
0.66,70
0.73,61
0.705,66
0.732,68
0.716,74
0.666,74
0.667,75
0.669,76
0.627,79
0.616,74
0.639,73
0.642,75
0.61,70
0.666,74
0.636,71
0.641,74
0.61,70
0.614,73
0.639,73
0.61,70
0.663,72
0.585,70
0.613,72
0.616,74
0.583,69
0.66,70
0.635,70
0.606,67
0.58,61
0.604,58
0.63,60
0.554,58
0.604,53
0.578,49
0.552,44
0.627,39
0.658,31
0.63,35
0.636,19
11.637,117
11.639,111
11.66,110
11.741,118
11.793,125
11.721,126
11.768,125
13.382,117
13.404,97
13.558,104
13.424,115
13.447,121
13.447,121
13.428,116
13.572,121
13.873,128
14.096,128
14.131,124
14.135,125
14.119,121
14.102,123
14.14,120
14.162,119
14.263,126
13.864,119
14.801,123
15.191,121
14.859,125
14.263,126
0.723,21
0.587,27
0.555,35
0.558,31
0.606,34
0.556,34
0.581,34
0.606,34
0.582,33
0.53,35
0.582,32
0.46,29
0.607,33
0.582,33
0.585,29
0.635,25
0.612,27
0.512,26
0.51,25
0.536,19
10.628,114
10.605,108
10.608,102
10.763,110
10.857,128
10.844,131
10.869,131
0.761,19
10.675,100
10.614,92
1.023,21
0.979,22
1.059,24
0.836,19
0.985,25
0.76,29
0.859,30
0.877,39
0.802,40
0.752,41
0.803,51
0.804,57
0.805,60
0.807,68
0.785,70
0.817,75
0.82,77
0.827,79
0.777,79
0.837,81
0.862,81
0.832,80
0.837,81
0.876,84
0.847,83
0.847,83
0.887,81
0.847,83
0.847,83
0.857,80
0.897,83
0.939,87
0.837,81
0.942,82
0.882,80
0.877,79
0.912,81
0.92,77
0.917,75
0.942,82
0.937,81
0.945,77
0.969,76
0.966,74
0.966,74
0.963,72
0.985,70
0.955,65
0.905,66
0.954,59
0.905,60
0.904,56
0.955,66
0.955,65
0.955,63
0.939,73
0.939,73
0.97,77
0.932,80
0.922,78
0.922,78
0.957,80
0.942,82
0.942,75
0.957,80
0.919,76
0.917,82
0.962,81
0.922,78
0.937,81
0.919,76
0.932,80
0.937,81
0.937,81
0.947,83
0.947,83
0.937,81
0.992,82
0.957,80
0.972,78
0.977,79
0.947,78
0.987,81
0.957,80
0.969,76
0.937,81
0.922,78
0.97,77
0.961,71
0.963,72
0.933,69
0.931,67
0.93,65
0.955,66
0.905,60
0.929,57
0.904,54
0.878,46
0.903,47
0.852,44
0.902,38
0.928,37
0.902,40
0.952,44
0.903,49
0.953,52
0.954,57
0.904,55
0.905,64
0.906,67
0.881,67
0.88,63
0.855,66
0.855,61
0.855,60
0.854,54
0.878,50
0.902,42
0.927,38
0.982,33
1.057,34
1.032,33
0.953,37
1.028,37
0.81,29
0.977,40
0.902,41
0.952,44
0.929,53
0.904,59
0.955,66
0.961,71
0.969,76
0.945,77
0.942,82
0.942,82
0.942,82
0.942,82
0.932,80
0.937,81
0.969,76
0.997,83
0.944,76
0.977,79
0.992,82
0.972,78
1.002,79
0.952,79
0.962,81
0.877,79
0.892,82
0.855,85
0.876,89
0.845,88
0.834,86
0.847,83
0.817,82
0.822,78
0.819,76
0.837,81
0.822,78
0.82,77
0.813,72
0.791,74
0.81,70
0.755,66
0.78,66
0.804,59
0.803,50
0.852,45
0.861,28
10.984,122
11.001,120
10.998,119
11.003,114
11.035,116
11.079,121
11.206,134
11.275,138
11.238,141
11.163,141
10.965,130
10.84,117
10.709,109
0.711,28
0.653,37
0.653,47
0.679,57
0.655,60
0.655,64
0.63,61
0.607,68
0.636,71
0.582,68
0.614,73
0.613,72
0.616,74
0.619,76
0.638,72
0.642,75
0.62,77
0.619,76
0.616,74
0.644,76
0.614,73
0.644,76
0.619,76
0.616,74
0.652,79
0.647,78
0.677,79
0.645,77
0.687,81
0.645,77
0.687,81
0.645,77
0.637,81
0.677,79
0.67,77
0.637,81
0.682,80
0.652,79
0.672,78
0.622,78
0.687,81
0.677,79
0.667,82
0.652,79
0.627,79
0.692,82
0.627,79
0.617,82
0.692,82
0.659,86
0.655,85
0.655,85
0.67,88
0.634,86
0.694,92
0.639,87
0.72,88
0.659,86
0.714,87
0.692,82
0.677,79
0.737,81
0.711,71
0.755,65
0.754,53
0.777,42
0.654,36
0.708,24
0.717,20
0.686,28
0.784,30
0.883,31
0.802,43
0.752,44
0.728,50
0.703,52
0.704,54
0.704,57
0.704,59
0.705,63
0.73,64
0.735,70
0.736,71
0.791,74
0.744,76
0.727,79
0.737,81
0.727,79
0.732,80
0.732,80
0.851,84
0.884,86
0.861,71
0.832,33
0.878,37
0.812,26
0.808,31
0.932,33
0.837,26
0.856,23
1.011,19
13.55,102
13.716,100
13.715,94
13.707,78
7.534,56
7.443,72
7.543,72
7.577,83
7.55,88
7.584,94
7.588,95
7.543,96
7.547,97
7.523,103
7.53,105
7.579,105
7.527,104
7.514,95
7.667,115
7.73,118
7.793,128
7.718,128
7.677,124
7.671,129
7.57,122
7.619,109
7.597,103
7.656,112
7.572,103
7.456,93
7.503,111
7.441,108
7.438,107
7.43,105
7.416,101
7.473,103
7.534,106
7.691,121
7.791,121
7.709,106
7.576,98
7.587,107
7.539,114
7.699,123
7.66,100
7.525,88
7.547,97
7.552,78
7.509,58
7.44,70
7.61,100
7.597,97
7.711,113
10.835,140
11.04,136
11.048,126
11.453,121
11.964,124
11.453,121
11.368,118
11.457,122
10.819,131
10.571,125
10.611,116
10.598,119
10.567,124
10.711,129
10.716,136
10.757,128
10.726,138
7.636,120
7.672,103
7.551,98
7.557,112
7.594,109
7.545,109
7.61,113
7.684,119
7.621,116
7.541,108
7.574,92
12.002,121
12.145,126
12.79,112
13.255,97
13.01,136
12.736,124
11.093,118
11.025,113
11.054,121
11.025,113
11.019,105
11.1,120
10.959,109
11.161,103
11.503,108
11.55,114
11.526,114
10.944,118
11.127,127
11.568,112
11.124,113
7.815,86
7.869,102
7.869,102
7.845,109
7.891,108
7.836,100
8.042,121
11.214,117
11.218,118
11.204,121
11.227,114
11.247,106
11.43,115
12.053,115
8.143,121
8.159,125
8.205,124
8.186,119
7.998,97
7.863,90
7.88,105
7.888,107
7.934,106
7.913,107
7.873,103
7.884,106
7.911,113
7.949,110
7.919,102
7.982,99
9.324,114
9.4,133
9.065,125
9.107,123
8.414,126
8.267,133
8.296,134
8.021,109
8.042,108
8.024,97
8.053,98
8.081,105
8.05,110
8.017,108
0.279,36
0.257,32
0.302,41
0.302,45
0.302,45
0.328,50
0.254,54
0.304,54
0.304,56
0.304,54
0.33,60
0.305,60
0.305,63
0.279,59
0.33,66
0.28,62
0.305,65
0.305,64
0.305,64
0.255,66
0.258,69
0.255,64
0.255,66
0.28,64
0.28,62
0.28,62
0.305,62
0.254,59
0.229,57
0.229,54
0.204,59
0.179,59
0.204,56
0.18,61
0.205,61
0.155,63
0.155,64
0.13,63
0.13,64
0.157,68
0.158,69
0.131,67
0.13,66
0.155,64
0.13,66
0.105,62
0.104,56
0.104,57
0.129,58
0.129,58
0.154,56
0.155,60
0.154,55
0.154,58
0.154,55
0.155,60
0.104,59
0.129,58
0.13,60
0.129,57
0.154,58
0.155,60
0.13,63
0.154,59
,
,
,
0.155,62
0.155,63
0.18,61
0.18,61
,
0.156,67
0.156,67
,
0.264,73
,
,
0.106,67
0.163,72
0.156,67
0.135,70
0.105,62
0.13,60
0.154,53
0.153,52
0.103,48
0.152,41
,
8.017,108
8.065,114
8.166,114
8.228,117
8.224,116
9.927,120
8.064,107
7.986,100
8.037,113
8.007,112
7.991,101
7.977,104
8.011,113
8.003,111
7.974,110
7.907,99
7.895,109
7.899,110
7.874,110
7.891,108
7.941,108
7.895,109
7.873,103
7.884,106
7.911,100
7.984,106
7.959,106
7.919,102
7.907,99
7.9,92
8.021,109
9.13,116
8.992,94
8.987,105
8.709,111
8.042,108
7.88,105
7.763,90
7.832,99
7.905,118
8.012,120
8.777,109
8.836,105
8.909,104
7.927,98
7.741,108
7.707,112
7.705,118
7.675,117
7.716,121
7.691,121
7.68,118
7.687,120
7.722,116
7.722,116
7.707,112
7.699,110
7.688,107
7.716,101
7.707,99
7.682,99
7.676,98
7.668,102
7.635,100
7.656,99
7.672,103
7.672,103
7.668,102
7.723,103
7.694,102
7.716,101
7.694,102
7.719,102
7.716,108
7.723,103
7.744,102
7.73,105
7.707,99
7.759,106
7.752,104
7.748,103
7.807,112
7.761,113
7.757,112
7.78,105
7.744,102
7.769,102
7.809,106
7.799,110
7.811,113
7.814,114
7.799,110
7.88,118
8.014,107
7.823,103
7.838,107
7.839,114
0.154,36
,
0.153,50
,
,
,
,
,
,
,
0.153,48
0.152,43
,
,
,
0.127,38
,
0.152,38
0.127,43
0.103,37
0.152,38
0.155,35
0.204,36
,
,
,
0.154,55
0.129,55
0.154,54
0.154,57
0.154,57
0.154,57
0.155,60
0.105,62
0.13,66
0.161,71
0.113,72
0.163,72
0.133,69
0.161,71
0.141,74
0.142,75
0.169,76
0.167,75
0.166,74
0.141,74
0.164,73
0.158,69
0.155,65
0.155,64
0.13,63
0.105,63
0.11,70
0.135,70
0.147,78
0.177,79
0.169,76
0.17,77
0.182,80
0.169,76
0.169,76
0.169,76
0.169,76
0.114,73
0.136,71
0.163,72
0.188,72
0.108,69
0.172,78
0.167,75
0.182,80
0.169,76
0.137,81
0.157,80
0.147,78
0.127,79
0.127,79
0.167,82
0.177,79
0.182,80
0.187,81
0.177,79
0.152,79
0.182,80
0.177,79
0.177,79
0.187,81
0.169,76
0.172,78
0.12,77
0.169,76
0.172,78
0.166,74
0.166,74
0.164,73
0.164,73
0.192,75
0.158,69
0.186,71
0.186,71
0.16,70
0.156,67
0.21,70
0.207,68
0.231,67
0.23,66
0.23,63
0.279,57
0.303,52
0.203,48
0.252,42
0.202,44
0.152,43
0.178,48
0.178,49
0.154,54
0.204,57
0.229,54
0.203,51
0.229,54
0.205,61
0.155,63
0.157,68
0.183,69
0.235,70
0.205,63
0.205,64
0.208,69
0.205,63
0.205,60
0.205,62
0.23,66
0.205,61
0.229,58
0.255,62
0.18,60
0.233,69
0.205,64
0.205,62
0.205,60
0.255,60
0.229,59
0.205,63
0.254,56
0.204,55
0.154,55
0.204,55
0.204,53
0.302,41
7.959,106
7.949,110
8.728,116
0.306,34
8.867,113
8.795,107
8.639,106
8.422,115
8.058,112
7.964,114
7.878,111
7.849,110
7.857,112
7.799,110
7.784,106
7.82,109
7.838,107
7.805,105
7.816,108
7.777,104
7.83,105
7.82,109
7.816,108
7.809,106
7.866,101
7.88,105
7.861,100
7.864,95
7.788,90
7.802,98
7.838,107
0.227,41
0.202,40
0.202,39
0.205,35
0.152,43
0.155,61
0.18,61
0.154,59
0.158,69
0.157,68
0.156,67
0.164,73
0.233,69
0.207,68
0.132,68
0.191,74
0.213,72
0.161,71
0.208,69
0.211,71
0.18,65
0.206,67
0.208,69
0.205,66
0.255,64
0.255,65
0.255,65
0.255,62
0.254,58
0.279,55
0.254,54
0.26,70
0.337,81
0.332,80
5.78,125
8.037,113
8.029,111
8.017,108
8.037,113
8.04,114
8.054,111
8.117,108
8.09,114
8.23,124
5.81,138
5.81,138
5.75,136
5.691,128
5.556,112
5.554,105
5.518,102
5.554,105
5.554,105
5.579,105
5.551,104
5.551,104
5.576,104
5.583,106
5.572,103
5.593,102
5.626,104
5.606,99
5.705,112
5.743,122
5.648,110
5.631,112
5.618,102
5.647,97
5.883,126
1.032,68
1.046,77
1.017,75
1.043,75
1.042,74
1.103,84
1.067,74
1.07,76
1.061,70
1.087,71
1.056,66
1.056,66
1.056,66
1.07,76
1.078,79
1.063,81
1.063,81
1.078,79
1.058,80
1.038,81
1.063,81
1.071,77
1.043,75
1.022,78
1.059,69
1.067,74
1.064,72
1.008,69
1.064,72
1.017,75
1.048,78
1.022,78
1.042,74
1.093,82
1.058,80
1.027,79
1.038,81
1.032,80
1.068,82
1.022,78
1.048,78
1.02,77
1.032,80
1.032,80
1.07,76
1.073,78
1.048,78
1.065,73
1.068,75
1.011,71
1.061,70
1.011,71
1.007,68
1.042,74
1.065,73
1.093,82
1.067,74
1.063,81
1.07,76
1.096,76
1.196,76
1.217,73
1.185,69
1.258,63
1.258,61
1.156,59
1.107,60
1.081,65
1.09,73
1.065,73
1.065,73
1.07,76
1.121,76
1.134,80
1.214,81
1.27,82
1.323,76
1.372,82
1.377,78
1.296,75
1.159,68
1.113,71
1.119,75
1.124,78
1.124,78
1.184,80
1.24,81
1.255,79
1.286,80
1.352,83
1.362,80
1.401,77
1.413,80
1.387,80
1.276,78
1.269,74
1.29,71
1.362,68
1.36,64
1.269,74
1.281,79
1.254,84
1.192,87
1.189,81
1.199,83
1.194,82
1.16,80
1.154,79
1.147,77
1.139,81
1.134,80
1.149,78
1.141,73
1.143,74
1.188,71
1.169,75
1.22,75
1.223,77
1.291,81
1.459,79
1.616,80
1.733,78
1.752,74
1.756,76
1.779,75
1.778,74
1.779,75
1.804,75
1.782,77
1.827,87
1.82,90
1.838,93
1.833,88
1.801,87
1.759,78
1.749,72
1.728,75
1.752,74
1.756,76
1.806,76
1.757,77
1.804,75
1.775,72
1.73,76
1.779,75
1.784,78
1.75,73
1.772,70
1.776,73
1.776,73
1.773,71
1.776,73
1.69,66
1.719,69
1.668,69
1.563,66
1.489,68
1.417,71
1.317,72
1.233,66
1.165,72
1.168,74
1.166,73
1.121,76
1.121,76
1.134,80
1.16,80
1.129,79
1.134,80
1.124,83
1.134,80
1.147,77
1.179,79
1.174,78
1.172,77
1.171,76
1.118,74
1.124,78
1.093,82
1.067,74
1.121,76
1.068,75
1.124,83
1.179,79
1.209,80
1.33,84
1.375,77
1.377,78
1.438,80
1.459,79
1.299,77
1.203,84
1.257,94
1.197,92
1.17,82
1.16,80
1.184,80
1.149,78
1.197,77
1.146,76
1.194,75
1.212,70
1.326,78
1.477,77
1.422,74
1.16,69
1.113,71
1.138,71
1.174,78
1.197,77
1.174,78
1.169,75
1.171,76
1.143,74
1.113,71
1.168,74
1.223,77
1.343,72
1.468,71
1.825,81
2.018,99
2.076,90
7.414,114
7.403,111
7.386,100
7.389,95
7.385,94
1.008,69
0.866,74
0.866,74
0.838,72
0.857,80
0.867,75
0.822,78
0.817,75
0.838,72
0.817,75
0.841,74
0.813,72
0.847,78
0.822,78
0.832,80
0.837,81
0.862,81
0.822,78
0.819,76
0.837,81
0.819,76
0.827,79
0.822,78
0.889,87
0.857,90
0.895,88
0.909,86
0.938,91
0.895,88
0.895,88
0.859,86
0.884,86
0.859,86
0.884,86
0.834,86
0.83,85
0.826,84
0.802,79
0.927,79
1.265,81
1.301,78
1.179,79
1.313,86
1.337,90
1.343,91
1.165,81
1.012,81
0.932,80
0.887,81
0.792,82
0.764,73
0.757,80
0.742,82
0.722,78
0.767,82
0.776,84
0.78,85
0.727,79
0.747,83
0.727,79
0.732,80
0.792,82
0.802,79
0.817,82
0.801,84
0.782,80
0.777,79
0.792,82
0.787,81
0.766,74
0.736,71
0.708,69
0.736,71
0.755,65
0.755,62
0.755,61
0.754,58
0.779,59
0.78,61
0.854,55
0.829,59
0.754,57
0.755,62
0.73,66
0.766,74
0.787,81
0.782,80
0.787,81
0.827,79
0.822,83
0.851,84
0.787,81
0.801,84
0.838,91
0.776,89
0.82,88
0.814,87
0.792,82
0.792,82
0.802,79
0.832,80
0.777,79
0.77,77
0.777,79
0.757,80
0.782,80
0.747,78
0.782,80
0.751,84
0.805,85
0.792,82
0.735,70
0.755,66
0.835,70
0.867,75
0.807,68
0.805,63
0.779,59
0.754,56
0.805,61
0.827,79
0.851,89
0.87,88
0.83,85
0.832,80
0.83,85
0.82,88
0.808,95
0.83,100
0.813,102
0.792,103
0.835,101
0.858,95
0.784,86
0.792,82
0.819,76
0.855,63
0.804,57
0.778,50
0.857,33
0.836,28
0.786,19
0.782,16
12.479,102
12.478,115
12.509,123
12.501,121
12.436,117
12.496,113
12.43,122
12.359,123
11.062,123
11.125,120
11.07,112
11.064,117
11.045,112
11.12,125
11.195,125
12.39,131
5.708,58
0.778,46
0.855,62
0.814,73
0.863,72
0.805,66
0.778,37
0.757,33
0.827,42
0.727,42
0.704,54
0.706,67
0.688,72
0.669,76
0.672,78
0.682,80
0.677,79
0.712,81
0.72,77
0.707,80
0.694,76
0.67,77
0.712,81
0.677,79
0.672,78
0.712,81
0.682,80
0.695,77
0.702,79
0.732,80
0.682,80
0.682,80
0.677,79
0.702,79
0.719,76
0.711,71
0.711,71
0.705,65
0.705,63
0.754,56
0.753,48
0.752,42
0.802,38
0.727,45
0.603,52
0.655,64
0.719,76
0.745,77
0.717,75
0.739,73
0.72,77
0.692,75
0.702,79
0.782,90
0.782,90
0.77,88
0.782,90
0.795,77
7.34,101
7.378,124
5.734,113
5.562,80
12.347,120
12.294,119
12.298,107
5.499,76
5.51,64
5.389,30
12.71,136
11.005,121
12.742,132
12.619,126
11.07,112
12.27,126
12.29,131
12.276,121
12.303,128
12.34,118
12.353,128
12.411,130
12.575,139
12.311,130
11.035,116
10.832,115
10.861,116
10.834,122
10.844,118
10.886,116
10.936,116
11.062,123
10.916,104
10.865,117
10.846,112
11.136,103
10.969,105
10.9,113
10.861,116
10.932,115
11.021,112
10.853,114
10.898,119
10.884,122
10.857,115
10.871,112
10.871,112
10.917,111
10.834,109
10.813,110
10.828,114
10.913,123
10.974,126
10.844,118
10.782,115
10.782,115
10.784,109
10.921,112
10.849,94
10.775,113
10.79,117
10.79,117
10.777,107
10.884,109
11.081,128
10.807,115
10.84,117
10.84,117
10.937,135
11.089,130
10.98,121
10.784,109
10.796,112
10.79,117
10.844,118
10.803,114
10.815,117
10.873,119
10.898,119
10.786,116
10.861,116
10.94,117
10.948,119
10.903,114
11.003,114
12.463,124
12.315,131
12.263,124
12.24,118
12.244,119
12.224,114
12.338,111
12.34,118
12.249,114
12.246,113
12.301,121
12.236,117
12.286,117
12.271,113
12.428,115
12.511,117
12.535,117
12.566,112
12.462,98
12.373,90
18.363,129
18.401,126
18.351,126
18.365,123
18.409,128
18.382,121
18.386,122
18.367,117
18.355,114
12.046,62
12.128,81
12.092,84
12.155,87
12.21,92
12.279,102
12.244,106
12.234,110
12.246,113
12.23,109
12.24,105
12.246,100
12.179,91
12.088,83
12.105,73
18.261,109
11.934,75
12.105,87
17.983,121
18.015,123
12.052,71
12.08,87
12.229,102
12.224,127
12.205,122
10.717,124
12.044,119
11.003,133
10.865,130
10.774,126
10.817,124
10.759,122
10.773,119
10.761,116
10.801,120
10.819,118
10.79,117
10.79,117
10.794,118
-9999999,
10.803,114
10.817,111
10.834,109
10.886,116
10.851,120
10.851,120
10.832,115
10.815,117
10.848,119
10.882,115
10.865,117
10.932,115
10.95,113
10.994,118
11.013,123
11.026,120
11.177,133
11.463,130
11.621,126
11.166,111
11.108,109
11.139,117
11.143,118
11.1,120
11.204,121
11.139,117
11.077,114
11.118,118
11.041,111
11.064,117
11.003,114
11.054,121
11.031,115
11.035,116
11.039,117
11.068,118
11.047,119
11.043,118
11.028,114
10.99,117
11.003,114
11.021,112
11.017,111
11.108,122
11.127,127
11.235,129
11.329,139
