0.212,58

0.163,62
0.112,59
0.138,62
0.163,60
0.163,60

0.138,60

0.113,62
0.138,63

0.163,60
0.212,57
0.162,56
0.162,59
0.137,54
0.136,50

0.161,49

0.160,43
0.110,45
0.160,41
0.165,33
0.166,31
0.195,26
14.687,98
0.169,28
14.790,118
14.845,126
14.836,130
14.878,128
14.832,129
14.882,129
14.851,121
14.892,125
14.842,125
14.740,118
14.782,116
14.838,124
14.842,125
14.969,132
14.986,130
15.068,132
15.093,132
14.999,133
14.953,134
14.957,129
14.970,126
14.986,130
14.934,123
14.899,127
14.851,121
14.859,123
14.859,123
2.215,12
2.110,16
2.348,25
2.241,33
2.349,28
2.397,32
2.290,36
2.262,39
2.209,39
2.183,40
2.288,40
2.183,44
2.237,47
2.289,47
2.289,46
2.238,57
2.210,48
2.237,49
2.212,54
2.237,51
2.185,56
2.238,56
2.210,51
2.237,52
2.289,50
2.237,48
2.289,47
2.237,48
2.236,44
2.236,39
2.183,38
2.188,34
2.402,26
2.111,24
2.527,17
14.971,113
14.928,115
14.945,126
14.917,125
14.907,129
14.928,128
14.884,123
14.886,130
14.892,112
14.847,120
14.863,124
14.855,122
14.828,115
14.849,114
14.855,109
14.882,116
14.867,125
14.820,126
14.853,128
14.863,111
14.919,119
16.715,120
16.653,123
16.672,128
16.638,119
16.680,130
16.636,125
16.632,124
16.738,126
17.082,131
14.696,113
14.551,108
14.624,127
14.767,125
14.720,126
14.634,123
14.617,125
14.580,122
14.574,127
14.659,123
14.869,132
16.541,120
16.556,104
16.910,125
17.716,121
17.772,116
17.606,118
17.705,118
17.776,117
17.791,121
17.745,122
17.709,119
17.691,121
17.666,121
17.634,119
17.666,121
17.634,119
17.617,121
17.626,117
17.682,125
17.699,123
14.957,129
14.792,125
14.763,124
14.767,125
14.742,125
14.506,122
14.460,123
14.512,130
14.443,125
14.549,127
14.738,124
14.901,121
14.932,116
14.894,119
14.851,121
14.870,126
14.828,128
14.858,135
14.958,135
14.944,132
15.207,123
15.152,134
15.152,134
14.882,129
14.809,123
1.197,27
1.187,39
1.213,48
1.189,55
1.189,53
1.165,64
1.221,70
1.227,74
1.230,76
1.231,77
1.180,77
1.182,78
1.238,79
1.256,77
1.282,77
1.284,78
1.256,77
1.253,75
1.279,75
1.250,73
1.256,77
1.281,76
1.281,76
1.279,75
1.278,74
1.282,77
1.307,77
1.294,80
1.273,81
1.299,81
1.282,77
1.258,78
1.252,74
1.166,67
1.164,59
1.983,70
2.195,72
2.202,77
2.189,80
2.225,82
0.571,72
0.621,72
0.796,72
0.815,68
0.816,69
0.796,72
0.797,73
0.775,75
0.778,77
0.830,78
0.725,75
0.753,77
0.778,77
0.715,80
0.755,78
0.727,76
0.724,74
0.713,65
0.687,54
0.661,48
0.710,39
0.760,43
0.710,42
0.810,45
0.735,41
0.615,68
0.740,90
0.654,98
0.788,100
0.713,100
0.668,108
0.550,103
0.508,93
0.366,69
0.212,57
0.188,60
0.212,58
0.162,57
0.162,53
0.136,49
0.161,46
0.160,45
0.160,44
0.277,92
0.326,110
0.332,118
0.339,120
0.412,126
0.297,109
0.284,99
0.213,85
0.164,67
0.163,64
0.168,70
0.163,65
0.169,71
0.172,73
0.171,72
0.172,73
0.178,77
0.175,75
0.177,76
0.200,75
0.175,75
0.178,77
0.155,78
0.253,77
0.280,78
0.355,78
0.380,78
0.455,78
0.527,76
0.550,75
0.602,76
0.600,75
0.672,73
0.646,72
0.613,66
0.563,61
0.513,65
0.413,64
0.413,62
0.314,67
0.313,65
0.268,70
0.272,73
0.243,70
0.293,70
0.294,71
0.266,69
0.265,68
0.313,64
0.288,63
0.312,59
0.287,55
0.311,52
0.361,46
0.388,61
0.463,65
0.763,66
0.769,71
0.841,69
0.846,72
0.850,75
0.802,76
0.755,78
0.752,76
0.765,68
0.715,68
0.612,57
0.612,56
0.462,54
0.462,54
0.487,54
0.436,51
0.512,53
0.612,58
0.663,61
0.713,64
0.713,66
0.713,60
0.712,59
0.637,54
0.587,55
1.673,60
0.862,55
0.962,55
0.778,77
0.892,86
2.058,90
2.008,86
1.978,63
2.052,84
2.147,103
2.164,114
2.224,116
0.928,117
0.826,110
0.871,102
0.804,104
0.849,116
0.815,107
0.743,101
0.822,109
0.804,104
0.921,102
0.797,87
0.755,83
0.784,84
0.780,83
0.759,84
0.788,85
0.809,84
0.763,85
0.822,87
0.850,82
0.892,86
0.850,82
1.996,83
2.030,85
2.058,80
2.063,81
2.089,81
2.116,81
2.165,86
2.152,83
2.186,85
2.104,84
2.121,82
2.126,83
2.201,92
2.261,99
2.303,103
2.374,108
2.281,104
2.156,99
2.185,94
2.086,86
2.132,46
2.236,44
2.218,29
2.083,23
2.028,49
2.029,56
2.082,61
2.088,71
2.088,71
2.088,71
2.109,67
2.083,67
2.082,66
2.084,68
2.083,67
2.108,60
2.108,61
2.134,60
2.133,58
2.133,55
2.133,56
2.185,56
2.159,54
2.184,51
2.158,50
2.133,53
2.081,54
2.160,60
2.082,60
2.055,57
2.082,64
2.108,63
2.082,66
2.160,62
2.108,64
2.134,63
2.134,64
2.108,64
2.108,61
2.081,59
2.134,65
2.082,65
0.715,68
0.816,69
0.716,69
0.721,72
0.666,69
0.721,72
0.725,75
0.755,78
0.730,78
0.727,76
0.715,80
0.767,86
0.703,77
0.767,86
0.755,83
0.763,85
0.725,82
0.747,87
0.738,85
0.725,82
0.735,79
0.690,80
0.678,77
0.728,77
0.674,74
0.705,78
0.674,74
0.699,74
0.678,77
0.685,79
0.674,74
0.730,78
0.674,74
0.678,77
0.678,77
0.674,74
0.680,78
0.675,75
0.722,73
0.674,74
0.702,76
0.677,76
0.674,74
0.675,75
0.672,73
0.702,76
0.699,74
0.700,75
0.722,73
0.722,73
0.675,75
0.668,70
0.674,74
0.725,75
0.696,72
0.735,79
0.702,76
0.738,65
2.497,54
2.421,62
2.446,64
2.446,65
2.430,72
2.447,67
0.700,82
0.715,90
0.650,75
0.655,83
0.715,90
0.728,88
0.616,69
0.593,70
0.624,74
0.630,83
0.643,101
0.602,76
0.569,71
0.562,59
0.765,90
4.400,89
4.391,103
4.390,116
4.398,118
0.797,109
0.729,98
0.652,92
0.630,78
0.600,75
0.590,80
0.595,81
0.609,84
0.580,78
0.566,69
0.640,68
0.602,76
0.605,78
0.578,77
0.575,75
0.524,74
0.569,71
0.553,77
0.585,79
0.575,82
0.563,85
0.555,83
0.590,80
0.545,81
0.595,81
0.565,80
0.555,78
0.588,85
0.572,87
0.559,89
0.590,90
0.584,89
0.572,87
0.572,87
0.578,88
0.572,87
0.609,84
0.560,79
0.595,81
0.605,78
0.600,75
0.622,73
0.621,72
0.622,73
0.797,73
1.573,68
1.624,68
1.633,74
1.612,77
1.568,79
1.589,78
1.462,78
0.521,72
0.415,68
0.363,64
0.363,63
0.363,61
0.364,67
0.413,61
0.388,61
0.363,65
0.413,65
0.389,67
0.338,65
0.366,69
0.363,63
0.388,64
0.388,64
0.363,66
0.389,67
0.394,71
0.413,65
0.363,66
0.414,67
0.416,69
0.363,66
0.363,65
-99999999
0.414,67
0.368,70
0.419,71
0.421,72
0.391,69
0.391,69
0.415,68
0.413,65
0.414,67
0.418,70
0.391,69
0.393,70
0.393,70
0.390,68
0.414,67
0.413,65
0.388,64
0.413,64
0.413,63
0.413,61
0.414,67
0.390,68
0.418,70
0.388,64
0.388,66
0.419,71
0.394,71
0.393,70
0.419,71
0.418,70
0.369,71
0.394,71
0.375,75
0.397,73
0.425,75
0.402,76
0.403,77
0.427,76
0.427,76
0.455,78
0.455,78
0.435,79
0.455,78
0.440,80
0.440,80
0.425,82
0.420,81
0.405,83
0.335,79
0.390,80
0.345,81
0.375,82
0.355,83
0.350,82
0.309,84
0.340,80
0.320,81
0.372,87
0.359,84
0.355,83
0.372,87
0.347,87
0.309,84
0.317,86
0.353,88
0.367,86
0.305,83
0.338,85
0.352,92
0.322,87
0.378,88
0.328,88
0.334,84
0.365,90
0.345,81
0.367,86
0.390,80
0.399,74
0.346,72
0.418,70
0.375,75
0.419,71
0.377,76
0.425,75
0.374,74
0.368,70
0.349,74
0.372,73
0.369,71
0.343,70
0.366,69
0.350,75
0.365,68
0.363,64
0.364,67
0.363,61
0.371,72
0.362,59
0.339,67
0.388,61
0.363,62
0.339,67
0.363,65
0.363,60
0.369,71
0.363,66
0.369,71
0.365,68
0.363,64
0.338,63
0.362,56
0.436,51
0.536,48
0.536,51
0.687,56
0.738,65
0.696,72
0.615,68
0.465,68
0.413,65
0.416,69
0.413,65
0.413,62
0.413,63
0.464,67
0.490,68
0.563,66
0.716,69
0.739,67
0.828,77
0.827,76
0.850,82
0.813,85
0.797,87
0.805,83
0.813,85
0.834,84
0.840,80
0.820,81
0.890,90
0.958,93
1.032,105
1.254,103
1.469,94
1.441,79
1.430,74
1.434,77
1.383,77
1.390,79
1.408,76
1.355,75
1.390,79
1.345,80
1.036,79
0.450,75
0.350,75
0.377,76
0.430,78
0.344,71
0.394,71
0.321,72
0.266,69
0.189,67
0.240,68
0.219,71
0.218,70
0.239,67
0.218,70
0.215,68
0.218,70
0.219,71
0.244,71
0.374,74
0.593,70
1.027,76
1.069,70
1.219,69
1.317,65
1.291,54
1.366,48
1.291,53
1.342,58
1.317,65
1.292,64
1.401,81
1.428,87
1.433,92
1.423,86
1.401,81
1.395,67
1.399,70
1.402,72
1.408,76
1.459,76
1.382,76
1.382,76
1.393,85
1.299,81
1.202,82
1.168,80
1.061,79
1.002,76
0.965,80
0.903,77
0.928,77
0.940,80
0.935,79
0.945,81
0.920,81
0.950,82
0.895,81
0.928,88
0.967,86
0.915,80
0.980,83
0.995,81
0.978,77
0.940,80
0.930,78
0.985,79
1.002,76
1.010,79
1.028,77
1.000,82
1.005,83
1.030,83
1.034,84
0.980,78
1.046,81
1.028,77
1.046,81
1.025,75
1.027,76
1.060,84
1.005,78
1.066,80
1.036,79
1.027,76
1.036,79
1.028,77
1.030,78
1.002,76
1.002,76
1.027,76
1.036,79
1.025,82
1.030,78
1.051,82
1.053,76
0.980,78
1.005,78
1.015,80
1.039,85
1.015,80
1.003,77
1.034,84
1.056,83
1.041,80
1.003,77
1.041,80
0.995,81
0.978,77
1.022,87
1.020,81
0.985,79
1.010,79
1.030,78
0.980,78
1.030,78
1.003,77
1.005,78
0.985,79
0.980,78
1.056,78
1.005,78
1.024,74
1.046,81
1.091,80
1.079,77
1.132,78
1.137,79
1.179,76
1.218,80
1.205,77
1.253,82
1.233,78
1.256,77
1.231,77
1.231,77
1.228,75
1.227,74
1.231,77
1.180,77
1.201,74
1.198,72
1.230,76
1.228,75
1.274,72
1.272,71
1.279,75
1.268,80
1.258,78
1.281,76
1.227,74
1.227,74
1.191,85
1.127,75
1.063,53
1.011,50
1.011,52
1.012,59
1.013,63
0.991,69
0.993,70
1.025,75
1.002,76
0.977,76
1.003,77
1.027,76
1.027,76
1.028,77
0.980,78
1.010,79
0.965,80
0.988,85
0.990,80
1.034,84
1.005,83
0.995,81
0.985,79
1.028,77
1.024,74
0.994,71
1.019,71
0.999,74
1.022,73
1.025,75
1.048,73
1.053,76
1.024,74
1.036,79
1.036,79
1.054,77
1.056,83
1.056,78
1.071,81
1.061,79
1.061,79
1.030,78
1.081,78
1.027,76
1.061,79
1.051,75
1.056,78
1.061,79
1.079,77
1.101,74
1.078,76
1.078,76
1.051,75
1.079,77
1.079,77
1.072,72
1.086,79
1.054,77
1.061,79
1.051,75
1.081,78
1.076,75
1.051,82
1.025,75
1.028,77
1.041,80
1.005,78
1.046,81
1.056,83
1.079,88
1.017,86
1.003,88
1.002,92
1.002,92
1.008,93
1.042,95
1.025,97
1.002,92
1.059,93
1.072,91
1.009,89
0.992,86
1.047,91
1.028,88
1.005,83
1.030,83
0.995,81
0.995,81
0.995,81
1.028,77
1.036,79
1.022,73
1.036,79
1.091,80
1.124,87
1.099,87
1.073,87
1.079,88
1.115,85
1.030,83
1.051,82
1.085,84
1.051,82
1.020,81
0.995,81
1.051,82
1.025,82
1.041,80
1.041,80
1.015,80
1.041,80
1.036,79
1.024,74
1.030,78
1.020,81
1.010,79
1.030,78
1.005,78
1.036,79
1.041,80
1.030,78
1.041,80
1.027,76
1.010,79
1.027,76
1.025,75
1.041,80
1.024,74
1.025,75
0.999,74
0.896,72
0.820,81
0.713,85
0.571,72
0.599,74
0.571,72
0.625,75
0.643,70
0.600,75
0.566,69
0.616,69
0.622,73
0.627,76
0.622,73
0.628,77
0.674,74
0.630,78
0.675,75
0.675,75
0.621,72
0.684,89
0.754,104
0.841,114
0.822,109
3.622,102
3.652,110
3.619,108
3.559,105
1.428,109
1.504,109
1.644,112
1.660,103
1.595,106
1.605,102
1.622,100
1.611,92
1.567,84
1.532,74
1.521,63
1.570,59
1.572,67
1.575,69
1.578,71
1.577,70
1.555,73
1.583,74
1.578,71
1.552,71
1.554,72
1.603,71
1.581,73
1.558,75
1.578,71
1.584,75
1.575,69
1.581,73
1.586,76
1.614,78
1.563,78
1.608,74
1.618,84
1.589,83
1.593,84
1.573,80
1.563,78
1.594,79
1.612,77
1.608,74
1.606,73
1.602,70
1.605,72
1.624,68
1.597,66
1.622,64
1.622,65
1.648,63
1.776,67
2.253,76
2.413,78
2.462,77
2.469,79
2.566,77
2.511,75
2.533,72
2.498,66
2.524,60
2.498,62
2.524,66
2.499,67
2.501,69
2.562,74
2.511,75
2.698,104
4.124,111
4.151,118
2.679,106
2.681,100
2.618,88
2.527,90
2.667,97
4.153,112
4.155,119
4.155,119
4.196,117
4.190,109
4.489,103
4.961,117
4.982,116
4.974,114
4.996,113
4.990,118
5.001,121
4.965,118
4.976,121
4.990,118
4.978,115
5.020,113
5.020,113
5.016,112
5.012,111
5.009,110
4.994,106
5.054,109
5.159,117
5.228,122
5.259,117
8.498,113
1.700,67
1.625,69
1.583,74
1.627,70
1.622,66
1.602,70
1.638,77
1.583,74
1.584,75
1.583,74
1.609,75
1.580,72
1.608,74
1.581,73
1.606,73
1.558,75
1.584,75
1.609,75
1.583,74
1.584,75
1.583,74
1.552,71
1.599,68
1.573,68
1.571,66
1.577,70
1.571,61
1.545,59
1.547,67
1.600,69
1.572,67
1.577,70
1.578,71
1.580,72
1.611,76
1.583,74
1.586,76
1.614,83
1.594,79
1.589,78
1.589,78
1.650,80
1.594,79
1.594,79
1.589,78
1.586,76
1.604,81
1.581,73
1.589,78
1.606,73
1.587,77
1.584,75
1.608,74
1.578,71
1.580,72
1.546,65
1.571,63
1.570,59
1.571,60
1.673,62
2.244,70
2.458,74
2.546,84
2.465,83
2.404,87
2.222,87
2.026,84
1.716,83
1.594,79
1.561,77
1.586,76
1.536,77
1.584,75
1.543,79
1.557,74
1.584,75
1.587,77
1.612,77
1.561,77
1.604,81
1.561,77
1.563,78
1.536,77
1.586,76
1.586,76
1.580,72
1.602,70
1.578,71
1.575,69
1.554,72
1.554,72
1.532,74
1.554,72
1.581,73
1.583,74
1.586,76
1.561,77
1.583,74
1.589,78
1.587,77
1.583,74
1.638,88
1.681,91
1.715,98
1.787,103
1.784,109
1.818,111
1.831,108
1.820,105
3.499,102
3.482,98
3.552,103
3.540,100
1.580,102
1.867,104
3.641,107
3.722,109
1.829,95
2.006,90
2.352,87
2.317,85
2.352,87
2.417,84
2.451,86
2.421,85
2.382,75
2.374,70
2.403,72
2.382,75
2.361,78
2.366,79
2.314,79
2.343,85
2.343,85
2.335,83
2.365,84
2.262,79
2.256,78
2.100,78
1.684,74
1.727,69
2.100,78
2.377,91
2.430,91
2.559,96
2.546,89
2.553,80
2.614,74
2.663,72
6.603,97
11.447,104
11.427,112
11.413,115
11.377,112
11.408,107
11.361,101
11.426,93
2.212,22
2.288,40
2.237,47
2.237,51
2.238,55
2.239,63
2.239,63
2.215,68
2.135,67
2.033,69
2.033,69
1.826,65
1.724,63
1.597,60
1.570,57
1.571,63
1.571,63
1.548,68
1.602,70
1.581,73
1.581,73
1.549,69
1.530,73
1.581,73
1.530,73
1.583,74
1.581,73
1.577,70
1.575,69
1.575,69
1.549,69
1.571,64
1.597,63
1.597,66
1.597,64
1.597,63
1.622,62
1.648,65
1.674,67
1.678,70
1.733,73
1.681,72
1.735,74
1.630,72
1.630,72
1.609,75
1.605,72
1.580,72
1.606,73
1.628,71
1.580,72
1.606,73
1.606,73
1.628,71
1.580,72
1.609,75
1.606,73
1.589,78
1.609,75
1.606,73
1.681,72
1.746,79
1.786,74
1.909,81
2.022,83
2.186,85
2.299,91
2.386,104
2.452,108
2.535,109
2.629,113
2.644,117
2.625,112
0.907,105
0.825,97
0.929,98
0.833,93
0.746,91
0.808,93
0.740,90
0.665,90
0.680,83
0.635,79
0.595,81
0.634,84
0.622,87
0.578,88
0.628,88
0.621,91
0.634,89
0.652,92
0.684,89
0.647,87
0.659,84
0.640,80
0.635,79
0.695,81
0.635,79
0.653,77
0.640,80
0.625,75
0.685,79
0.640,80
0.660,79
0.630,78
0.677,76
0.625,75
0.675,75
0.621,72
0.624,74
0.674,74
0.652,76
0.628,77
0.640,80
0.655,78
0.655,78
0.640,80
0.685,79
0.653,77
0.630,78
0.630,78
0.640,80
0.688,85
0.659,84
0.672,87
0.663,85
0.663,85
0.667,86
0.667,86
0.655,83
0.684,84
0.635,79
0.665,80
0.650,82
0.672,87
0.645,81
0.659,84
0.663,85
0.625,82
0.663,85
0.678,88
0.684,89
0.617,86
0.609,84
0.659,84
0.663,85
0.663,85
0.680,78
0.684,84
0.628,77
0.645,81
0.660,79
0.603,77
0.675,82
0.728,88
0.684,89
0.716,95
0.721,96
0.704,98
0.709,99
0.762,94
0.696,91
0.690,90
0.655,83
0.630,78
0.640,80
0.578,77
0.635,79
0.625,75
0.649,74
0.627,76
0.597,73
0.672,73
0.622,73
0.618,70
0.718,70
0.666,69
0.669,71
0.668,70
0.663,66
0.663,65
0.688,63
0.663,61
0.712,57
0.662,57
0.662,55
0.637,58
0.613,63
0.671,72
0.684,89
0.678,88
0.678,88
0.645,81
0.599,74
0.627,76
0.605,78
0.628,77
0.627,76
0.603,77
0.605,78
0.585,79
0.615,80
0.605,78
0.602,76
0.585,79
0.630,83
0.610,79
0.580,78
0.628,77
0.642,86
0.605,83
0.647,87
0.609,84
0.595,81
0.640,80
0.650,82
0.650,75
0.665,80
0.675,75
0.653,77
0.690,80
0.665,80
0.645,81
0.690,80
0.670,81
0.709,84
0.659,84
0.713,85
0.680,83
0.675,82
0.655,83
0.700,82
0.709,84
0.665,80
0.678,77
0.672,73
0.725,75
0.699,74
0.674,74
0.678,77
0.674,74
0.742,86
0.717,86
0.850,97
0.821,102
0.841,95
0.867,86
2.693,75
2.946,86
3.104,96
3.092,89
3.093,79
3.179,73
3.206,97
3.153,91
3.166,84
3.197,90
3.119,94
3.092,89
3.120,85
3.122,90
3.117,84
3.120,85
2.937,84
2.916,85
2.907,83
2.839,80
2.774,76
2.452,71
2.396,67
2.669,76
0.680,78
0.617,86
0.658,93
0.559,84
0.572,73
0.546,72
0.578,77
0.518,70
0.545,81
0.519,71
0.574,74
0.519,71
0.549,74
0.546,72
0.525,75
0.522,73
0.547,73
0.525,75
0.524,74
0.519,71
0.524,74
0.547,73
0.544,71
0.546,72
0.525,75
0.500,75
0.521,72
0.525,75
0.524,74
0.500,75
0.497,73
0.474,74
0.469,71
0.524,74
0.518,70
0.488,66
0.519,71
0.465,68
0.521,72
0.465,68
0.494,71
0.515,68
0.464,67
0.490,68
0.466,69
0.441,69
0.463,66
0.490,68
0.518,70
0.488,65
0.413,65
0.463,60
0.463,63
0.438,62
0.413,64
0.463,61
0.463,60
0.463,65
0.462,59
0.463,61
0.463,60
0.468,70
0.465,68
0.493,70
0.415,68
0.465,68
0.464,67
0.438,65
0.465,68
0.441,69
0.463,66
0.421,72
0.439,67
0.422,73
0.440,68
0.444,71
0.422,73
0.475,75
0.422,73
0.468,70
0.416,69
0.444,71
0.497,73
0.441,69
0.469,71
0.421,72
0.472,73
0.480,78
0.515,80
0.460,79
0.444,71
0.414,67
0.463,65
0.419,71
0.419,71
0.363,61
0.413,60
0.463,66
0.419,71
0.415,68
0.414,67
0.416,69
0.444,71
0.443,70
0.438,65
0.463,64
0.437,58
0.502,76
0.495,81
0.540,80
0.520,81
0.509,84
0.490,80
0.459,84
0.455,83
0.430,78
0.413,63
0.363,61
0.363,64
0.388,61
0.413,62
0.388,62
0.388,63
0.388,64
0.388,60
0.338,62
0.363,62
0.419,71
0.377,76
0.372,73
0.338,61
0.362,57
0.337,58
0.362,58
0.363,60
0.313,60
0.338,62
0.312,59
0.363,64
0.313,63
0.313,63
0.313,62
0.363,65
0.313,66
0.313,65
0.338,62
0.337,58
0.362,55
0.388,63
0.625,75
1.248,81
1.416,79
1.477,81
1.426,81
1.389,84
1.325,91
1.370,90
1.281,76
0.967,86
1.039,85
0.321,72
0.291,69
0.230,78
0.228,77
0.230,78
0.200,75
0.218,70
0.196,72
0.193,70
0.214,67
0.188,66
0.185,79
0.222,87
0.184,89
0.246,91
0.266,95
0.195,81
0.172,73
0.175,75
0.160,79
0.190,80






0.160,41
0.136,52







0.161,50
0.160,42

0.311,49
1.374,71
1.434,77
1.462,83
1.444,85
1.385,78
1.396,80
1.406,75
1.408,76
1.390,79
1.433,76
1.402,72
1.393,66
1.393,66
1.419,64
1.425,71
1.424,70
1.453,73
1.434,77
1.441,79
1.411,78
1.383,77
1.457,82
1.462,83
1.444,85
1.440,89
1.414,93
1.435,98
1.384,98
1.444,100
1.424,101
1.457,97
1.452,96
1.402,91
1.423,86
1.451,81
1.466,84
1.477,81
1.477,81
1.457,82
1.459,76
1.497,80
1.487,78
1.518,79
1.512,78
1.509,76
1.536,77
1.518,79
1.484,76
1.482,75
1.479,73
1.532,74
1.512,78
1.536,77
1.532,74
1.498,69
1.530,73
1.522,67
1.495,64
1.494,58
1.468,52
1.418,53
1.391,46
1.417,49
1.366,52
1.417,48
1.366,49
1.366,47
1.366,51
1.392,55
1.392,55
1.418,54
1.418,56
1.468,52
1.416,42
1.368,35
1.552,19
19.035,69
18.575,104
17.539,107
17.328,88
17.315,90
17.341,95
17.437,94
17.619,96
17.849,110
17.888,107
17.021,96
17.068,108
17.278,117
18.592,102
18.490,70
19.782,107
19.746,104
19.988,96
19.907,90
19.730,100
20.049,99
20.247,105
25.491,89
26.264,89
25.941,84
18.164,86
18.189,86
16.717,95
18.205,93
18.234,94
18.240,101
18.147,97
18.130,93
18.100,77
18.132,38
25.879,87
25.379,87
25.549,86
20.042,92
19.963,102
19.874,105
19.809,86
19.838,91
19.876,99
19.767,103
19.780,100
19.717,103
18.742,96
18.562,69
18.576,78
17.165,90
17.071,91
17.097,109
17.063,113
17.063,113
17.105,111
17.102,92
17.311,106
17.118,101
17.050,97
17.116,114
17.037,94
17.092,86
18.197,97
18.300,77
18.293,72
18.262,68
18.307,39
26.990,79
27.017,66
26.993,62
26.991,51
27.066,56
27.040,46
27.039,43
27.071,30


2.266,23
2.131,41
2.158,48
2.185,59
2.108,63
2.088,71
2.094,74
2.115,71
2.091,72
2.120,74
2.095,75
2.110,80
2.136,80
2.058,80
2.098,77
2.095,82
2.084,80
2.100,78
2.069,82
2.058,80
2.074,83
2.079,79
2.063,81
2.063,81
2.104,84
2.046,77
2.058,80
2.053,79
2.053,79
2.053,79
2.045,76
2.074,83
2.053,79
2.016,82
2.020,77
2.001,79
2.048,78
2.001,79
2.043,82
2.027,79
2.020,77
2.058,80
2.058,80
2.032,80
2.046,77
2.006,80
2.011,81
2.058,80
2.032,80
2.001,79
2.006,80
1.996,78
2.027,79
2.006,80
1.994,77
2.016,75
2.037,81
2.042,74
2.020,77
2.046,77
2.039,73
2.042,74
2.043,75
2.015,74
2.015,74
2.045,76
2.079,79
2.043,75
2.016,75
2.046,77
2.046,77
2.089,81
2.079,79
1.996,78
2.058,80
2.043,75
2.043,75
2.037,81
2.063,81
2.069,82
2.092,87
2.069,82
2.104,84
2.146,74
2.186,62
2.132,48
2.028,52
2.055,59
2.084,68
2.087,70
2.137,69
2.109,67
2.134,60
2.185,54
2.209,40
18.133,50
25.137,78
25.071,67
25.570,66
18.497,75
18.231,99
18.313,95
18.795,82
2.236,40

0.153,77
0.147,73
0.195,81
0.180,83
0.159,84






0.192,86
0.213,64
0.138,61









0.163,65
0.137,55
2.316,56
2.317,63
2.317,64
2.297,71
2.299,72
2.325,72
2.325,72
2.361,83
0.212,94
0.300,103
0.275,103
0.279,98
0.228,88
0.205,83
0.213,85
0.234,89










0.217,86
0.150,82
0.185,79
0.140,80
0.177,76
0.175,75
0.185,79
0.180,78
0.180,78
0.172,73
0.203,77
0.199,74
0.202,76
0.174,74
0.199,74
0.169,71
0.152,76
0.196,72
0.224,74
0.175,75
0.175,75
0.199,74
0.193,70
0.227,76
0.230,78
0.228,77
0.196,72
0.193,70
0.174,74
0.219,71
0.191,69
0.188,62
0.213,66
0.188,62
0.212,55
0.187,53
0.237,56
0.218,70
0.205,78
0.263,85
0.242,86
0.267,86
0.284,84
0.292,86
0.197,87
0.209,84
0.213,85
0.217,86
0.213,85
0.192,86
0.192,86
0.217,86
0.178,88
0.213,85
0.255,78
0.192,86

2.199,75
2.199,75
2.199,75
2.221,72
2.198,74
2.195,72
2.225,75
0.275,75
2.170,73
0.174,74
0.228,77
0.205,78
0.174,74
0.147,73
0.137,59
0.137,56
0.162,55
0.144,71
0.165,80
0.217,86
0.159,84
0.180,83
0.177,76
0.161,50
0.210,45
0.160,42
0.210,43
0.160,45
0.185,43
0.161,50
0.287,54
0.415,68
0.489,67
0.491,69
0.499,74
0.378,77
0.302,76
0.225,75
0.272,73
0.250,82
0.175,82
0.222,87
0.209,84
0.203,88
0.217,86
0.217,86
0.163,66
0.136,51
0.213,65
0.174,74
0.169,71
0.190,68
0.163,66
0.163,62
0.138,65
0.138,63
0.137,58
0.162,54
0.136,46
0.135,43
0.136,46
0.162,55
0.150,75
0.214,67

0.160,42
0.112,56
0.163,66
0.178,77
0.195,81











0.128,77
0.185,79
0.275,82










0.110,40
0.135,38
0.166,31
0.206,21
18.671,75
18.649,88
16.830,98
16.781,83
17.075,75
17.260,79
17.420,81
17.502,88
17.997,74
18.394,73
17.076,110
17.124,116
16.972,91
16.994,108
16.866,90
19.785,108
19.751,89
19.695,88
19.705,61



21.780,69
16.836,39
16.944,108
16.941,107
18.306,112
21.736,73
21.816,76
21.735,102
21.710,91
21.714,75
21.685,72

18.184,57
18.215,70







16.937,50
16.938,59
16.964,61
16.939,60
16.939,60
16.981,78
17.010,99
17.059,99
18.200,117
17.926,117
17.109,112
17.079,104
21.766,92
21.841,76
21.813,74
17.126,110
27.289,42
18.508,37
18.409,58
18.485,62
16.926,97
16.997,96
17.118,101
19.817,97
19.680,85
19.519,110
18.113,114
18.675,104
18.755,99
18.899,98
18.933,100
18.882,94
19.000,83
20.017,92
19.644,110
20.415,103
19.888,96
17.205,111
17.136,119
17.291,114
15.427,102
15.331,103
15.299,108
15.273,86
15.291,79
15.218,56
18.022,75
17.886,66
14.596,85
13.726,69
13.402,107
13.031,101
12.593,104
12.560,96
12.463,87
12.475,89
12.503,61
11.304,48
11.419,110
11.459,114
11.515,122
11.472,98
11.434,114
11.440,122
11.427,125
11.391,122
11.415,122
11.388,115
11.415,109
11.431,113
11.422,104
11.436,101
17.459,112
17.643,115
17.861,100
17.816,101
11.983,69
12.116,97
12.035,71
12.040,74
20.180,68
12.004,53
11.929,55
18.783,66
18.908,113
17.539,107
11.903,50
11.953,50
12.137,91
17.598,103
11.811,71
11.807,80
11.921,98
11.905,113
11.858,114
11.791,116
11.799,118
11.849,118
11.889,122
11.964,122
12.059,121
12.121,124
12.063,122
12.096,124
12.067,123
12.078,126
12.117,123
12.067,123
12.105,120
12.094,117
12.070,104
12.179,100
12.005,66
20.419,104
20.408,101
20.231,69
26.059,88
25.734,92
19.046,92
19.066,87
18.859,67
25.482,82
20.331,95
25.475,70
25.442,38
26.192,56
26.457,76
26.922,86
18.033,51
13.726,107
13.421,112
13.120,105
12.671,105
12.487,102
12.269,88
12.013,102
11.885,101
11.751,89
11.654,94
11.427,84
11.234,90
11.059,90
10.891,96
10.716,91
10.553,93
10.443,87
10.399,88
10.318,87
10.273,92
10.261,90
10.255,89
10.286,90
10.330,89
10.405,84
10.541,91
10.604,89
10.703,93
10.835,90
10.933,85
11.028,89
11.128,84
11.207,85
11.306,85
11.388,81
11.456,85
11.527,89
11.595,88
11.676,89
11.794,92
11.857,107
11.910,108
11.968,110
11.993,110
12.071,111
12.732,108
13.015,110
13.253,107
14.072,113
14.381,109
14.692,112
14.863,111
14.963,111
15.081,103
15.156,103
15.190,99
15.277,102
15.288,105
15.388,105
15.419,100
15.456,103
15.499,108
15.591,106
15.760,111
15.883,117
15.952,109
15.776,102
18.791,91
18.762,86
18.735,80
18.709,67
18.583,58
18.259,55
18.235,64
18.193,72
18.194,73
18.190,70
18.238,69
18.213,69
18.240,70
18.240,70
18.210,65
18.241,71
18.210,62
18.235,35
18.614,25
0.940,16
0.668,25
0.690,15
0.717,30
0.718,29
0.713,35
0.762,36
0.660,39
0.711,46
0.636,52
0.637,57
0.665,68
0.671,72
0.700,75
0.710,79
0.710,79
0.703,77
0.755,78
0.740,80
0.728,77
0.730,78
0.728,77
0.727,76
0.735,79
0.735,79
0.725,82
0.745,81
0.705,78
0.750,82
0.755,78
0.728,77
0.744,71
0.735,79
0.728,77
0.703,77
0.755,83
0.715,80
0.728,77
0.715,80
0.730,78
0.778,77
0.745,81
0.730,78
0.795,81
0.790,80
0.825,75
0.795,81
0.805,83
0.800,82
0.800,82
0.813,85
0.759,84
0.730,83
0.738,85
0.738,85
0.728,88
0.746,91
0.737,94
0.746,91
0.727,92
0.746,91
0.762,94
0.737,94
0.746,91
0.766,95
0.728,88
0.759,89
0.753,88
0.787,94
0.734,84
0.747,87
0.753,88
0.703,88
0.734,89
0.722,87
0.730,83
0.684,84
0.734,89
0.678,88
0.702,92
0.708,93
0.738,100
0.768,101
0.807,105
0.793,101
0.796,102
0.775,97
0.752,92
0.772,87
0.745,81
0.702,76
0.727,76
0.721,72
0.725,75
0.724,74
0.693,70
0.671,72
0.697,73
0.697,73
0.697,73
0.672,73
0.725,75
0.699,74
0.677,76
0.722,73
0.719,71
0.713,66
0.750,75
0.714,67
0.722,73
0.715,80
0.685,79
0.680,78
0.625,75
0.675,75
0.680,78
0.635,79
0.653,77
0.635,79
0.630,78
0.645,81
0.640,80
0.653,77
0.652,76
0.697,73
0.675,75
0.674,74
0.610,79
0.613,85
0.641,95
0.609,99
0.607,105
0.604,104
0.615,107
0.625,103
0.609,99
0.602,92
0.634,89
0.613,85
0.620,81
0.610,79
0.615,80
0.650,82
0.600,82
0.642,86
0.575,82
0.580,83
0.580,78
0.575,75
0.618,70
0.613,62
0.588,61
0.588,64
0.571,72
0.599,74
0.590,80
0.590,80
0.600,82
0.625,82
0.595,81
0.595,81
0.590,80
0.620,81
0.577,76
0.624,74
0.578,77
0.580,78
0.577,76
0.627,76
0.590,80
0.625,75
0.596,72
0.628,77
0.572,73
0.577,76
0.575,75
0.574,74
0.622,73
0.578,77
0.622,73
0.572,73
0.566,69
0.568,70
0.569,71
0.568,70
0.593,70
0.638,66
0.618,70
0.638,61
0.612,59
0.638,61
0.637,57
0.637,59
0.587,58
0.612,57
0.637,57
0.662,54
0.637,54
0.636,50
0.661,49
0.686,46
0.686,47
0.661,47
0.661,51
0.611,52
0.636,52
0.662,53
0.662,55
0.662,58
0.637,58
0.663,66
0.663,64
0.664,67
0.672,73
0.614,67
0.619,71
0.639,67
0.663,65
0.614,67
0.663,64
0.689,67
0.663,64
0.713,61
0.662,57
0.661,50
0.786,46
0.764,34
0.694,19
12.162,102
12.173,118
12.203,126
12.202,119
12.302,119
12.313,122
12.323,118
12.657,121
13.378,114
12.690,123
12.566,123
12.583,121
12.612,122
12.669,124
12.637,122
12.602,126
12.583,121
12.562,122
12.763,129
12.622,131
12.415,129
12.328,126
12.309,121
12.332,127
12.415,129
12.619,136
12.900,132
12.790,123
12.673,125
12.576,119
12.554,120
12.554,120
12.547,118
12.529,120
12.554,120
12.509,121
12.541,123
12.562,122
12.558,121
12.537,122
12.535,115
12.570,111
12.321,111
12.175,112
12.109,121
12.128,126
12.157,127
12.117,123
12.050,125
12.125,125
12.178,126
12.186,128
12.001,125
12.024,118
11.947,124
11.954,126
11.960,121
12.067,123
12.014,122
12.034,121
12.032,127
11.979,126
12.004,126
11.985,121
12.046,124
12.052,119
12.059,121
12.109,121
12.113,122
12.113,122
12.052,119
12.042,123
12.042,123
12.014,122
11.981,120
11.972,124
11.968,123
11.976,125
12.052,132
11.962,134
10.784,138
10.745,135
10.606,132
10.536,127
10.476,124
10.478,118
10.432,119
10.453,118
10.460,120
10.435,120
10.441,115
10.445,116
10.445,116
10.495,116
10.516,128
12.313,122
12.263,122
12.263,122
12.305,120
12.305,120
12.275,125
12.171,124
11.981,120
11.989,122
12.003,119
11.963,102
11.995,117
11.956,120
11.956,120
11.962,115
12.103,126
12.071,124
12.022,124
11.960,121
11.993,123
11.989,122
11.945,117
11.953,119
11.916,116
11.931,120
12.059,121
12.171,111
12.213,109
13.574,126
13.613,123
13.609,122
13.601,120
13.605,121
13.550,113
13.580,121
13.567,111
13.530,108
13.571,112
13.715,104
18.247,75
18.349,76
18.234,94
18.300,88
18.374,76
18.349,76
18.207,79
18.200,88
13.659,109
13.637,97
18.987,86
26.482,76
13.480,101
18.755,99
19.882,90
19.895,77
11.938,102
11.906,120
11.949,118
13.621,125
13.634,122
13.609,122
13.590,117
13.632,115
10.483,94
13.558,96
13.566,98
13.655,101
13.632,115
13.598,106
13.669,118
13.671,125
13.642,124
13.638,123
13.624,126
13.054,133
12.166,135
11.960,121
11.981,120
11.968,123
11.953,119
12.018,123
12.022,124
12.018,123
12.018,123
12.010,121
12.014,122
11.999,118
12.037,102
11.994,76
12.033,86
12.119,88
12.117,110
12.075,112
11.985,121
11.985,121
11.972,124
12.018,123
12.117,123
12.207,114
12.216,97
12.248,118
12.238,122
12.198,118
12.213,122
12.250,99
12.205,120
12.209,108
12.286,115
12.242,110
12.252,119
12.180,120
12.152,119
12.091,82
25.282,82
25.499,86
25.398,69
25.481,74
25.331,74
11.249,21
11.392,74
11.411,101
11.407,120
11.473,124
11.473,111
11.547,78
11.617,97
11.553,119
11.523,124
11.517,116
11.564,122
11.568,123
11.568,123
11.576,125
11.560,121
11.560,121
11.556,120
11.581,120
11.618,123
11.724,118
11.703,119
11.606,120
11.581,120
12.014,122
12.052,119
12.001,125
11.974,118
11.947,124
12.236,134
11.895,130
11.941,129
12.030,138
12.161,128
12.106,107
12.099,93
12.212,72
11.878,47
11.905,66
11.914,87
11.905,100
11.892,103
11.870,88
11.941,74
11.953,50
13.675,62
13.706,72
13.707,73
12.074,93
13.659,122
13.623,119
11.905,100
11.867,97
11.802,79
11.930,113
12.030,138
11.876,137
11.829,126
11.921,136
12.925,119
10.058,119
10.285,138
10.248,141
10.299,130
7.836,111
7.857,110
7.849,101
7.769,100
7.710,98
7.724,101
7.749,108
7.711,111
7.769,113
7.755,116
7.759,117
7.734,117
7.765,112
7.809,117
7.790,112
7.803,109
7.756,103
7.767,106
7.774,108
7.815,112
7.792,119
7.784,117
7.792,119
7.801,115
7.826,115
7.786,111
7.699,108
7.736,111
7.746,107
7.757,110
7.786,111
7.819,113
7.799,108
7.853,109
7.890,112
7.926,115
7.824,101
7.842,106
7.840,112
7.890,112
8.016,125
8.123,133
8.136,136
8.176,139
8.144,132
8.194,132
8.165,131
8.188,124
8.255,122
0.456,21
0.565,32
0.460,40
0.560,42
0.587,54
0.511,50
0.562,53
0.537,56
0.612,59
0.563,62
0.563,63
0.568,70
0.596,72
0.521,72
0.599,74
0.568,70
0.549,74
0.597,73
0.575,75
0.571,72
0.569,71
0.593,70
0.563,66
0.590,68
0.569,71
0.591,69
0.614,67
0.638,63
0.613,62
0.612,56
0.612,54
0.586,52
0.613,60
0.512,53
0.712,56
7.696,107
7.627,109
7.629,116
7.614,112
7.572,114
7.590,112
7.592,119
7.609,117
7.569,113
7.614,112
7.645,107
7.740,112
7.757,110
7.826,115
7.755,116
7.744,113
7.703,109
7.711,111
7.809,117
7.770,120
7.730,116
7.701,115
7.643,113
7.648,121
7.709,117
7.646,114
7.680,116
7.664,112
7.643,113
7.572,114
7.588,118
7.594,113
7.561,111
7.461,111
7.380,116
7.141,106
7.135,111
7.110,111
7.137,118
7.166,119
7.175,115
7.152,109
7.210,111
7.152,109
7.187,105
7.191,106
7.202,109
7.221,114
7.214,112
7.179,116
7.170,107
7.114,112
7.143,113
7.175,115
7.160,111
7.143,113
7.160,111
7.160,111
7.159,98
7.155,97
9.603,79
9.581,62
21.099,84
21.136,102
5.071,33
4.947,32
5.041,40
5.068,59
5.050,71
5.056,75
5.015,89
5.061,104
5.054,109
5.050,108
5.005,109
5.050,108
5.032,103
5.043,106
5.016,99
5.032,103
5.029,109
5.089,118
5.025,121
5.068,119
5.027,115
5.035,117
5.039,118
5.041,112
5.016,112
5.005,109
5.041,112
4.990,105
5.004,96
5.021,90
4.995,85
4.967,79
4.959,76
4.933,74
4.954,73
4.959,76
4.950,70
4.953,72
4.947,68
4.953,72
4.902,70
4.957,75
5.026,81
5.015,89
5.069,100
5.028,102
5.037,111
5.077,115
5.075,121
5.093,119
5.077,115
5.077,115
5.085,117
5.098,114
5.127,102
5.090,84
5.007,75
5.015,93
5.043,106
5.020,113
5.021,120
5.054,122
5.062,124
5.046,120
5.079,122
5.003,115
4.999,114
5.020,113
4.996,113
5.027,115
5.001,108
5.014,105
5.001,101
5.001,108
5.016,112
5.041,112
5.064,105
5.069,100
5.087,111
5.020,113
5.070,113
5.037,111
5.077,115
5.054,109
5.142,106
5.203,109
5.203,109
5.211,111
5.157,110
5.199,108
5.199,108
-99999999
5.178,109
5.149,108
5.161,111
5.153,109
5.186,111
5.142,106
5.196,107
5.149,108
5.192,106
5.165,112
5.128,109
5.107,110
5.115,112
5.117,106
5.092,106
5.092,106
5.099,108
5.099,108
5.079,109
5.083,110
5.098,114
5.119,113
5.119,113
5.142,106
5.276,115
5.249,108
5.110,98
5.077,102
2.921,108
2.787,107
2.733,100
2.667,97
2.577,85
2.560,87
2.546,89
2.539,92
2.579,90
2.572,89
2.658,95
2.735,107
2.787,107
2.715,96
2.767,102
2.715,96
2.637,91
2.603,85
2.594,83
2.572,84
2.568,83
2.577,85
2.558,81
2.521,79
2.527,80
2.565,76
2.540,77
2.584,81
2.566,77
2.547,79
2.521,79
2.620,83
2.643,92
2.776,104
2.840,114
2.933,124
2.812,120
2.663,102
2.620,78
2.603,85
2.485,75
2.513,76
2.597,93
2.566,88
2.572,89
2.579,90
2.585,91
2.585,91
2.585,91
2.555,86
2.560,87
2.546,84
2.532,81
2.546,84
2.558,81
2.514,77
2.584,81
2.513,76
2.542,78
2.513,76
2.540,77
2.558,81
2.521,79
2.553,80
2.532,81
2.540,77
2.514,77
2.547,79
2.516,78
2.532,81
2.605,90
2.671,98
2.667,97
2.764,101
2.781,112
2.961,118
4.219,123
4.264,122
4.253,119
4.234,114
4.227,112
4.246,117
4.223,111
4.223,111
4.219,110
4.202,112
4.213,115
4.211,108
4.248,111
4.238,115
4.227,112
4.206,113
4.219,110
4.223,111
4.244,110
4.204,106
4.260,108
4.257,107
4.283,114
4.268,110
4.329,113
4.316,116
4.234,114
4.252,112
4.264,109
4.314,109
2.797,116
2.709,107
2.707,100
2.625,89
2.534,73
2.562,74
2.565,76
2.568,78
2.568,78
2.577,85
2.553,80
2.514,77
2.507,72
2.372,69
2.343,65
2.525,113
2.760,120
2.637,102
2.498,85
2.371,68
2.398,69
2.400,70
2.403,72
2.459,75
2.641,103
2.660,108
2.598,99
2.485,75
2.637,96
2.703,99
2.663,96
2.567,98
2.657,107
4.189,102
2.781,99
2.591,92
2.516,78
2.527,80
2.546,84
2.469,79
2.503,86
1.877,85
1.382,76
1.332,77
1.340,79
1.340,79
1.329,82
1.313,84
1.309,83
1.304,82
1.314,79
1.345,80
1.319,80
1.335,83
1.335,83
1.317,85
1.301,87
1.307,88
1.279,82
1.243,80
1.307,88
1.294,90
1.281,92
1.287,93
1.288,99
1.274,96
1.316,94
1.292,85
1.294,80
1.350,81
1.294,80
1.309,83
1.309,83
1.279,82
1.299,81
1.282,77
1.298,71
1.266,66
1.230,76
1.364,89
1.397,95
1.384,98
2.937,89
2.924,91
1.377,87
2.911,89
2.892,90
1.473,95
2.941,94
2.924,102
2.889,100
2.916,100
2.880,98
1.478,102
1.503,102
1.402,96
1.486,98
1.431,97
1.414,93
1.427,96
1.418,94
1.422,95
1.406,97
1.414,93
1.380,97
1.402,96
1.415,99
1.470,100
1.500,101
2.820,102
2.833,99
2.850,97
2.872,96
2.893,95
2.872,96
1.419,100
1.431,97
1.402,96
1.355,97
1.364,99
1.373,101
1.399,101
1.402,102
1.371,95
1.342,94
1.325,91
1.262,84
1.262,84
1.258,83
1.238,79
1.233,78
1.231,77
1.248,81
1.238,79
1.284,83
1.266,85
1.300,91
1.346,95
1.371,95
1.357,92
1.435,98
1.435,98
1.486,98
2.757,106
1.481,116
2.942,113
2.950,102
1.352,87
1.317,66
1.216,65
1.307,77
1.187,84
2.827,88
2.820,96
2.832,93
2.785,85
2.833,89
2.873,87
2.837,85
2.885,89
2.824,82
2.897,81
1.149,73
2.873,73
1.204,76
2.885,84
2.898,91
2.884,93
2.893,95
1.233,98
2.869,101
1.229,97
1.288,99
2.872,102
2.837,100
2.880,98
2.810,94
2.858,93
2.836,94
2.852,92
2.832,93
2.775,88
2.839,90
2.826,92
2.800,92
2.806,93
2.800,92
2.794,91
2.806,93
2.767,91
2.832,93
2.832,93
2.800,92
2.781,89
2.794,91
2.788,95
2.758,94
2.762,95
2.597,93
2.501,90
1.917,88
1.777,80
1.711,82
1.724,85
1.696,79
1.675,80
1.660,82
1.716,83
1.665,83
1.669,84
1.688,88
1.688,88
1.669,84
1.665,83
1.703,86
1.640,78
1.660,82
1.645,79
1.673,85
1.655,81
1.638,77
1.660,82
1.645,79
1.638,77
1.665,78
1.638,77
1.665,78
1.670,79
1.687,76
1.684,74
1.726,80
1.738,76
1.741,78
1.779,86
1.784,87
1.804,86
1.821,93
1.828,90
1.834,91
1.828,90
1.815,92
1.777,90
1.795,93
1.764,92
1.758,91
1.751,90
1.775,85
1.822,84
1.762,82
1.796,84
1.796,89
1.796,89
1.804,86
1.802,80
1.802,80
1.838,82
1.790,77
1.807,81
1.835,87
1.830,86
1.796,84
1.796,84
1.851,85
1.881,86
1.843,78
1.828,68
1.798,51
1.828,68
1.834,72
1.872,84
1.818,83
1.853,90
1.848,79
1.865,76
1.868,78
1.865,76
1.835,73
1.874,79
1.853,80
1.863,75
1.857,71
1.879,68
1.877,62
1.926,54
1.924,41
1.777,32
10.514,139
10.466,134
10.441,134
10.420,129
10.420,129
10.383,126
10.233,126
11.889,122
11.912,128
10.230,125
10.084,126
10.142,128
10.205,125
10.056,125
10.026,111
9.997,110
10.216,128
10.324,130
11.931,120
11.928,119
10.073,110
10.011,107
10.321,135
11.899,118
11.864,109
11.899,118
11.918,110
12.003,119
11.995,117
11.818,110
11.987,115
11.841,116
11.860,121
11.853,119
11.791,116
11.780,113
11.753,119
11.549,118
11.397,130
13.667,124
12.357,133
12.202,119
12.180,120
12.202,119
12.155,120
12.155,120
8.933,128
8.795,105
8.812,97
8.759,109
8.730,108
8.841,117
8.847,112
8.851,113
8.806,108
8.831,108
8.814,110
8.862,116
8.806,108
8.763,110
8.744,105
8.785,109
8.675,100
8.972,125
9.066,141
8.772,112
8.791,117
8.641,111
8.637,110
8.653,114
8.639,117
8.627,114
8.631,115
8.646,112
8.631,115
8.577,114
8.614,117
8.602,114
8.589,117
8.581,115
8.614,117
8.678,114
8.671,112
8.637,110
8.652,107
8.648,106
8.650,100
8.604,101
8.629,108
8.652,107
8.608,109
8.641,111
8.650,113
8.639,117
8.682,115
8.616,111
8.667,111
8.650,113
8.633,109
8.673,106
8.615,98
8.622,106
8.640,104
8.612,110
8.591,111
8.614,117
8.595,112
8.558,109
8.566,111
8.587,110
8.653,114
8.751,120
8.767,111
8.791,117
8.843,124
8.835,122
8.824,119
8.824,119
8.845,118
8.860,122
8.872,125
8.860,122
8.860,122
8.860,122
8.839,123
8.755,121
8.725,113
8.688,110
8.659,109
8.663,110
8.675,113
8.631,115
8.650,113
8.646,112
8.698,119
8.653,114
8.661,116
8.694,118
8.703,114
8.709,109
8.721,112
8.688,110
8.732,115
8.728,114
8.776,100
8.808,115
8.774,119
8.772,112
8.822,112
8.818,111
8.795,118
8.787,116
8.783,115
8.797,112
8.750,113
8.767,111
8.779,114
8.787,116
8.826,113
8.866,117
8.845,118
8.774,106
8.801,113
8.783,115
8.797,112
8.738,110
8.738,110
8.776,113
8.887,129
8.879,127
8.933,128
8.887,103
8.816,98
8.789,110
8.725,113
8.746,112
8.837,116
8.746,112
8.671,112
8.705,108
8.824,106
9.888,101
9.256,95
9.201,106
10.405,125
9.460,108
9.808,113
9.995,116
9.934,113
9.922,110
10.040,108
10.134,113
10.136,120
10.098,110
10.345,116
10.138,127
9.975,104
9.950,104
9.996,103
10.125,104
10.122,110
10.157,119
12.180,120
12.202,119
12.236,115
12.163,122
12.006,120
11.918,123
11.920,117
8.345,132
8.232,129
8.031,116
7.999,108
7.978,109
7.955,116
7.936,111
7.961,111
7.984,117
8.006,97
8.108,123
8.052,115
8.023,114
8.031,116
8.091,112
8.071,120
8.016,112
7.924,108
7.924,108
7.940,112
7.926,115
7.932,110
8.135,130
7.926,115
7.945,120
7.957,123
7.934,117
7.903,122
7.926,115
8.031,116
8.043,119
8.081,116
7.986,111
8.031,116
8.081,116
8.102,115
8.123,114
8.253,128
8.255,122
8.128,91
8.104,109
8.151,121
8.273,120
8.131,116
8.064,105
8.120,113
8.095,113
8.091,112
8.098,114
8.106,116
8.106,116
8.110,117
8.098,114
8.081,116
8.123,114
8.073,114
8.140,118
8.070,113
8.120,113
8.087,111
8.058,110
8.089,105
8.054,109
8.112,111
8.054,109
8.058,110
8.062,111
8.144,119
8.318,137
8.394,137
8.366,131
8.205,109
8.163,111
8.171,113
8.246,113
8.291,118
8.132,103
8.163,111
8.217,125
8.151,121
8.123,114
8.236,130
8.295,132
8.131,116
8.155,122
8.104,122
8.147,120
8.116,112
8.148,107
8.116,99
8.190,105
8.208,103
8.364,124
8.318,125
8.144,106
8.293,112
8.291,118
8.300,127
8.142,112
8.112,111
8.127,115
8.217,112
8.409,129
10.638,108
10.644,116
10.606,119
8.197,120
8.350,133
10.725,124
8.240,118
8.205,109
8.129,109
8.146,113
8.121,120
8.118,119
8.144,119
8.131,116
8.165,118
8.182,116
8.112,111
8.089,118
8.110,117
8.144,119
8.096,120
8.257,129
8.132,103
8.144,106
8.097,107
8.093,106
8.073,114
8.062,111
8.091,112
8.127,115
8.159,123
8.102,115
8.050,108
8.022,107
7.999,108
8.016,112
7.969,113
8.011,111
7.994,113
7.997,114
7.969,113
7.984,117
7.994,113
7.965,112
7.990,112
7.974,108
8.068,119
8.094,126
8.108,123
8.127,128
8.194,132
8.258,135
8.282,140
8.346,143
8.334,146
8.313,136
8.268,137
10.598,130
11.870,130
11.683,127
11.662,128
11.505,126
11.733,127
11.820,117
9.193,130
9.235,128
0.491,24
0.543,29
0.514,34
0.635,39
0.612,36
0.588,35
0.610,38
0.613,35
0.537,36
0.561,46
0.611,46
0.511,47
0.462,53
0.461,52
0.463,62
0.463,64
0.515,68
0.515,68
0.515,68
0.524,74
0.518,70
0.528,77
0.519,71
0.518,70
0.522,73
0.525,75
0.527,76
0.518,70
0.516,69
0.540,68
0.564,67
0.563,65
0.563,66
0.563,65
0.589,67
0.566,69
0.568,70
0.544,71
0.585,79
0.524,74
0.550,75
0.578,77
0.627,76
0.619,71
0.616,69
0.563,62
0.589,67
0.565,68
0.619,71
0.574,74
0.563,65
0.563,62
0.513,65
0.538,65
0.489,67
0.563,65
0.564,67
0.571,72
0.627,76
0.572,73
0.577,76
0.577,76
0.597,73
0.599,74
0.600,75
0.549,74
0.524,74
0.527,76
0.525,75
0.544,71
0.515,68
0.463,65
0.462,59
0.387,54
0.262,53
0.262,54
0.211,49
0.162,53
0.162,55
0.162,57
0.163,60
0.163,60
0.163,61
0.165,68
0.190,68
0.122,73
0.171,72

0.166,69


0.175,75






0.153,77
0.153,77

0.172,73
0.168,70
0.164,67
0.163,63
0.137,58
0.112,54
0.162,53
0.161,52
0.161,46
0.186,50
0.136,48
0.161,48
0.161,48
0.210,45
0.136,50
0.210,45
0.186,49
0.136,50
0.162,53
0.163,60
0.163,61
0.163,63
0.163,62
0.163,60
0.163,66
0.163,61
0.137,58
0.112,58
0.162,57
0.136,50
0.136,47
0.110,41
0.160,44
0.160,40
0.160,42
0.185,41

0.160,41

0.185,41
0.711,51
0.912,57
0.964,67
1.019,71
0.997,73
1.005,78
1.030,78
1.091,80
1.071,81
1.051,82
1.056,78
1.028,77
1.053,76
1.079,77
1.079,77
1.061,79
1.078,76
1.030,78
1.078,76
1.086,79
1.081,78
1.097,81
1.056,78
1.076,75
1.054,77
1.076,75
1.078,76
1.097,81
1.078,76
1.075,74
1.102,75
1.054,77
1.101,74
1.105,77
1.078,76
1.073,73
1.105,77
1.099,73
1.081,78
1.102,75
1.142,80
1.142,80
1.102,82
1.091,80
1.091,80
1.112,79
1.127,82
1.130,77
1.122,81
1.142,80
1.163,79
1.192,80
1.182,78
1.205,77
1.212,79
1.218,80
1.233,78
1.227,74
1.233,78
1.268,80
1.224,72
1.227,74
1.279,75
1.278,74
1.252,74
1.230,76
1.255,76
1.249,72
1.225,73
1.231,77
1.247,71
1.230,76
1.278,74
1.282,77
1.250,73
1.217,67
1.241,64
1.264,52
1.238,45
1.163,51
1.164,54
1.164,58
1.140,64
1.142,68
1.143,69
1.120,70
1.146,71
1.173,72
1.176,74
1.177,75
1.196,71
1.168,69
1.171,71
1.146,71
1.165,65
1.199,73
1.196,71
1.249,72
1.231,77
1.248,81
1.238,79
1.252,74
1.282,77
1.255,76
1.281,76
1.230,76
1.225,73
1.281,76
1.227,74
1.221,70
1.252,74
1.227,74
1.231,77
1.225,73
1.228,75
1.255,76
1.263,79
1.231,77
1.281,76
1.221,70
1.241,66
1.216,64
1.214,57
1.163,48
1.191,34
1.297,29
1.324,26
1.273,27
1.370,33
1.172,27
1.293,34
1.213,48
1.212,45
1.163,49
1.165,60
1.115,61
1.198,72
1.191,67
1.227,74
1.231,77
1.225,73
1.231,77
1.248,81
1.187,79
1.253,82
1.211,84
1.202,82
1.241,85
1.220,86
1.237,89
1.225,87
1.261,93
1.265,94
1.231,92
1.187,89
1.249,91
1.306,92
1.243,90
1.207,83
1.216,85
1.183,83
1.137,79
1.078,76
1.002,76
1.105,77
1.104,76
0.863,62
1.066,68
1.168,69
1.079,77
1.132,78
1.112,79
1.076,82
0.984,84
0.780,78
0.705,78
0.574,74
0.622,73
0.718,70
0.675,75
0.344,71
0.246,72
0.221,72
0.188,64
0.213,63
0.188,63
0.188,65
0.162,58
0.213,64
0.369,71
0.980,78
1.207,78
1.233,78
1.294,80
1.309,78
1.314,79
1.303,74
1.278,74
1.301,73
1.319,68
1.317,63
1.367,53
1.315,51
1.264,48
0.211,47
0.162,57
0.171,72
0.195,81










0.194,71
0.121,72
0.165,68


0.143,70
0.191,69
0.785,79
1.107,78
1.216,85
1.248,81
1.204,76
1.202,75
1.204,76
1.225,73
1.225,73
1.225,73
1.173,72
1.195,70
1.171,71
1.193,69
1.192,68
1.190,65
1.222,71
1.221,70
1.216,62
1.213,52
1.212,41
1.298,28
0.090,12

10.644,74
8.976,100
8.941,88
8.826,67
8.821,84
8.978,90
8.867,78
10.632,56
10.682,56
9.111,87
10.629,112
10.642,122
10.715,115
10.683,85
10.647,92
10.660,107
10.656,119
10.652,118
10.688,121
0.738,35
0.760,43
0.762,54
0.762,59
0.763,65
0.788,66
0.821,72
0.840,68
0.818,70
0.868,70
0.813,63
0.812,55
0.711,47
0.486,50
0.137,54
0.163,60

0.193,70













0.215,80
0.153,77
0.171,72
0.177,76
0.145,81
0.188,85
0.190,80
0.149,74
0.118,70
0.124,74
0.152,76
0.178,77
0.153,77
0.165,68
0.211,51
0.287,53
0.162,53
0.162,53
0.161,52
0.162,59
0.162,59
0.162,57
0.162,55
0.161,49
0.261,51
0.386,49
0.762,59
0.816,69
0.827,76
0.830,78
0.872,87
0.810,79
0.822,73
0.822,73
0.827,76
0.828,77
0.828,77
0.822,73
0.847,73
0.799,74
0.805,78
0.827,76
0.790,80
0.785,79
0.780,83
0.800,82
0.809,84
0.830,83
0.830,83
0.800,82
0.835,79
0.845,81
0.895,81
0.959,84
0.905,78
0.885,79
0.975,82
0.984,84
1.015,80
0.995,81
0.980,78
0.980,83
0.978,77
0.995,81
0.995,81
0.990,80
1.005,78
1.000,82
0.955,78
0.985,79
0.970,81
1.000,82
0.955,83
0.928,77
0.970,81
0.960,79
0.953,77
0.980,78
0.953,77
0.974,74
1.000,75
0.968,70
0.963,65
0.990,68
0.963,63
0.913,63
0.937,59
0.965,68
0.963,63
0.938,65
0.939,67
0.915,68
0.916,69
0.972,73
0.969,71
0.993,70
1.018,70
1.064,65
1.165,66
1.274,72
1.352,73
1.400,71
1.433,76
1.441,79
1.408,76
1.433,76
1.434,77
1.421,80
1.421,80
1.350,81
1.355,82
1.364,84
1.335,78
1.358,77
1.406,75
1.411,78
1.492,79
1.485,77
1.512,78
1.482,75
1.532,74
1.478,72
1.478,72
1.507,75
1.533,82
1.485,77
1.485,77
1.518,79
1.536,77
1.509,76
1.481,74
1.523,68
1.473,69
1.503,72
1.425,71
1.446,68
1.419,64
1.376,72
1.368,64
1.292,61
1.291,56
1.214,57
1.138,49
1.113,49
1.063,55
1.038,56
1.013,64
0.989,67
1.015,68
1.047,72
0.997,73
1.030,78
1.027,76
1.027,76
1.028,77
1.054,77
1.010,79
0.999,74
1.076,75
1.019,71
1.022,73
0.994,71
1.019,71
1.022,73
0.993,70
1.021,72
1.022,73
1.050,74
1.024,74
1.025,75
1.053,76
1.041,80
1.053,76
1.030,78
1.056,78
1.086,79
1.030,78
1.028,77
0.977,76
1.054,77
1.030,78
1.036,79
1.027,76
1.025,75
1.072,72
0.994,71
1.064,66
1.064,61
1.064,61
1.088,59
1.062,50
1.061,38
1.162,38
10.598,117
10.526,111
10.497,110
10.625,111
10.572,76
1.448,30
1.526,25
1.500,25
1.442,37
1.573,32
1.492,44
1.519,49
1.620,50
1.622,63
1.624,68
1.598,67
1.622,66
1.571,66
1.545,58
1.620,52
1.570,56
1.571,65
1.572,67
1.522,67
1.523,68
1.580,72
1.549,69
1.529,72
1.530,73
1.518,79
1.509,76
1.533,75
1.529,72
1.498,69
1.524,69
1.527,71
1.471,67
1.547,67
1.471,67
1.500,70
1.555,73
1.543,79
1.523,80
1.492,79
1.523,80
1.521,85
1.502,81
1.497,80
1.536,77
1.536,77
1.530,73
1.504,73
1.473,69
1.524,69
1.521,65
1.520,57
1.520,57
1.569,49
1.569,50
1.545,54
1.521,62
1.521,64
1.571,60
1.521,64
1.526,70
1.527,71
1.548,68
1.552,71
1.498,69
1.523,68
1.522,67
1.521,65
1.521,62
1.546,63
1.521,63
1.546,64
1.577,70
1.577,70
1.551,70
1.581,73
1.584,75
1.606,73
1.530,73
1.599,80
1.584,75
1.624,80
1.594,79
1.587,77
1.583,74
1.580,72
1.597,65
1.622,60
1.597,61
1.621,56
1.621,59
1.596,59
1.622,60
1.648,66
1.622,66
1.602,70
1.605,72
1.575,69
1.633,74
1.624,68
1.599,68
1.627,70
1.597,65
1.622,65
1.622,65
1.597,66
1.673,63
1.805,70
1.735,74
1.578,71
1.536,77
1.543,79
1.538,83
1.573,80
1.548,80
1.563,78
1.577,70
1.572,67
1.573,68
1.549,69
1.622,64
1.570,58
1.596,54
1.575,69
1.624,80
1.593,84
1.604,81
1.635,82
1.640,78
1.684,74
1.673,64
1.619,45
1.597,60
1.598,67
1.637,76
1.608,74
1.640,78
1.635,75
1.619,79
1.630,72
1.650,68
1.596,55
1.676,31
11.274,111
11.308,120
11.236,70
16.020,95
15.926,102
11.310,114
11.604,94
11.768,110
11.408,107
11.547,111
11.674,118
11.724,131
11.703,132
11.871,136
14.863,124
15.413,131
15.513,131
15.542,126
12.788,129
12.786,122
12.955,133
12.957,139
12.850,132
12.786,122
12.786,122
12.769,111
12.761,109
12.815,110
12.777,113
12.727,113
12.773,112
12.727,113
12.742,117
12.721,118
12.680,114
12.703,120
12.736,122
12.834,128
12.987,140
15.539,125
12.730,127
14.321,126
14.285,123
14.195,119
14.179,115
14.218,112
14.402,121
11.779,126
11.680,100
11.662,115
11.651,112
11.707,107
11.817,103
11.805,85
16.639,58
27.839,52
27.816,66
10.811,69
10.983,66
8.822,79
8.889,92
8.934,91
8.963,103
9.134,115
9.138,116
11.162,108
11.178,99
11.184,107
11.255,119
11.305,119
11.318,116
11.322,117
11.316,122
11.301,118
11.291,122
8.891,130
9.051,126
8.995,105
8.967,104
9.055,114
11.289,115
11.339,115
11.381,113
2.683,33
2.707,60
2.663,72
2.690,73
2.678,79
2.673,78
2.713,71
2.706,54
2.783,52
2.811,63
2.771,74
2.733,85
2.781,89
2.742,87
2.746,82
2.723,77
2.739,71
2.706,59
2.731,52
2.705,46
2.678,42
2.704,43
2.730,38
11.165,102
11.132,113
11.312,121
11.095,110
11.235,114
11.404,119
11.446,117
11.500,105
12.790,123
12.746,131
12.853,120
11.475,105
11.241,109
10.988,101
11.155,106
12.705,127
11.620,117
11.028,125
12.511,128
11.538,102
11.629,126
12.773,112
13.007,101
12.779,107
12.700,119
2.626,43
2.654,56
2.683,68
2.692,74
2.669,76
2.737,86
2.716,87
2.697,88
2.714,81
2.704,79
2.737,86
2.699,78
2.670,77
2.699,78
2.666,74
2.670,77
2.687,71
2.680,57
2.652,43
2.712,29
13.047,84
13.023,89
13.018,104
2.790,25
2.782,38
2.782,41
2.732,57
2.707,64
2.734,67
2.713,71
2.695,76
2.722,76
2.669,76
2.740,81
2.670,77
2.725,78
2.730,79
2.669,76
2.667,75
2.697,77
2.704,79
2.709,80
2.714,81
2.723,77
2.730,79
2.697,77
2.725,78
2.673,78
2.695,76
2.725,78
2.673,78
2.714,81
2.678,79
2.755,84
2.704,79
2.697,77
2.703,84
2.697,77
2.683,80
2.688,81
2.697,77
2.709,80
2.667,75
2.673,78
2.719,82
2.725,78
2.725,78
2.699,78
2.670,77
2.719,75
2.715,72
2.661,71
2.759,66
2.706,58
2.706,53
2.704,45
2.812,34
2.491,21
2.605,32
2.653,52
2.628,59
2.656,67
2.707,61
2.757,51
2.756,38
2.554,24
11.009,120
10.796,110
10.810,107
10.752,105
10.737,86
10.725,78
2.214,34
2.106,46
2.106,52
2.081,56
2.107,57
2.081,54
2.158,52
2.186,61
2.134,66
2.196,73
2.175,76
2.173,82
2.163,80
2.204,83
2.163,80
2.152,78
2.168,81
2.152,78
2.188,67
2.244,70
2.189,68
2.193,71
2.198,74
2.199,75
2.147,75
2.172,74
2.189,68
2.160,65
2.185,58
2.183,45
2.055,36
2.136,33
2.087,29
2.034,30
2.167,19
11.105,106
11.027,105
10.845,97
10.697,92
10.767,73
11.303,79
11.448,83
11.434,95
11.622,111
11.914,122
12.503,126
2.110,15
2.075,21
12.708,71
12.301,40
2.246,27
2.244,29
2.157,40
2.027,42
2.001,44
2.002,51
2.029,53
2.055,58
2.081,58
2.029,58
2.108,63
2.082,66
2.056,63
2.108,61
2.133,54
2.133,54
2.210,52
2.157,42
2.188,34
2.036,28
9.797,92
9.841,91
9.885,80
9.856,50
22.855,101
26.313,93
26.153,87
26.078,87
26.115,84
23.332,96
11.317,74
11.443,82
11.405,59
11.632,12
26.692,94
26.860,78
11.482,34
11.602,79
11.689,109
9.559,95
9.609,95
9.655,106
9.601,93
9.645,92
9.666,87
9.645,76
9.657,64
9.746,76
9.721,76
9.763,71
9.656,56
9.635,30
9.660,24
9.704,39
9.628,43
9.680,49
9.631,62
9.662,70
9.653,84
9.673,104
4.497,93
4.208,68
26.967,58
11.430,57
11.402,84
12.504,67
12.479,85
12.458,86
12.483,70
12.419,88
10.028,118
9.800,83
9.760,95
9.636,70
4.329,64
4.482,101
4.314,87
4.324,105
4.318,110
4.289,87
4.343,76
4.359,101
4.346,111
4.356,107
4.345,104
4.381,80
4.425,44
17.459,99
4.404,35
4.353,57
4.552,65
4.519,111
4.550,106
4.572,112
4.558,115
4.610,109
1.128,123
1.065,120
0.940,90
0.921,72
0.897,73
0.945,81
0.940,80
0.890,80
0.902,76
0.903,77
0.880,78
0.925,82
0.900,82
0.915,80
0.915,80
0.880,78
0.905,83
0.920,81
0.905,83
0.934,84
0.930,83
0.925,75
0.985,79
0.985,79
1.055,104
1.077,110
1.136,112
1.072,102
1.021,96
0.922,87
1.016,95
0.991,95
0.971,96
0.928,88
0.909,84
0.900,75
0.890,80
0.880,83
0.880,78
0.880,78
0.890,80
0.900,82
0.900,82
0.853,77
0.840,80
0.853,77
0.878,77
0.860,79
0.830,78
0.827,76
0.834,84
0.830,78
0.830,78
0.863,85
0.863,85
0.840,80
0.859,84
0.860,79
0.845,81
0.840,80
0.845,81
0.840,80
0.840,80
0.850,82
0.835,79
0.777,76
0.845,81
0.810,79
0.827,76
0.850,82
0.778,77
0.802,76
0.802,76
0.845,81
0.805,78
0.828,77
0.803,77
0.827,76
0.835,79
0.778,77
0.828,77
0.810,79
0.835,79
0.852,76
0.855,78
0.853,77
0.865,80
0.908,93
0.963,100
0.950,103
0.972,109
1.009,112
1.037,119
1.032,118
1.042,127
1.088,126
1.052,123
1.024,116
0.986,119
1.007,118
0.904,104
0.847,87
0.763,64
0.765,68
0.774,74
0.805,78
0.775,75
0.825,82
0.855,83
0.830,78
0.803,77
0.835,79
0.828,77
0.840,80
0.820,81
0.845,81
0.853,77
0.802,76
0.827,76
0.853,77
0.850,82
0.850,82
0.855,83
0.863,85
0.890,90
0.917,86
0.895,81
0.925,82
0.885,79
0.940,80
0.955,83
0.978,77
0.978,77
0.990,80
0.950,75
0.974,74
1.168,107
1.187,112
1.171,108
1.164,106
1.098,91
1.025,82
1.000,82
0.980,83
1.000,82
0.984,84
0.975,82
0.984,84
0.950,82
1.000,82
0.990,80
0.990,80
0.990,80
1.000,82
0.970,81
0.980,78
0.970,81
0.995,81
0.988,85
1.021,91
0.984,89
1.009,89
0.978,88
0.972,87
1.034,89
1.013,85
1.013,85
0.978,88
1.028,88
1.028,88
0.997,87
0.972,87
0.984,89
0.997,87
1.013,85
0.980,83
0.985,79
1.000,82
0.975,82
0.975,82
0.990,80
0.980,78
0.928,77
0.965,80
0.978,77
0.985,79
0.965,80
1.000,82
0.985,79
0.955,78
1.000,82
0.975,82
0.949,74
0.955,78
0.995,81
1.039,85
1.025,82
0.985,79
1.005,83
0.985,79
1.030,78
0.995,81
0.985,79
0.995,81
0.995,81
0.980,78
1.000,82
1.010,79
0.977,76
1.005,78
1.002,76
1.028,77
1.105,88
1.123,91
1.098,91
1.164,106
1.162,125
1.124,109
1.078,92
0.978,77
1.013,62
1.093,86
1.249,115
1.189,119
1.226,122
1.175,122
1.113,119
1.238,125
1.222,121
1.254,103
1.197,26
1.167,32
1.163,49
1.165,65
1.126,74
1.112,79
1.140,85
1.147,81
1.147,81
1.152,82
1.142,80
1.086,79
1.132,78
1.304,103
1.321,114
1.342,119
1.306,110
1.187,79
1.213,52
1.214,56
1.165,64
1.225,87
1.294,90
1.325,102
1.237,93
1.163,79
1.107,78
1.097,81
1.091,80
1.127,82
1.036,79
1.091,80
1.079,77
1.129,76
1.116,67
1.089,62
1.210,105
1.294,120
1.330,110
1.327,122
1.293,113
4.628,90
4.600,58
4.723,54
4.710,74
4.847,94
4.835,97
4.696,84
4.727,114
4.653,114
4.710,116
4.696,112
4.735,116
4.731,115
4.711,82
4.749,61
4.757,72
4.880,102
4.708,102
4.712,110
4.683,102
4.337,96
4.529,90
8.451,127
4.754,108
4.644,118
4.636,116
4.658,96
4.501,59
4.154,41
4.362,96
4.408,108
4.474,125
4.500,119
4.478,113
4.519,111
4.534,115
4.564,110
4.543,98
4.578,90
4.590,92
4.565,92
4.578,90
4.523,89
4.453,85
4.404,85
4.442,92
4.424,99
4.447,105
4.560,109
4.601,113
4.579,114
4.588,103
4.634,87
4.616,88
4.609,102
4.579,114
4.568,111
4.597,112
4.592,104
4.622,89
4.477,53
10.084,126
11.617,75
11.731,120
4.309,86
4.369,88
4.511,87
4.559,91
4.751,90
4.718,105
4.788,130
4.724,100
4.757,72
13.598,119
9.987,133
4.527,65
4.647,79
4.704,86
4.684,73
4.632,81
4.663,110
4.671,112
4.667,111
4.671,112
4.703,114
4.703,114
4.710,116
4.777,114
4.828,101
4.714,77
4.772,51
13.978,121
13.613,123
11.450,131
4.557,71
4.529,80
4.568,83
4.617,98
4.599,106
4.606,108
4.618,111
4.610,109
4.618,111
4.540,110
4.583,115
4.604,114
4.624,119
4.597,112
4.613,97
4.536,73
4.523,89
4.546,105
4.583,115
4.583,115
4.583,115
4.534,115
4.564,110
4.564,110
4.595,105
4.691,104
4.666,98
4.691,98
4.675,100
4.675,100
4.571,93
4.556,86
4.560,87
4.690,88
4.682,81
4.650,85
4.758,87
4.807,87
4.857,87
4.884,82
4.825,80
4.850,68
4.773,57
4.797,56
4.699,59
4.686,74
4.708,96
4.779,108
4.777,114
4.745,112
4.756,115
4.741,111
4.754,121
4.788,117
4.770,112
4.777,114
4.784,116
4.774,113
4.756,115
4.777,114
4.781,115
4.788,117
4.796,119
4.824,120
4.846,119
4.895,119
5.012,124
5.037,124
5.048,127
5.033,123
4.994,119
4.980,109
4.971,100
4.855,81
7.664,89
13.185,73
13.156,101
13.122,125
13.131,121
13.202,120
13.279,114
13.640,117
13.892,118
13.860,129
13.820,125
11.674,131
11.580,100
11.271,88
13.542,111
13.507,128
17.343,121
17.343,121
13.295,131
13.256,121
10.295,116
10.124,77
10.034,65
9.941,81
13.489,92
11.411,121
11.222,117
11.251,131
11.565,140
11.509,127
11.419,123
11.553,132
11.423,136
10.757,126
4.700,61
4.671,89
4.628,107
4.572,112
4.579,114
4.591,117
4.589,110
4.576,113
4.589,110
4.583,115
4.597,112
4.604,114
4.576,113
4.548,99
4.556,86
4.557,71
4.550,46
11.407,120
11.396,117
11.355,119
11.376,118
11.358,120
11.425,118
11.578,132
11.558,133
11.672,124
11.703,132
11.438,115
11.438,115
11.439,102
11.579,94
11.456,113
11.429,119
11.500,118
11.507,120
11.507,120
11.496,117
11.533,114
11.556,120
11.560,121
11.533,127
11.492,116
11.496,117
11.479,119
11.564,122
11.537,115
11.500,118
11.438,115
11.490,122
11.507,120
11.591,116
11.603,119
11.606,120
11.608,114
11.543,110
11.490,109
11.440,109
11.431,113
11.438,115
11.384,114
11.442,116
11.409,114
11.427,112
11.419,110
11.408,107
11.481,113
11.525,118
11.549,118
11.653,119
11.664,122
11.605,113
11.530,113
11.553,119
11.504,119
11.330,106
16.526,116
13.202,120
13.287,116
16.566,120
16.618,127
16.578,123
16.553,123
16.570,121
16.495,121
16.545,121
16.513,119
16.566,120
11.607,107
11.672,124
11.556,120
11.506,113
11.481,113
11.484,114
11.409,95
11.490,87
11.756,120
11.688,102
11.797,124
15.906,123
15.997,86
26.445,80
23.115,104
13.307,71
13.263,82
13.241,117
11.335,127
11.256,126
11.297,130
11.264,134
11.251,131
11.347,130
11.477,137
11.305,132
11.410,133
11.361,108
13.502,107
11.029,43
11.059,68
11.144,82
11.084,90
11.141,109
11.174,111
11.132,113
11.130,106
11.146,92
11.170,110
11.153,112
11.190,102
11.143,74
11.157,63
11.081,56
11.118,74
11.198,98
11.224,111
11.185,114
11.189,115
11.197,117
11.189,115
11.216,109
11.182,113
11.151,105
11.165,96
11.084,80
11.166,87
11.058,67
11.148,98
11.195,110
11.305,132
11.280,132
13.237,116
13.275,126
13.247,125
11.367,140
11.093,116
11.066,122
11.021,123
11.027,118
11.053,112
11.205,132
11.337,139
11.355,132
13.270,118
13.343,124
-99999999
13.297,125
13.291,130
13.300,126
13.378,127
13.405,121
13.374,126
13.302,120
13.275,126
13.264,123
13.249,119
13.256,121
13.260,122
13.268,124
13.245,118
13.264,123
13.256,121
13.179,114
13.204,114
13.316,117
13.388,123
13.293,124
13.314,123
11.403,137
11.367,140
11.317,140
11.314,128
11.398,136
13.378,114
13.384,109
13.399,126
13.424,126
13.535,140
13.544,131
13.478,127
11.356,126
11.210,133
11.185,127
11.141,122
11.099,124
11.101,131
11.293,129
13.474,126
13.515,130
13.548,132
13.453,127
13.392,124
13.413,123
13.394,118
11.341,122
2.733,35
2.678,44
2.652,40
2.840,24
13.314,123
13.314,123
2.782,44
2.733,61
2.718,74
2.719,75
2.739,71
2.707,62
2.731,51
2.681,60
2.707,62
2.756,43
2.824,20
11.199,111
11.210,114
13.337,116
11.294,97
11.197,117
2.835,46
2.733,60
2.707,66
2.732,57
2.759,64
2.746,75
2.761,80
2.749,77
2.716,73
2.765,71
2.757,51
11.450,131
11.193,116
11.212,108
11.178,112
11.198,104
11.143,116
11.170,110
11.240,102
12.313,122
12.436,115
0.691,24
0.645,26
0.643,25
11.189,115
12.008,127
12.486,115
12.371,124
12.359,121
11.205,106
11.212,108
11.241,109
11.107,66
11.194,103
11.297,117
11.314,115
11.355,119
11.355,119
11.399,124
11.318,116
11.295,110
11.237,108
11.198,104
11.203,99
11.234,107
11.239,115
11.226,118
11.210,114
11.309,95
11.262,71
11.279,52
18.759,113
18.766,115
18.747,110
18.865,115
18.967,122
19.033,120
19.087,121
18.973,117
18.866,102
18.746,103
18.636,107
18.755,112
18.874,104
18.924,98
12.396,78
12.321,83
12.404,85
12.457,95
12.379,113
12.298,118
12.265,116
0.490,12
12.305,120
12.298,118
12.294,117
12.319,117
12.313,109
12.344,117
12.323,118
12.377,119
12.323,118
12.436,128
12.413,122
12.377,119
12.409,121
12.380,120
12.417,123
12.478,126
12.400,125
12.421,124
12.338,122
12.361,128
11.345,123
11.237,121
11.205,119
11.197,117
11.247,117
11.599,118
0.206,21
0.256,21
0.216,24
0.239,23
0.265,33
0.366,31
0.343,29
0.266,31
0.215,33
0.267,30
0.291,24
0.316,31
0.143,25
0.416,24
0.290,17
18.956,106
18.963,101
0.490,15
11.081,59
0.265,16
0.345,27
0.244,19
0.312,22
0.342,30
0.219,28
0.266,24
0.440,10
18.012,107
11.149,83
17.603,111
17.588,107
17.641,121
17.893,115
17.738,107
17.722,116
17.776,117
11.233,80
11.171,76
11.256,94
11.232,100
11.240,96
11.157,85
17.740,86
17.807,84
17.768,81
17.772,74
17.748,75
17.786,66
17.761,66
17.785,57
17.733,45
17.400,20
17.115,13
17.286,47
17.391,69
17.384,84
17.429,98
17.417,86
17.531,93
17.575,92
11.149,83
11.190,91
11.153,89
11.190,91
11.282,100
11.227,93
11.147,88
11.119,82
11.231,65
11.343,97
11.301,105
11.247,117
11.251,118
11.233,120
11.228,112
11.195,110
11.205,119
11.400,105
11.256,66
10.982,53
17.794,102
11.122,88
11.210,114
11.216,109
11.032,65
11.064,115
11.159,107
11.059,107
11.209,107
17.573,116
17.581,118
11.044,82
11.132,113
11.128,112
11.151,118
11.143,116
11.178,89
11.132,113
11.143,116
11.160,114
11.177,93
11.122,88
11.146,92
11.134,90
11.152,93
11.134,90
11.198,104
11.137,101
11.094,82
10.925,78
11.053,84
11.155,106
11.102,93
11.109,68
22.982,81
0.390,16
0.240,16
0.440,12
0.240,17
0.390,16
11.240,91
11.283,120
11.509,133
11.255,132
11.105,119
11.089,115
11.101,105
10.930,41
17.695,109
17.676,117
17.661,100
12.623,99
12.669,111
12.721,118
12.548,84
23.868,93
23.710,75
18.025,77
18.055,93
17.938,107
17.924,110
17.898,97
17.890,86
17.427,92
17.459,112
17.451,110
17.420,115
17.451,110
20.115,97
19.971,98
20.133,121
23.549,65
24.368,84
24.366,105
13.302,18
13.549,126
13.549,126
13.528,127
13.559,122
13.524,59
13.658,72
13.641,98
13.653,114
13.714,117
13.682,115
13.663,110
13.831,102
13.770,125
13.765,98
13.798,85
13.812,110
13.733,87
13.702,30
12.504,67
13.633,96
13.592,111
13.638,123
13.686,116
13.693,105
13.644,105
13.473,47
22
20.291,123
20.141,110
20.172,118
20.131,114
20.303,113
20.364,116
20.258,108
20.141,110
20.226,119
20.383,121
20.358,108
20.589,116
12.504,67
12.493,92
12.467,110
12.496,124
12.502,119
12.498,118
12.480,120
12.526,119
12.505,120
12.533,108
12.526,119
12.525,125
12.549,125
12.505,120
12.521,111
12.498,105
12.505,120
12.509,121
12.490,116
12.544,98
12.470,78
12.604,80
12.651,94
12.625,106
12.566,123
12.589,129
12.570,124
12.562,109
12.558,101
12.524,93
12.507,86
12.629,90
12.623,89
12.652,85
12.584,81
12.584,81
12.566,92
12.639,103
12.611,109
12.604,120
12.570,124
12.521,124
12.533,121
12.533,121
12.589,116
12.525,112
12.537,122
12.484,121
12.539,129
12.529,120
12.569,78
12.552,60
12.575,51
12.426,43
12.482,114
12.471,124
12.494,117
12.477,119
12.453,126
12.467,123
12.409,121
12.450,125
12.440,116
12.511,134
12.597,131
12.413,122
12.438,122
12.440,116
12.394,88
12.393,92
12.363,122
12.355,120
12.463,122
13.659,122
13.720,125
13.682,128
13.657,128
13.708,122
13.802,86
13.663,123
13.515,130
13.615,130
13.686,116
13.758,109
13.747,119
13.626,120
13.577,107
13.648,106
13.675,113
13.678,114
13.704,108
13.693,105
13.751,107
13.751,107
13.701,107
13.718,105
13.715,98
13.773,94
13.732,96
13.632,115
13.731,128
13.727,127
13.678,127
13.727,127
13.697,119
13.733,109
13.699,85
13.765,98
13.711,97
13.693,118
13.663,123
13.739,117
13.781,91
13.708,109
13.613,123
13.542,124
13.467,124
13.542,124
13.702,127
13.732,102
13.589,92
13.496,89
13.458,102
13.450,100
13.442,83
13.516,104
13.471,125
13.486,129
13.463,123
13.491,98
13.457,115
13.459,122
13.442,124
13.421,99
13.396,99
13.482,115
13.444,118
13.551,120
14.179,128
14.408,129
14.445,119
14.452,121
14.423,120
14.487,117
14.437,117
14.474,107
14.470,106
14.452,108
14.455,102
14.492,93
14.484,82
14.474,68
14.497,61
14.545,59
14.568,41
14.499,33
24.723,67
24.722,66
24.697,64
24.722,65
24.723,67
14.502,25
14.395,37
14.426,30
14.456,73
14.402,70
14.397,65
14.423,67
14.395,48
14.446,58
14.463,98
14.460,123
14.471,126
14.460,123
14.431,122
14.445,119
13.856,134
13.482,128
13.474,126
13.449,126
13.438,123
13.467,124
13.446,125
13.463,123
13.494,118
13.545,93
13.486,129
13.467,124
13.463,110
13.400,66
13.248,39
24.268,89
24.197,100
13.506,71
13.521,112
13.484,122
13.524,126
13.507,128
13.578,127
13.571,125
13.511,129
13.528,127
13.546,125
13.538,123
13.561,129
13.557,128
13.571,112
13.648,47
13.683,91
13.653,127
13.659,122
13.621,125
13.695,125
13.688,123
13.720,79
12.270,104
12.316,135
12.269,117
12.266,97
12.232,95
12.321,124
12.320,136
12.280,138
12.244,130
12.207,133
12.205,138
12.111,134
12.134,139
12.105,138
12.148,131
12.155,120
12.261,128
12.239,140
13.969,137
13.918,131
13.827,127
13.762,123
13.827,127
13.224,119
13.208,134
13.133,134
12.836,122
13.448,132
13.756,134
12.585,134
12.186,128
12.169,130
12.205,138
12.326,148
12.373,142
13.856,134
11.912,134
11.703,119
12.116,135
12.248,142
13.835,129
13.507,134
13.451,138
12.318,141
12.320,136
12.161,134
12.075,137
13.984,129
13.984,129
14.013,130
14.079,128
14.129,128
14.129,128
14.050,127
14.070,132
14.021,126
13.976,127
13.996,132
12.170,136
12.311,134
12.386,134
12.302,132
12.223,131
12.198,131
12.142,123
12.163,122
12.207,133
14.045,132
13.934,129
13.852,127
11.718,123
11.733,127
13.823,126
13.903,121
11.946,136
12.269,130
13.582,128
13.731,134
13.565,117
13.617,111
13.423,132
13.671,125
13.496,112
13.532,128
13.517,124
13.509,109
13.561,116
13.521,112
13.509,87
21.718,104
21.585,96
12.252,52
12.196,83
21.779,107
21.597,93
21.598,84
21.769,83
21.785,96
21.818,104
21.792,88
21.761,109
21.768,104
21.785,91
22.591,117
12.452,55
12.437,102
12.423,118
12.413,122
12.421,124
12.475,125
12.455,120
12.558,108
12.432,114
12.459,121
12.429,113
12.500,125
12.626,119
12.551,119
12.523,131
12.477,119
12.500,125
12.486,128
12.446,124
12.405,120
12.405,120
12.471,124
12.425,125
12.425,125
12.373,118
12.350,112
12.402,119
12.504,113
17.588,107
17.693,115
17.707,112
17.745,109
17.811,113
17.738,107
17.670,109
17.523,116
17.573,97
17.528,104
17.514,107
17.579,111
17.542,101
17.513,113
17.449,116
17.376,110
17.320,115
17.359,112
17.490,107
17.432,118
12.513,109
12.490,116
12.407,95
17.421,102
12.525,112
12.482,114
13.428,95
13.490,130
13.463,123
13.474,126
13.463,123
26.103,73
13.672,79
13.571,125
13.636,129
13.609,122
13.702,127
13.708,122
13.758,122
13.814,130
13.763,92
13.777,127
13.726,69
13.655,121
13.686,116
13.636,129
14.023,138
11.820,117
14.236,141
16.403,123
14.441,118
14.005,128
14.045,132
13.902,127
13.903,121
13.885,129
13.814,130
13.870,125
12.332,133
12.375,137
12.282,133
14.050,127
12.500,125
12.574,137
14.193,125
13.988,130
12.340,129
12.292,123
12.316,135
1.018,29
0.860,41
0.862,55
0.863,63
0.869,71
0.874,74
0.877,76
0.885,79
0.878,77
0.880,78
0.880,78
0.925,75
0.902,76
0.872,73
0.875,75
0.852,76
0.875,75
0.877,76
0.875,82
0.880,78
0.850,82
0.895,81
0.865,80
0.878,77
0.890,80
0.900,82
0.885,79
0.895,81
0.860,79
0.875,75
0.900,82
0.880,78
0.875,75
0.860,79
0.821,72
0.825,75
0.821,72
0.821,72
0.827,76
0.822,73
0.802,76
0.821,72
0.797,73
0.824,74
0.822,73
0.872,73
0.816,69
0.814,67
0.863,65
0.813,62
0.813,64
0.787,55
0.812,57
0.787,57
0.811,51
0.811,46
0.761,47
0.810,42
0.761,37
0.864,34
0.744,19
13.770,125
13.816,124
13.306,121
13.425,113
13.790,104
0.762,36
0.835,40
0.761,46
0.761,49
0.761,52
0.762,55
0.787,54
0.737,53
0.761,52
0.761,49
0.761,48
0.711,48
0.737,36
0.736,37
0.710,45
0.685,43
0.661,50
0.612,58
0.563,63
0.539,67
0.539,67
0.594,71
0.555,78
0.600,75
0.552,76
0.585,79
0.605,83
0.560,79
0.545,81
0.555,78
0.535,79
0.560,79
0.553,77
0.594,71
0.675,75
0.672,73
0.635,79
0.590,80
0.565,80
0.560,79
0.553,77
0.550,75
0.596,72
0.650,75
0.680,78
0.609,84
0.542,86
0.540,80
0.490,80
0.490,80
0.449,74
0.425,75
0.472,73
0.474,74
0.469,71
0.446,72
0.447,73
0.469,71
0.416,69
0.421,72
0.413,65
0.471,72
0.471,72
0.472,73
0.465,68
0.463,66
0.463,66
0.419,71
0.396,72
0.390,68
0.364,67
0.391,69
0.365,68
0.365,68
0.388,65
0.390,68
0.363,60
0.412,53
0.387,54
0.411,51
0.411,46
0.460,43
0.465,32
0.666,31
0.691,24
0.856,21
13.432,115
13.444,118
12.202,132
11.991,116
13.499,126
13.773,126
13.827,127
13.839,130
13.881,128
13.827,127
13.922,126
13.902,127
13.910,129
13.922,126
13.965,124
13.944,125
13.911,123
13.965,124
13.996,119
13.936,123
13.915,124
13.889,130
13.951,127
13.976,127
14.015,124
14.243,125
14.387,117
14.266,118
14.310,123
14.237,130
13.854,121
13.806,128
13.816,124
13.873,126
13.873,126
13.907,122
13.848,126
13.551,120
13.559,122
13.676,120
13.722,119
13.632,115
13.775,120
13.852,127
13.860,103
13.562,103
13.600,100
13.616,98
19.632,120
19.644,110
19.644,110
14.022,100
13.785,82
13.756,72
13.611,74
13.707,73
19.504,106
19.550,105
13.640,88
13.612,103
13.612,103
13.942,105
13.808,122
13.773,126
13.756,128
13.804,121
13.689,130
13.748,126
13.802,127
13.812,123
13.848,126
13.919,125
13.870,125
13.710,129
13.827,127
13.902,127
13.866,124
13.898,126
13.965,124
13.903,121
13.873,126
13.852,133
13.833,122
13.856,128
13.822,119
13.609,73
13.170,118
13.208,128
13.160,122
13.118,124
13.129,127
13.135,122
13.544,131
12.988,129
12.926,126
12.936,122
13.054,127
13.054,127
13.083,128
13.029,127
13.011,122
12.957,121
0.443,29
0.465,33
0.435,42
0.411,49
0.362,56
0.337,57
0.337,57
0.362,56
0.387,55
0.411,52
0.411,52
0.461,47
0.461,46
0.511,47
0.510,45
0.411,50
0.411,48
0.412,53
0.387,55
0.363,61
0.363,64
0.363,64
0.366,69
0.316,69
0.347,73
0.347,73
0.377,76
0.375,75
0.360,79
0.353,77
0.328,77
0.335,79
0.365,80
0.359,84
0.359,84
0.350,82
0.315,80
0.330,78
0.345,81
0.352,76
0.347,73
0.324,74
0.346,72
0.318,70
0.363,64
0.316,69
0.365,68
0.288,60
0.362,59
0.362,56
0.362,54
0.361,48
0.361,47
0.386,46
0.410,40
0.410,39
0.460,41
0.435,45
0.385,40
0.461,37
0.410,41
0.435,38
0.464,34
0.410,39
0.411,37
0.489,34
0.488,35
0.488,35
0.413,35
0.441,31
0.370,26
0.370,26
0.500,20
0.417,30
0.415,32
0.360,38
0.310,43
0.362,53
0.362,54
0.362,59
0.313,60
0.338,61
0.363,66
0.340,68
0.372,73
0.366,69
0.341,69
0.413,65
0.363,64
0.413,63
0.363,63
0.314,67
0.364,67
0.363,66
0.288,64
0.363,64
0.337,59
0.337,54
0.338,61
0.312,58
0.336,46
0.360,45
0.441,31
12.750,119
12.665,123
12.656,127
12.517,123
12.554,120
12.549,125
12.560,128
12.541,123
12.556,127
12.610,128
12.606,127
12.614,129
12.614,129
12.589,129
12.581,127
12.599,125
12.589,129
12.627,126
12.591,123
12.624,125
12.773,125
13.158,128
13.357,128
13.060,122
12.646,105
12.520,98
12.490,116
12.527,126
12.527,126
12.531,127
12.709,128
12.730,127
12.533,121
12.509,121
12.511,128
12.463,122
12.467,123
12.484,121
12.475,125
12.478,126
12.482,127
12.455,120
12.480,120
12.564,116
13.070,131
13.241,130
12.688,129
12.307,127
12.298,131
12.298,131
12.202,132
12.190,129
12.090,129
12.050,125
12.078,126
12.075,125
12.100,125
12.125,125
12.067,123
12.067,123
12.022,124
12.055,120
12.071,124
12.075,125
12.050,125
12.071,124
12.067,123
12.167,123
12.436,128
12.761,122
12.807,108
12.791,92
12.767,77
12.739,75
12.774,79
12.819,78
12.877,65
12.650,51
12.757,70
12.779,80
12.822,93
12.877,62
12.774,38
21.571,118
21.540,110
21.493,104
21.262,109
21.332,108
21.400,106
24.037,88
24.022,100
24.011,92
20.858,101
20.931,95
20.941,110
21.066,110
21.336,109
21.335,102
20.922,105
20.769,104
20.761,96
21.103,100
21.022,105
20.972,105
21.003,100
20.941,110
20.890,103
20.872,105
20.855,107
20.844,104
20.819,104
20.794,98
20.844,98
20.831,95
20.865,103
20.886,102
20.886,102
20.880,107
20.855,107
20.931,114
20.897,105
20.867,92
20.849,99
20.869,104
20.822,105
20.836,96
20.944,98
21.019,98
21.086,102
20.916,110
20.855,107
20.833,101
20.828,100
20.786,96
20.790,103
20.899,99
13.450,60
13.558,91
13.609,122
13.586,129
13.562,135
12.471,124
12.288,109
12.300,112
12.345,104
12.203,94
12.207,95
12.281,90
12.219,88
12.188,87
12.213,87
12.281,90
12.279,100
12.279,100
12.291,103
12.273,105
12.212,102
12.238,109
12.215,116
12.213,122
12.234,121
12.225,125
12.207,127
12.192,123
12.236,115
12.352,119
12.275,125
12.167,123
12.200,125
12.188,122
12.178,126
12.125,125
12.109,121
2.294,31
2.210,48
2.289,47
2.341,50
2.340,45
2.393,46
2.344,34
2.240,34
2.345,32
2.556,29
2.447,34
2.290,36
2.341,37
2.340,42
2.367,46
2.368,55
2.342,59
2.265,64
2.245,71
2.199,75
2.215,80
2.157,79
2.215,80
2.178,78
2.217,86
2.173,82
2.225,82
2.241,80
2.250,74
2.189,68
2.215,68
2.186,64
2.185,58
2.184,51
2.131,42
2.292,34
2.294,24


21.207,29
21.126,50
21.053,62
21.000,79
21.061,91
21.211,96
21.425,106
21.321,105
21.373,99
21.325,106
21.393,98
22.528,95
22.456,101
22.526,100
22.520,93
22.471,93
22.113,82
21.339,75
21.398,84
21.354,90
21.366,92
21.304,90
21.323,89
21.354,90
22.721,99
22.570,93
22.553,107
22.534,102
22.591,98
22.556,108
2.297,28
2.236,43
2.184,52
2.186,62
2.213,64
2.186,65
2.239,64
2.186,61
2.190,69
2.216,69
2.188,67
2.192,70
2.137,69
2.140,70
2.166,70
2.193,71
2.193,71
2.196,73
2.172,74
2.150,77
2.201,76
2.141,71
2.198,74
2.146,74
2.143,72
2.178,78
2.176,77
2.126,78
2.150,77
2.149,76
2.176,77
2.147,75
2.152,78
2.146,74
2.126,78
2.118,73
2.120,74
2.146,74
2.123,76
2.087,70
2.084,68
2.111,69
2.109,67
2.082,62
2.082,64
2.108,63
2.108,63
2.108,63
2.160,63
2.135,67
2.134,63
2.134,65
2.134,65
2.134,64
2.108,65
2.108,63
2.135,67
2.082,65
2.085,69
2.108,66
2.056,65
2.083,67
2.113,70
2.092,73
2.092,73
2.120,74
2.097,76
2.126,78
2.124,77
2.100,78
2.100,78
2.124,77
2.100,78
2.150,77
2.118,73
2.113,70
2.057,67
2.082,62
2.082,63
2.081,59
2.107,57
2.107,59
2.133,58
2.107,54
2.159,59
2.132,52
2.158,52
0.611,48
0.661,47
0.636,52
0.662,58
0.638,64
0.641,69
0.678,77
0.624,74
0.640,80
0.625,75
0.625,75
0.655,78
0.653,77
0.669,71
0.669,71
0.671,72
0.672,73
0.663,66
0.688,62
0.712,57
0.711,51
0.785,41
0.810,43
0.810,43
0.811,51
0.813,61
0.765,68
0.805,78
0.777,76
0.742,86
0.717,86
0.747,87
0.759,89
0.759,84
0.725,75
0.738,66
0.762,54
0.811,46
0.661,47
0.661,51
0.661,47
0.662,55
0.637,55
0.613,60
0.638,66
0.641,69
0.650,75
0.635,79
0.640,80
0.700,75
0.730,78
0.735,79
0.705,78
0.719,71
0.674,74
0.675,75
0.710,79
0.635,79
0.635,79
0.684,84
0.655,83
0.655,83
0.650,82
0.630,78
0.655,78
0.594,71
0.602,76
0.625,75
0.590,80
0.659,84
0.600,82
0.678,88
0.617,86
0.655,83
0.645,81
0.655,78
0.653,77
0.650,75
0.618,70
0.663,66
0.691,69
0.663,65
0.662,58
0.686,51
0.661,46
0.710,40
0.785,39
0.713,35
0.761,37
0.711,37
0.711,37
0.760,38
0.810,38
0.713,35
0.712,36
0.760,39
0.710,42
0.661,47
0.636,52
0.711,51
0.761,46
0.735,43
0.685,42
2.443,40
2.340,38
2.340,40
2.244,29
2.382,20
2.527,15
24.029,81
23.902,86
23.772,94
23.664,88
23.691,83
23.632,91
23.756,91
23.727,95
23.810,97
23.912,92
23.848,100
23.789,98
23.819,99
23.803,101
23.765,104
23.785,97
23.754,101
23.765,98
23.793,93
23.781,96
23.775,90
23.781,96
23.889,98
23.910,97
23.918,93
23.906,96
23.944,89
23.948,85
24.017,93
24.021,94
24.001,95
24.030,96
23.938,88
23.950,90
23.962,92
23.972,94
23.993,93
24.021,94
23.994,89
23.981,91
24.017,93
24.049,90
24.005,91
24.037,88
24.049,90
24.012,88
23.997,94
23.972,94
24.061,92
0.940,14
0.865,33
0.737,57
0.764,67
0.745,81
0.745,81
0.728,77
0.759,84
0.763,85
0.747,87
0.796,91
0.755,83
0.809,84
0.765,80
0.740,80
0.727,76
0.750,75
0.774,74
0.738,66
0.812,59
0.786,50
0.760,41
0.819,28
0.789,23
0.890,17
12.138,122
12.111,128
12.130,120
12.153,126
12.121,124
12.146,124
0.888,35
12.140,116
12.056,80
12.030,23
11.960,70
11.938,72
12.052,52
12.073,105
12.040,116
12.042,123
12.038,122
12.012,115
11.987,81
23.328,86
22.912,82
23.099,100
22.667,78
22.957,81
22.996,99
23.086,97
22.791,104
22.880,101
22.488,97
22.678,95
22.996,89
23.078,86
23.051,90
22.987,97
22.595,93
22.456,101
22.545,93
22.459,91
22.347,89
22.351,100
22.459,91
22.441,88
11.810,70
11.952,79
12.004,53
11.877,43
11.903,47
12.009,30
11.826,84
11.895,117
11.899,105
11.896,98
11.858,95
11.922,83
12.005,66
12.051,41
12.002,45
12.053,57
11.980,61
12.053,59
11.952,40
11.980,60
11.972,83
11.918,110
11.903,119
11.903,119
11.895,117
11.857,107
11.938,96
11.957,107
11.921,104
11.883,95
11.831,67
11.955,64
11.945,77
11.912,81
11.920,88
11.919,92
11.942,103
11.901,112
11.931,120
11.931,120
11.968,123
11.939,122
11.966,116
11.949,118
11.949,105
12.098,105
12.148,118
12.188,122
12.173,118
12.131,68
12.205,120
12.125,112
12.176,79
12.277,49
12.133,30
8.447,53
12.155,67
11.956,67
12.062,91
12.115,116
12.100,84
12.213,87
12.252,119
12.365,116
12.204,113
12.213,122
12.163,122
12.221,124
12.159,121
12.163,122
12.169,117
12.188,122
12.152,119
12.196,124
12.217,123
12.191,82
12.210,71
12.143,76
12.120,104
8.845,131
0.843,25
0.794,19
0.765,17
0.690,16
0.740,14
0.816,24
0.700,20
0.750,20
0.695,27
0.889,23
0.719,28
0.856,21
0.920,27
0.967,30
0.866,31
0.867,30
0.820,26
0.890,33
0.770,27
0.815,33
0.862,36
0.865,33
0.835,38
0.862,36
0.840,33
0.890,32
0.891,31
0.739,34
0.862,36
0.818,25
0.816,24
0.914,23
0.713,35
1.066,32
0.818,29
0.637,22
0.895,27
0.740,16
11.956,67
0.819,19
11.976,89
12.282,114
12.012,115
11.968,123
11.918,123
11.926,125
11.926,125
11.958,114
12.046,83
11.979,126
12.006,120
11.974,118
11.824,118
11.806,120
11.822,124
11.789,122
11.781,120
11.803,119
11.816,116
11.824,118
11.812,115
11.788,102
11.857,90
11.799,118
11.814,122
11.985,121
12.029,100
11.799,105
11.835,121
11.835,121
11.972,124
12.052,119
12.098,118
12.167,123
12.377,119
12.288,122
12.223,118
12.288,122
12.409,121
12.500,125
12.506,107
12.688,74
12.567,77
12.610,91
12.626,119
10.873,130
10.646,110
10.565,115
10.598,117
10.623,117
10.665,115
10.690,115
10.725,111
10.794,116
10.840,115
11.128,125
12.365,129
11.047,130
10.977,118
0.739,23
0.620,26
0.616,31
0.668,29
0.716,31
0.714,34
0.663,35
0.785,38
0.813,35
0.663,35
0.668,29
0.667,30
0.715,33
0.636,37
0.663,35
0.660,38
0.661,51
0.611,51
0.612,56
0.562,57
0.588,61
0.562,58
0.612,59
0.563,61
0.587,58
0.613,60
0.588,65
0.588,64
0.564,67
0.589,67
0.563,64
0.616,69
0.616,69
0.618,70
0.597,73
0.564,67
0.571,72
0.550,75
0.627,76
0.596,72
0.547,73
0.572,73
0.600,75
0.599,74
0.575,75
0.585,79
0.575,75
0.574,74
0.599,74
0.580,78
0.596,72
0.628,77
0.600,75
0.574,74
0.625,75
0.574,74
0.603,77
0.628,77
0.628,77
0.603,77
0.630,78
0.603,77
0.602,76
0.655,83
0.578,77
0.627,76
0.645,81
0.640,80
0.627,76
0.585,79
0.578,77
0.600,75
0.630,78
0.640,80
0.627,76
0.635,79
0.627,76
0.622,73
0.645,81
0.628,77
0.597,73
0.599,74
0.594,71
0.619,71
0.627,76
0.602,76
0.625,75
0.603,77
0.627,76
0.602,76
0.602,76
0.625,75
0.625,75
0.603,77
0.603,77
0.625,75
0.628,77
0.602,76
0.577,76
0.625,75
0.600,75
0.622,73
0.571,72
0.613,64
0.613,63
0.637,57
0.560,45
0.610,41
0.689,23
11.808,127
11.768,123
11.760,121
9.146,142
8.997,125
8.859,109
9.030,133
9.098,137
10.738,121
10.640,115
10.533,100
10.450,98
10.475,98
10.535,107
10.631,119
10.661,127
10.711,133
13.378,127
13.183,128
13.122,125
13.064,123
13.075,126
13.083,128
13.043,124
13.110,122
13.310,122
13.467,124
13.542,124
13.524,126
13.274,132
10.634,138
10.682,143
10.584,138
10.559,138
10.516,128
10.497,123
10.376,111
10.275,98
10.242,102
10.242,102
10.264,108
10.357,106
10.550,124
12.416,135
13.158,128
9.059,134
9.004,127
8.871,112
9.039,135
13.087,129
12.850,119
12.759,128
12.780,127
11.949,131
12.694,136
12.769,124
12.705,127
12.723,125
12.701,126
12.682,121
12.684,128
12.549,125
11.983,127
11.958,127
11.862,128
8.999,132
9.017,136
8.991,130
8.927,120
8.824,106
8.890,117
8.914,123
8.972,125
9.107,139
9.168,152
9.186,145
9.185,134
9.065,123
11.787,128
13.095,131
9.055,114
9.101,126
9.002,120
0.769,19
0.740,17
0.606,21
0.600,20
0.666,24
0.700,20
12.265,129
10.819,129
10.675,111
10.699,104
10.940,115
10.538,139
10.337,127
10.180,112
10.164,108
10.184,113
10.430,137
10.498,141
10.595,135
12.923,125
12.986,122
13.093,124
-99999999
0.840,12
0.893,29
0.761,37
0.763,35
0.785,39
0.761,37
0.660,42
0.736,49
0.711,50
0.712,56
0.763,61
0.763,63
0.713,63
0.739,67
0.778,77
0.750,82
0.722,87
0.740,90
0.752,92
0.740,90
0.746,91
0.713,85
0.778,88
0.778,88
0.772,87
0.784,84
0.755,83
0.759,84
0.784,84
0.745,81
0.760,79
0.755,83
0.765,80
0.728,77
0.735,79
0.760,79
0.760,79
0.730,78
0.777,76
0.755,78
0.778,77
0.755,78
0.753,77
0.753,77
0.805,78
0.753,77
0.760,79
0.780,78
0.785,79
0.795,81
0.780,78
0.770,81
0.775,75
0.725,75
0.790,80
0.755,78
0.727,76
0.735,79
0.740,80
0.790,80
0.740,80
0.765,80
0.753,77
0.775,75
0.821,72
0.766,69
0.763,66
0.763,62
0.762,57
0.811,51
0.810,39
0.915,32
0.994,28
0.766,31
0.768,29
0.888,35
0.935,39
0.860,44
0.785,40
0.810,43
0.761,48
0.812,53
0.762,57
0.788,61
0.814,67
0.768,70
0.777,76
0.785,79
0.728,77
0.777,76
0.755,78
0.777,76
0.775,75
0.778,77
0.815,80
0.800,82
0.777,76
0.765,80
0.755,78
0.778,77
0.775,75
0.780,78
0.778,77
0.777,76
0.785,79
0.790,80
0.780,78
0.775,75
0.803,77
0.760,79
0.774,74
0.752,76
0.775,75
0.728,77
0.760,79
0.772,73
0.778,77
0.752,76
0.777,76
0.746,72
0.746,72
0.747,73
0.740,68
0.737,55
0.760,45
0.714,34
14.435,123
14.366,118
14.364,111
14.274,107
14.310,110
14.352,121
14.108,129
14.112,130
14.279,128
14.206,122
14.177,121
14.237,117
14.156,122
14.027,121
14.021,126
14.237,130
11.497,136
11.658,133
11.792,135
11.701,125
11.614,122
11.572,124
11.808,133
11.785,139
11.771,136
11.562,134
8.543,131
8.492,105
8.414,98
8.435,103
8.609,140
8.332,140
8.430,134
11.762,134
14.001,127
13.951,127
14.139,124
12.788,116
8.174,114
8.335,123
8.368,125
8.421,132
8.438,130
8.455,134
12.709,134
12.726,126
12.703,120
12.719,124
12.742,130
12.736,122
12.788,116
12.788,116
12.784,115
12.788,116
8.446,119
8.407,122
8.419,125
8.446,132
8.383,129
8.383,129
8.310,123
8.238,111
12.725,119
12.761,122
12.738,116
12.275,125
8.746,137
8.746,125
8.612,123
8.481,102
8.476,114
11.251,142
11.009,120
11.053,125
11.058,120
11.331,126
10.946,123
10.873,117
10.925,111
11.135,114
14.607,129
14.617,125
14.561,130
14.271,126
14.628,115
13.992,118
13.627,107
13.898,126
14.532,129
14.538,124
14.395,132
14.141,131
13.914,130
13.762,123
13.781,128
13.818,131
13.910,129
13.984,129
14.749,127
14.448,120
14.168,125
14.137,117
14.089,124
14.131,122
14.218,99
14.139,124
14.129,128
14.133,116
14.295,106
14.246,94
13.969,112
13.676,120
13.688,123
13.678,127
13.684,122
13.737,123
13.885,129
14.035,123
14.141,118
14.191,118
14.168,99
14.100,95
14.134,97
14.152,108
14.202,121
14.264,124
14.077,121
14.025,114
14.387,117
14.241,131
14.425,127
14.667,125
14.653,128
14.674,127
14.667,125
14.083,129
14.636,130
14.592,125
14.542,125
14.530,122
14.479,128
14.479,128
13.860,129
13.625,113
13.638,110
13.843,118
14.173,120
13.858,122
13.847,119
14.563,124
14.651,121
14.672,120
14.803,134
14.121,126
13.823,126
13.883,122
14.021,126
14.068,125
13.986,123
13.972,126
13.911,123
13.947,126
13.969,125
14.071,126
14.152,121
14.106,122
14.029,128
14.050,127
14.620,126
14.736,130
14.751,121
14.651,121
14.615,118
14.540,118
13.693,118
13.648,119
13.866,124
13.980,128
13.571,112
13.598,119
13.737,123
13.638,123
13.621,125
14.164,124
14.805,122
14.840,118
14.753,128
14.370,132
14.275,133
15.451,115
15.868,100
19.874,105
14.238,98
14.029,128
14.045,106
13.953,121
14.250,69
14.071,94
14.187,130
14.150,127
14.050,114
14.060,110
13.976,114
13.990,124
14.043,125
13.965,124
13.787,123
13.659,122
13.777,127
13.911,123
13.990,124
14.046,126
14.085,123
14.093,112
14.097,85
14.084,82
14.271,54
14.259,75
14.100,95
14.064,111
13.956,96
13.666,104
13.642,111
14.110,123
14.268,125
14.250,127
14.220,119
13.917,118
14.168,125
14.221,126
14.252,121
14.314,124
14.302,108
14.359,97
14.244,79
20.801,106
20.824,99
20.855,107
20.869,104
20.743,88
15.557,92
15.694,120
15.698,121
13.984,129
14.254,134
15.604,129
14.181,109
14.277,108
14.075,114
14.046,126
14.164,124
14.221,126
14.089,124
14.056,122
14.085,123
14.110,123
14.171,126
14.306,122
14.456,109
14.416,118
14.310,123
13.940,124
13.866,124
13.930,128
13.902,127
13.870,125
13.936,123
13.978,121
14.007,122
14.121,126
14.177,121
14.308,116
11.095,110
11.189,115
11.162,121
11.205,119
11.172,117
11.197,117
11.168,116
11.176,118
11.182,113
11.178,112
11.151,118
11.162,121
11.178,112
11.199,124
11.285,133
11.156,126
11.139,128
13.891,124
14.075,127
14.235,123
14.271,126
14.256,122
14.321,126
15.215,125
14.122,113
14.181,122
14.549,114
14.771,113
15.696,127
15.702,122
20.715,103
20.776,106
14.938,83
14.940,105
13.482,115
14.571,113
14.882,116
13.992,131
13.795,125
13.915,124
13.902,127
13.896,119
14.135,110
14.206,122
14.145,119
13.845,125
13.873,126
13.951,127
14.295,119
14.663,124
14.609,123
14.605,122
14.838,124
15.326,115
15.326,115
15.295,120
14.135,110
14.083,116
14.061,92
14.006,72
22.063,82
14.793,40
14.987,104
14.969,119
15.031,116
15.093,94
14.868,79
14.984,123
14.325,127
14.844,132
14.932,129
14.969,119
15.005,122
14.445,119
14.248,120
14.172,113
14.148,120
14.156,122
14.164,124
14.202,121
14.137,117
14.173,120
14.148,120
14.198,120
14.160,123
14.181,122
14.295,119
14.283,116
14.166,118
14.152,121
14.146,126
14.214,124
14.181,122
14.212,117
14.212,117
14.225,114
14.198,120
14.160,123
14.206,122
14.204,128
14.181,122
14.198,120
14.173,120
14.168,125
14.179,128
14.196,126
14.175,127
14.164,124
14.116,131
13.835,129
13.735,129
13.632,128
13.613,123
13.571,125
13.574,126
13.596,125
13.563,123
13.651,120
13.609,122
13.617,124
13.649,126
13.704,121
13.750,120
13.630,101
13.625,113
13.667,124
13.688,123
13.636,116
13.671,125
13.653,127
13.669,118
13.702,127
13.676,120
13.748,126
13.833,122
13.923,113
13.923,113
13.944,125
13.957,122
14.135,110
14.131,87
14.148,120
11.971,136
11.987,134
11.849,118
11.814,122
11.797,124
11.818,123
11.793,123
11.776,125
11.814,122
11.829,126
11.764,122
11.829,126
11.826,125
11.860,121
11.828,119
11.839,122
11.822,124
11.785,121
11.830,100
13.876,114
14.155,102
14.221,94
14.149,90
14.097,85
14.245,119
14.110,123
14.102,121
14.110,123
14.056,122
13.951,127
13.754,121
13.678,127
13.642,124
11.958,114
11.906,120
11.899,118
11.881,120
11.918,123
11.906,120
11.928,119
12.022,124
11.914,109
11.841,116
11.812,115
11.683,114
11.668,123
11.693,123
11.679,126
11.701,125
11.703,119
11.645,117
11.697,124
11.729,126
11.981,138
11.805,113
11.685,108
11.701,112
11.676,112
11.739,109
11.803,119
11.818,110
11.803,119
11.876,125
11.917,135
11.971,136
12.003,132
11.879,126
12.016,116
13.812,110
13.745,112
11.718,123
11.749,118
11.841,116
11.795,117
11.854,126
11.941,129
11.837,134
11.901,137
11.856,138
11.871,136
11.921,136
13.739,130
11.876,137
11.860,139
11.844,141
11.756,138
11.626,125
11.537,115
11.521,117
11.481,113
11.492,116
11.507,120
11.525,118
11.528,119
11.496,117
11.515,122
11.533,114
11.558,114
11.595,117
11.635,121
11.612,115
11.591,116
11.610,121
11.633,114
11.776,125
11.978,132
14.139,124
11.881,120
11.858,133
12.008,144
11.678,119
11.666,116
11.710,121
11.660,121
11.679,126
11.710,121
11.885,139
13.922,132
11.967,135
11.874,118
13.856,128
13.503,133
12.144,130
11.970,117
12.038,122
12.055,120
12.161,128
12.926,126
12.926,126
12.882,121
13.015,123
13.015,123
12.823,125
12.692,130
12.225,125
12.869,124
12.976,126
13.158,128
12.311,128
12.382,133
12.884,128
12.873,125
12.911,122
13.567,124
13.587,82
13.438,110
12.071,124
11.978,119
12.028,36
16.097,108
12.794,78
12.786,87
12.777,113
12.740,123
12.765,123
12.728,120
12.757,121
12.761,122
12.715,123
12.725,119
12.736,122
12.703,120
12.719,111
12.771,118
12.792,117
12.819,124
12.855,127
12.826,126
12.848,125
12.890,123
12.761,122
12.198,118
11.883,114
13.340,141
13.187,129
15.998,121
15.979,116
15.869,120
15.877,122
15.913,93
14.400,69
14.356,122
12.211,128
12.098,131
12.267,123
12.264,140
12.046,124
12.006,120
12.042,123
12.053,126
14.335,123
14.371,126
14.425,127
14.406,122
14.337,130
14.150,133
13.739,130
13.571,125
13.488,123
13.484,122
13.463,123
13.474,126
13.430,121
13.467,124
13.474,126
13.496,125
13.467,124
13.499,126
13.463,123
13.449,126
13.463,123
13.521,125
13.499,126
13.515,130
13.378,127
13.214,123
13.058,115
13.070,118
13.024,119
12.911,122
12.815,123
12.757,121
12.765,123
12.776,126
12.776,126
12.786,122
12.805,127
12.838,129
12.782,121
12.798,125
12.753,120
12.786,122
12.836,122
13.200,126
12.951,126
12.844,124
12.786,122
12.773,125
12.753,120
12.753,120
12.838,129
12.805,127
12.726,126
12.014,122
12.157,127
12.742,130
12.527,126
12.273,131
11.991,129
11.947,124
11.926,125
11.922,124
11.918,123
11.929,126
12.003,132
12.529,138
13.102,138
12.119,130
12.048,131
12.048,131
12.660,134
12.859,128
12.815,123
12.809,128
12.892,130
12.978,138
12.851,126
12.825,106
12.830,127
12.971,131
12.955,133
13.023,137
14.313,136
14.302,121
14.339,124
14.607,116
15.781,123
15.787,131
11.992,97
11.931,120
11.949,118
11.939,122
12.182,127
13.582,115
13.616,98
13.676,67
13.795,79
13.822,119
13.770,125
13.772,132
12.964,135
12.620,124
12.486,128
12.386,128
12.096,124
12.067,123
12.094,130
12.316,135
12.452,132
12.234,121
12.104,113
12.084,121
12.080,120
12.024,118
12.030,120
12.003,119
12.018,123
12.042,123
12.113,122
12.296,124
12.871,131
12.840,123
12.815,123
12.798,125
12.801,126
12.823,125
13.141,117
13.885,129
13.689,117
13.653,127
13.563,123
13.521,125
12.236,134
12.031,107
11.918,110
11.945,77
14.299,90
14.277,121
14.404,128
14.434,135
12.805,133
12.700,119
12.696,118
12.719,124
12.776,126
13.233,128
12.976,126
12.794,124
12.834,128
12.684,128
11.814,122
11.803,119
11.843,123
11.916,129
11.885,121
13.154,133
12.809,128
12.061,128
11.806,120
11.760,121
11.653,119
12.919,111
12.505,120
12.627,126
12.250,125
11.710,121
11.710,121
11.747,124
11.808,127
11.706,120
11.681,120
11.747,124
12.136,128
12.482,127
12.471,124
12.448,118
12.402,119
12.423,118
12.390,116
12.402,119
12.417,123
12.405,120
12.425,125
12.432,127
12.608,121
12.661,122
11.833,127
11.618,123
11.683,127
12.398,131
12.545,124
12.574,125
12.616,123
13.494,142
12.855,127
13.091,130
12.976,126
13.268,124
13.325,126
13.318,124
13.029,127
12.500,125
12.348,118
12.465,116
13.245,131
13.318,124
13.325,126
13.407,128
13.785,129
13.994,125
11.721,136
11.696,136
11.486,121
11.434,114
11.553,132
11.599,131
11.726,137
12.498,118
12.761,122
12.807,121
12.836,122
12.876,126
12.890,123
12.886,122
12.907,121
12.815,123
12.669,124
12.616,123
12.620,124
11.626,125
12.221,124
12.475,125
12.517,123
11.695,130
11.651,125
12.469,117
12.417,123
12.475,112
12.273,118
12.798,125
12.321,124
12.363,122
12.109,121
12.071,124
12.038,122
12.034,121
12.371,124
12.955,114
10.176,111
10.164,121
10.127,124
10.108,132
12.656,127
12.420,136
11.845,130
11.953,132
11.987,128
12.008,127
12.082,127
12.421,124
11.956,120
11.968,123
11.924,118
11.920,117
11.891,116
11.904,126
11.912,115
12.593,104
11.858,95
11.876,125
11.829,126
10.480,99
11.926,89
11.901,112
11.983,127
12.075,125
12.719,124
12.796,118
12.826,126
12.773,125
12.834,128
12.815,123
12.840,123
12.900,106
12.529,68
12.516,97
12.661,87
12.900,48
11.928,37
11.855,66
11.716,74
11.671,98
12.026,125
11.810,101
11.481,113
11.509,114
11.918,110
11.917,103
11.762,115
11.831,120
11.939,122
11.979,126
12.032,133
11.995,130
11.874,131
11.879,126
11.876,125
11.833,127
11.833,127
11.833,127
11.843,123
11.951,125
11.918,123
11.903,119
11.849,118
11.853,119
11.849,118
11.851,125
11.847,124
11.803,119
11.822,124
11.879,126
11.876,125
11.901,125
11.922,124
11.929,126
11.962,134
12.045,136
12.234,139
12.275,137
12.290,129
12.361,134
12.357,133
11.803,132
11.841,129
11.895,130
12.027,132
12.161,134
11.991,129
11.868,110
11.682,107
11.622,124
11.695,130
12.027,132
12.718,136
12.635,134
11.989,122
11.597,111
11.494,110
11.488,115
11.456,113
11.488,115
11.560,121
11.601,125
11.683,127
11.776,125
11.883,127
12.173,131
12.498,131
12.705,133
12.755,133
12.755,133
12.778,138
12.714,135
12.746,131
12.784,128
12.668,130
12.230,120
11.749,105
11.370,76
20.203,113
20.199,112
12.574,45
12.568,98
12.551,94
12.608,71
12.664,75
12.669,111
12.752,100
12.746,118
12.207,127
11.943,123
11.887,115
11.872,111
11.749,105
10.289,121
11.866,116
11.872,111
11.980,85
10.608,65
10.591,91
10.570,97
10.895,97
11.181,126
10.682,126
10.606,119
11.587,128
11.910,121
11.949,118
11.856,120
11.803,119
11.858,114
12.669,124
11.904,126
11.418,129
10.732,126
10.656,119
10.631,119
10.656,119
10.733,113
10.809,120
10.713,121
10.644,116
10.681,119
10.648,117
10.652,118
10.548,117
10.625,124
12.100,137
12.955,133
10.865,134
10.642,122
10.650,111
10.679,112
11.210,114
11.066,122
10.652,118
10.631,119
10.616,72
14.513,98
10.816,145
10.582,126
10.620,135
11.976,137
10.579,112
11.914,122
11.826,125
11.922,124
12.132,127
11.919,141
11.549,118
11.477,125
11.507,120
11.758,127
11.856,120
11.689,122
11.553,119
11.446,117
11.450,118
11.091,122
10.729,125
10.581,119
10.459,113
10.709,120
10.644,116
10.613,121
10.633,113
10.721,123
10.994,116
10.919,116
10.656,106
10.656,119
10.652,118
10.669,116
10.613,121
10.569,116
10.586,114
10.619,116
10.790,128
11.883,127
11.653,119
11.511,121
11.583,114
11.976,125
12.161,134
11.806,120
13.181,139
12.646,118
12.767,130
12.688,129
12.543,117
12.505,120
12.521,124
12.568,130
12.366,135
12.082,127
11.737,115
11.322,117
11.235,114
11.905,113
11.899,118
11.864,109
11.924,118
12.061,134
10.670,146
10.732,143
10.534,138
10.414,121
10.441,115
10.474,130
10.487,127
12.755,133
14.123,138
12.150,137
11.995,117
11.968,123
11.820,117
11.801,125
11.753,119
11.756,120
11.539,122
11.429,119
11.808,127
11.743,123
11.747,124
11.749,118
11.914,122
12.521,124
12.676,126
12.692,130
12.576,132
12.398,131
12.190,129
10.792,122
10.586,114
10.615,115
10.586,114
10.675,124
10.777,118
10.561,114
10.606,119
10.638,121
11.370,123
11.400,118
11.720,117
10.509,113
10.906,119
10.583,113
10.487,95
10.824,104
12.631,133
11.753,119
11.747,124
11.527,89
11.411,121
11.685,121
11.683,114
11.451,93
11.667,135
11.696,136
14.701,121
14.645,58
14.835,76
14.819,106
14.786,117
11.721,136
11.762,134
11.796,136
11.949,142
11.994,141
11.921,136
11.917,135
11.910,139
11.935,139
11.899,142
11.904,143
11.808,133
11.787,128
11.749,118
11.693,123
11.693,123
11.670,117
11.631,120
11.643,123
11.668,123
11.631,120
11.618,123
11.622,124
11.599,118
11.591,116
11.606,120
11.593,123
11.618,123
11.647,124
11.610,121
11.642,97
11.647,111
11.681,120
11.641,116
11.710,121
11.787,115
11.298,78
11.477,99
14.324,90
14.284,75
14.268,99
14.259,75
24.422,61
11.278,99
11.308,120
11.312,121
11.360,114
11.345,110
11.358,120
11.324,111
11.218,116
11.389,134
11.347,117
11.193,116
11.220,123
11.191,122
11.224,124
11.212,121
11.208,120
11.249,124
11.245,123
11.135,114
11.189,115
11.260,114
11.253,112
11.224,111
11.222,117
11.201,118
11.239,115
11.218,116
11.258,120
11.305,119
11.291,122
11.280,119
11.222,117
11.243,116
11.208,120
11.258,120
11.457,120
11.432,120
11.490,109
11.301,118
11.312,121
11.312,121
11.297,117
11.034,15
22.907,81
22.629,86
22.712,103
22.833,96
14.324,90
11.615,140
11.456,113
14.373,120
14.321,126
14.360,123
14.333,116
14.452,108
14.518,112
14.605,122
14.605,122
14.663,124
11.735,139
11.610,108
7.457,76
7.452,96
7.337,105
7.334,104
7.392,119
7.499,121
7.557,110
7.472,95
7.452,91
7.584,98
7.593,100
7.545,90
7.536,111
7.544,100
7.670,107
0.215,33
7.451,81
7.400,71
7.397,69
7.468,65
7.540,79
7.651,96
7.592,94
7.630,103
7.638,93
7.522,86
7.460,104
7.507,110
7.490,112
7.519,113
7.522,114
7.522,114
7.530,116
7.469,113
7.497,114
7.522,114
7.476,115
7.501,115
7.492,119
7.476,115
7.484,117
7.574,121
7.609,130
7.640,125
7.692,132
7.735,136
7.779,140
7.790,137
7.865,137
7.840,137
7.993,126
11.545,117
11.523,111
11.528,119
7.518,126
7.534,130
7.472,127
7.403,122
7.382,123
7.335,124
7.291,119
7.291,119
7.294,120
7.252,109
7.287,105
7.287,105
7.287,105
7.284,104
7.320,107
7.380,116
7.388,118
7.430,116
7.386,111
7.446,107
7.574,108
7.560,104
7.568,100
7.448,86
7.448,86
7.426,81
7.518,94
7.506,97
7.490,99
7.424,101
7.435,104
7.503,109
7.434,117
7.718,126
7.749,121
7.684,117
7.588,118
7.521,107
7.519,113
7.553,122
7.601,128
7.584,130
7.392,119
7.256,110
7.229,116
7.229,116
7.204,116
7.248,121
7.233,117
7.234,104
7.295,107
7.353,109
7.349,108
7.316,106
7.337,105
7.310,111
7.335,111
7.334,104
7.314,99
7.298,108
7.353,109
7.356,103
7.296,95
7.288,93
7.302,109
7.289,112
7.335,111
7.281,110
7.268,100
7.235,83
7.208,77
7.337,105
7.407,123
11.396,117
11.370,123
11.345,123
7.572,127
7.402,96
7.365,99
7.280,75
7.242,59
23.821,52


25.120,62
25.220,62
25.207,75
25.200,70
25.173,69
25.176,71
25.156,74
25.104,73
25.100,70
25.096,67
25.076,71
25.072,68
25.075,70
25.097,68
25.131,74
25.172,68
25.228,72
25.179,73
25.171,67
25.169,58
25.153,72
25.170,60










24.320,47
24.378,71
24.397,64
24.397,63
24.396,58
24.394,42


24.475,24
24.024,68
24.074,80
11.180,51
11.245,76
11.285,95
11.270,110
11.293,116
11.322,117
11.347,117
11.368,116
7.371,107
7.318,100
7.318,100
7.317,94
7.297,86
7.332,92
7.298,101
7.309,104
7.331,110
7.323,108
7.273,108
7.301,102
7.326,102
7.422,114
7.517,119
7.536,124
7.455,116
7.484,117
7.446,107
7.347,95
7.352,96
7.314,99
11.283,90
11.265,73
23.982,73
24.069,79
23.948,85
23.890,83
23.865,83
24.059,82
23.960,75
23.923,64
23.972,53
23.775,17
24.572,65
24.578,71
24.693,84
24.777,70
24.819,39
7.323,29
7.369,66
7.383,92
7.332,92
7.317,94
7.334,104
7.302,109
7.323,101
7.335,111
7.220,107
7.007,88
6.892,85
6.825,72
6.767,61
6.764,45
15.133,76
15.121,80
15.153,87
15.176,81
15.144,85
7.075,27
7.165,79
7.139,89
7.176,102
7.164,99
7.130,103
7.184,104
7.168,100
7.187,105
7.187,105
7.156,110
7.159,104
7.152,109
7.152,109
7.137,105
7.141,106
7.166,106
7.156,110
7.185,111
7.173,108
7.130,103
7.170,107
7.202,109
7.131,110
7.141,106
7.191,106
7.114,89
7.076,72
7.017,57
7.142,55
7.224,71
7.205,75
7.180,82
7.220,90
7.189,99
7.159,104
7.198,108
7.156,110
7.158,117
7.125,115
7.133,117
7.133,117
7.183,117
7.125,115
7.187,118
7.129,116
7.164,112
7.131,110
7.114,112
7.152,109
7.156,110
7.131,110
7.170,107
7.156,110
7.156,110
7.141,106
7.096,95
7.077,87
7.083,88
7.089,84
6.992,66
6.939,38
14.705,109
14.728,115
14.746,113
14.740,118
14.738,111
14.813,111
14.811,117
14.828,115
14.801,108
14.798,107
14.808,97
14.763,111
14.761,117
14.728,115
14.773,107
14.700,86
7.042,55
7.040,79
7.088,93
7.095,107
7.075,115
7.085,111
7.105,97
7.080,103
7.085,111
7.106,110
7.123,101
7.132,92
7.058,88
7.110,111
7.118,113
7.131,110
7.145,107
7.170,90
7.139,84
7.170,90
7.183,88
7.185,83
7.138,93
7.189,112
7.179,116
7.139,112
7.276,102
6.662,99
6.582,104
6.905,110
7.127,109
7.162,105
7.173,108
7.134,104
7.358,92
7.482,76
7.520,80
7.490,79
7.596,69
7.541,52
7.495,68
7.538,93
7.521,107
7.488,105
7.184,104
6.713,99
6.633,111
6.654,110
6.637,112
6.654,110
6.582,104
6.585,105
6.621,101
6.616,100
6.603,97
6.632,104
6.628,103
6.632,104
6.632,104
6.621,101
6.578,103
6.574,102
6.566,100
6.557,98
6.578,103
6.562,99
6.596,101
6.582,98
6.607,104
6.582,98
6.562,99
6.587,99
6.591,100
6.562,99
6.521,101
6.549,102
6.549,102
6.553,103
6.557,104
6.557,98
6.599,96
6.619,95
6.615,94
6.636,93
6.574,91
6.624,91
6.630,92
6.593,90
6.603,97
6.607,98
6.587,99
6.599,102
6.571,108
6.593,107
6.557,104
6.571,108
6.546,108
6.554,110
4.817,118
4.768,118
4.813,117
4.720,112
4.722,106
4.740,104
4.683,102
4.687,103
4.655,101
4.655,101
4.662,103
4.666,98
4.658,96
4.740,104
4.774,113
4.801,114
4.819,112
4.823,113
4.883,116
4.764,117
6.692,113
6.669,114
6.669,114
6.648,115
6.619,114
6.619,114
6.608,111
6.623,115
6.587,112
6.585,118
6.583,111
6.619,114
6.604,110
6.574,102
6.528,82
6.814,79
6.991,94
6.990,106
6.794,107
6.575,109
6.550,109
6.558,111
6.504,110
6.389,106
6.240,61
25.893,47
7.165,44
7.218,66
7.208,88
7.170,90
7.197,86
7.093,66
7.207,76
7.206,110
7.187,105
7.177,87
7.092,59
7.191,49
7.067,56
6.999,26
23.636,75
22.558,96
22.328,90
22.273,79
22.383,81
22.335,87
22.232,71
22.209,91
21.736,87
21.634,81
21.756,86
21.736,87
21.773,84
21.691,92
21.648,99
21.721,105
21.389,97
21.598,89
21.852,100
22.309,96
22.379,95
20.545,111
20.560,115
20.445,111
22.456,101
23.674,100
23.695,99
22.356,101
6.464,37
6.391,62
6.406,77
6.363,79
6.363,79
6.378,82
6.312,79
6.326,74
6.341,67
6.450,73
6.506,77
6.506,88
6.521,101
6.503,103
6.493,107
6.518,107
6.507,104
6.485,105
6.485,105
6.521,108
6.514,106
6.535,105
6.489,106
6.558,111
6.524,102
6.528,97
6.657,98
7.096,95
7.230,97
7.270,90
7.289,89
7.320,90
7.275,81
7.295,68
7.216,48
7.092,57
7.093,61
7.146,69
7.200,81
7.258,88
7.082,92
6.850,102
6.686,105
6.610,105
6.578,103
6.546,108
6.546,101
6.507,104
6.546,108
6.496,108
6.496,108
6.493,107
6.496,108
6.577,116
6.533,111
6.479,110
6.493,107
6.537,112
6.523,115
6.529,110
6.533,111
6.529,110
6.507,104
6.536,93
6.518,90
6.537,99
6.535,105
6.496,108
6.487,112
6.494,114
6.504,110
1.503,102
1.457,103
1.573,107
1.627,101
1.584,97
1.542,99
1.350,81
1.266,62
1.332,77
1.389,84
1.372,86
1.364,84
1.382,76
1.357,76
1.380,75
1.385,83
1.360,78
1.340,79
1.368,85
1.339,84
-99999999
1.368,85
1.335,83
1.350,81
1.350,81
1.380,82
1.401,81
1.364,84
1.390,79
1.382,76
1.385,78
1.401,81
1.375,81
1.406,82
1.389,84
1.360,78
1.360,78
1.383,77
1.380,82
1.385,78
1.401,81
1.411,78
1.382,76
1.406,75
1.382,76
1.436,78
1.379,74
1.409,77
1.402,72
1.422,69
1.511,98
1.542,112
1.519,106
6.327,97
7.134,104
7.120,107
6.239,106
6.244,114
6.262,112
6.523,115
6.196,108
6.228,103
6.250,109
6.110,105
6.124,102
6.116,100
6.141,61
26.120,23
7.242,54
7.293,61
26.380,75
25.201,71
26.502,87
25.245,85
25.222,68
25.298,69
26.348,70
25.832,75
25.320,64
25.242,45
25.270,64
25.270,62
25.243,49
25.417,42
25.369,57
25.369,59
25.294,56
25.344,55
25.293,49
25.275,25



24.919,79
24.878,71
24.999,69
25.076,71
25.207,82
25.124,86
25.382,82
25.170,85
1.700,18
1.604,27
1.518,38
1.518,44
1.568,43
