12.285,102
12.296,105
12.302,100
12.323,99
12.296,105
12.329,107
12.300,106
12.273,99
12.275,106
12.307,101
12.321,105
12.293,104
12.314,103
12.314,103
12.300,106
12.282,101
12.277,100
12.298,99
12.289,97
12.268,98
12.301,94
12.254,90
12.302,85
12.216,76
12.211,73
12.277,61
12.351,56
12.473,39
20.929,95
20.981,101
20.900,94
20.826,100
22.638,88
22.565,83
22.500,80
22.594,84
22.619,84
13.198,36
13.171,41
13.147,46
13.197,48
13.197,46
13.196,44
13.146,45
13.221,40
22.618,93
25.225,81
13.326,15
25.033,77
13.348,22
13.399,23
13.297,37
13.321,44
13.221,43
13.197,48
13.172,47
13.197,49
13.197,48
13.221,44
13.300,34
13.435,20
22.728,101
22.694,99
22.712,92
24.422,80
24.497,80
24.591,89
20.716,88
20.934,96
21.022,99
21.063,97
21.001,100
20.965,92
25.001,81
25.140,79
24.581,74
24.485,77
24.512,83
24.472,90
24.523,95
12.100,37
12.201,54
12.288,74
12.239,82
12.301,94
12.318,98
12.293,98
12.282,101
12.285,102
12.260,96
12.276,94
12.280,95
12.223,89
12.292,88
12.292,77
12.314,75
12.392,88
12.376,94
12.361,109
12.329,107
12.315,110
12.336,109
12.404,107
12.477,100
12.534,102
12.549,106
12.531,108
12.516,88
12.510,87
12.511,109
12.523,112
12.551,113
12.519,111
12.493,104
12.385,102
12.439,82
12.581,71
12.522,93
12.535,109
12.545,105
12.546,84
12.508,81
12.528,69
12.485,91
12.553,107
12.621,112
12.549,106
12.587,103
12.708,96
12.821,89
12.827,80
12.805,70
12.797,79
12.837,97
12.823,106
12.921,112
12.896,112
12.892,111
11.425,112
11.516,103
11.520,98
11.980,107
12.514,97
12.414,97
12.414,103
11.624,99
12.111,109
12.886,116
11.456,107
11.400,99
11.391,103
11.420,98
11.428,94
11.337,96
11.396,83
11.356,107
11.335,108
11.384,108
11.350,99
11.344,88
11.316,75
22.550,90
22.482,96
22.345,84
22.303,86
12.202,62
24.397,80
23.102,101
22.213,76
22.107,91
21.421,89
11.953,60
11.719,98
11.715,103
11.694,104
11.856,95
11.736,102
11.751,106
11.840,97
11.749,84
11.711,96
11.749,89
11.711,102
11.683,101
11.702,94
21.567,83
21.424,56
21.500,85
21.402,90
21.571,89
21.317,83
21.292,78
21.227,80
21.225,60
21.372,38

















21.306,28
21.272,38
21.276,34























21.347,45
21.381,71
21.376,67
21.374,58
21.499,58
21.572,79
21.614,92
21.640,88
21.570,93
21.627,90
21.387,75
21.307,81
21.467,83
21.415,88
21.412,82
21.425,85
23.144,79
22.800,80
21.484,87
11.654,34
11.624,99
11.665,103
11.690,97
11.753,85
11.740,103
-99999999
11.736,102
12.197,93
12.218,98
12.252,100
12.204,107
12.214,103
12.231,86
12.189,103
12.204,107
12.175,106
12.196,105
12.218,104
12.200,106
12.168,104
12.161,109
12.177,100
12.179,107
12.154,107
12.193,104
12.198,99
12.179,90
12.191,92
12.185,91
12.192,88
12.210,91
12.255,95
12.239,97
12.257,108
12.215,110
12.257,108
12.219,111
12.236,109
12.260,102
12.302,100
12.292,88
12.326,94
12.274,79
12.203,34
20.963,75
12.033,19
12.177,61
12.101,59
11.303,58
12.256,86
12.185,96
11.453,94
11.353,94
11.387,102
11.743,88
12.171,105
12.089,103
12.027,100
12.011,96
12.086,87
12.102,64
12.077,100
12.055,95
12.017,76
22.370,89
23.261,92
21.346,84
21.559,87
21.571,84
21.632,81
21.562,82
21.796,89
21.587,75
21.484,87
21.808,96
13.128,30
13.122,50
13.123,55
13.146,43
13.147,48
13.048,59
13.047,50
13.327,24
13.176,68
13.207,96
13.116,111
13.182,91
13.141,83
13.083,87
13.188,92
13.126,90
13.097,106
13.120,99
13.090,104
13.090,98
13.082,102
13.081,81
24.092,79
20.903,90
11.880,12
12.214,97
12.171,105
12.198,99
12.225,50
24.852,81
12.074,79
12.107,101
12.138,74
12.119,83
12.123,99
12.143,104
12.089,97
12.073,89
11.956,69
20.759,91
20.975,94
20.663,82
12.401,58
12.491,77
12.496,105
12.407,108
12.393,104
12.398,99
12.368,98
12.402,100
12.364,103
12.347,93
12.411,73
12.301,57
12.301,94
12.318,104
12.305,69
12.302,100
12.314,97
20.781,101
11.151,84
12.025,42
22.314,77
11.950,43
11.978,62
12.125,50
12.026,53
12.182,101
12.171,105
12.035,102
12.068,98
11.997,105
11.999,84
12.100,49
20.230,86
20.303,80
20.190,76
20.140,76
20.100,36
12.053,67
12.076,57
12.026,56
7.967,64
7.967,60
7.992,63
7.944,68
7.998,71
8.035,83
7.992,85
8.014,89
7.957,88
12.029,80
11.974,89
11.969,98
11.974,89
11.990,75
12.026,54
12.051,22
20.325,54
20.250,55
20.175,59
20.157,71
20.184,72
20.132,71
20.185,73
20.165,76
20.188,75
20.206,70
20.184,72
20.187,74
20.213,82
11.958,29
11.978,62
11.975,79
11.999,89
11.969,98
11.961,96
11.957,86
11.905,32
20.337,74
20.816,77
22.007,91
21.755,101
21.892,83
11.995,78
12.006,95
12.017,92
11.961,96
12.044,83
11.288,102
11.042,103
11.055,100
12.046,105
12.068,98
12.034,81
11.521,83
11.109,86
11.067,82
11.051,84
11.127,79
11.156,67
11.957,86
12.066,92
12.143,98
12.485,102
12.518,104
12.518,98
12.514,97
12.568,111
12.621,112
12.602,107
12.598,106
12.578,95
12.603,95
12.621,89
12.622,79
12.640,77
12.571,84
12.577,90
12.562,97
12.575,100
12.587,103
12.644,105
12.594,105
12.563,103
12.468,98
12.189,103
11.994,104
11.969,104
11.911,96
11.933,101
11.930,90
11.845,83
11.002,84
10.983,90
10.956,100
11.594,104
11.808,108
11.952,94
11.331,90
11.020,76
10.997,98
10.993,82
11.002,84
10.956,66
12.161,87
12.154,90
12.157,101
12.185,102
12.102,100
12.092,88
12.077,100
12.055,95
12.061,109
12.065,110
12.055,114
2.864,31
2.862,34
2.884,41
2.755,37
2.755,48
2.705,61
2.705,65
2.656,69
2.707,68
2.732,67
2.731,63
2.730,59
2.705,63
2.705,65
2.705,66
2.705,64
2.704,54
2.780,44
2.887,66
5.763,106
5.786,99
5.717,90
5.662,89
5.698,91
5.723,91
5.680,88
5.705,88
5.689,94
5.760,93
5.742,90
5.744,86
5.717,80
5.717,80
5.761,89
5.729,92
5.748,96
5.743,95
5.760,93
5.743,95
5.820,101
5.913,106
5.970,108
5.949,109
5.852,103
2.825,88
2.864,95
2.773,88
2.688,73
2.742,74
2.723,78
2.688,73
2.653,65
2.773,88
2.863,90
2.832,79
2.809,66
2.703,51
2.730,54
2.704,58
2.682,69
2.688,73
2.728,79
2.719,76
2.728,79
2.780,79
2.796,82
2.746,76
2.796,75
2.775,78
2.766,73
2.779,84
2.785,80
2.702,79
2.754,79
2.733,80
2.775,78
2.772,76
2.792,73
2.768,74
2.740,73
2.765,72
2.765,72
2.759,68
2.708,69
2.706,67
2.707,68
2.705,66
2.705,63
2.756,53
2.780,40
11.787,87
11.795,83
11.820,78
11.827,53
21.848,51
22.051,16
7.965,48
7.995,69
8.024,71
8.051,72
7.967,65
8.057,76
8.020,80
8.096,95
8.077,87
8.115,79
8.105,75
8.115,79
8.077,87
8.088,93
8.096,95
8.089,99
8.038,93
8.093,85
8.130,82
8.096,69
8.144,60
8.142,48
8.142,48
2.858,40
2.832,40
2.781,46
2.756,56
2.756,59
2.705,61
2.706,67
2.685,71
2.708,69
2.731,66
2.681,68
2.710,70
2.759,68
2.786,69
2.766,73
2.717,75
2.765,72
2.736,70
2.679,66
2.704,53
2.781,47
2.728,44
2.807,48
2.754,41
2.810,34
2.915,23
10.889,96
10.931,100
10.911,101
10.872,98
10.980,94
10.964,72
10.854,49
2.776,21
2.815,28
2.862,34
2.815,28
10.909,95
10.981,100
10.947,98
10.927,99
10.943,97
10.984,95
10.964,96
10.972,98
10.972,98
10.984,95
10.989,96
10.977,99
10.986,101
11.006,100
11.101,99
11.267,97
11.029,94
10.922,98
10.922,98
10.959,95
11.080,100
11.425,99
11.662,109
11.691,110
11.628,100
11.583,101
11.348,105
11.088,96
11.038,102
10.977,99
10.943,103
10.956,100
10.897,104
10.815,109
10.847,104
9.105,108
9.149,119
9.094,118
9.069,118
9.050,113
9.025,113
8.987,110
8.958,109
8.932,96
8.868,93
8.856,96
8.856,96
8.813,88
8.843,93
8.844,89
8.847,94
8.847,94
8.851,95
8.864,98
8.851,95
8.825,90
8.840,83
8.857,87
8.887,92
8.911,97
8.894,89
8.923,94
8.986,103
9.094,118
9.109,109
9.132,115
9.001,107
8.914,117
9.094,118
9.092,111
8.993,105
8.887,92
8.881,96
8.893,93
8.887,92
8.907,96
8.957,96
8.945,99
9.011,103
9.018,105
9.020,112
9.086,116
9.053,114
9.011,103
8.932,91
8.864,98
8.902,95
8.827,86
8.810,97
8.936,103
8.957,102
8.989,117
9.028,114
9.002,114
8.961,103
8.837,92
8.907,96
8.868,93
8.898,94
8.907,91
8.932,91
8.924,100
8.889,104
9.071,112
9.008,109
8.881,91
8.932,102
9.128,114
8.945,99
8.893,93
8.898,94
8.898,94
8.851,95
8.881,96
8.864,98
8.887,92
8.881,96
8.898,94
8.887,92
8.961,97
8.949,100
8.944,93
8.860,97
8.940,104
8.976,107
9.023,106
8.924,100
8.876,95
8.830,81
8.827,86
8.802,86
8.825,90
8.806,96
8.812,92
8.851,95
8.823,85
8.795,79
8.820,79
8.965,98
9.046,112
9.032,115
9.107,115
10.777,99
10.836,101
10.902,99
4.758,74
4.869,94
8.962,110
4.837,104
4.904,109
4.812,104
4.727,101
4.759,103
4.756,109
4.755,102
4.706,96
4.724,90
4.700,90
4.736,92
4.743,89
4.780,96
4.762,88
4.824,95
4.772,100
4.804,102
4.768,99
4.804,91
4.772,85
4.762,77
4.818,79
4.833,82
4.749,90
4.777,101
4.790,105
4.798,107
4.738,104
4.784,103
4.804,102
4.817,99
4.821,100
4.854,96
4.846,100
4.912,111
4.935,117
4.997,114
4.942,106
8.811,103
8.656,91
8.524,90
8.559,97
8.546,94
8.479,91
8.561,92
8.516,93
8.518,99
8.512,98
8.508,82
8.537,88
12.000,40

4.740,21
4.759,20
4.871,23
4.852,19
4.897,16
4.774,14


11.660,26
11.502,48
11.653,66
8.641,105
8.657,109
4.837,104
4.829,102
4.800,86
4.755,102
4.768,99
4.745,106
4.738,98
4.752,101
4.730,96
4.714,78
4.678,70
4.663,77
4.877,81
8.624,90
11.961,91
12.041,92
12.210,102
12.218,104
12.182,108
12.198,112
12.223,112
12.219,111
12.227,113
12.105,114
12.132,108
12.115,110
12.123,112
4.893,50
4.844,48
4.819,50
4.868,50
4.795,55
4.624,62
4.556,71
4.616,83
4.460,87
4.463,97
4.450,94
4.472,89
4.495,93
4.508,96
4.594,93
4.701,95
4.985,98
4.969,100
5.014,99
5.037,105
5.012,105
5.023,101
5.030,103
5.034,104
5.002,96
5.010,98
5.013,89
5.025,91
5.056,92
5.105,110
5.201,109
5.270,114
5.294,107
8.881,102
8.831,102
8.848,100
8.938,92
5.058,98
5.117,100
5.069,90
5.032,88
5.031,92
5.048,108
5.180,110
5.209,111
5.255,110
5.259,111
5.249,115
5.257,117
5.188,112
5.097,108
5.018,100
4.959,88
4.965,89
4.940,84
4.940,84
4.944,85
4.971,90
4.959,88
4.944,85
4.956,82
4.951,81
4.980,82
4.984,88
5.010,98
4.989,93
5.006,97
4.968,94
4.904,87
4.910,88
4.964,93
5.037,93
5.101,87
4.586,97
4.756,109
4.895,100
8.433,97
8.423,90
8.433,82
8.429,96
8.433,82
8.362,83
8.374,86
8.347,90
8.366,89
8.405,87
8.408,82
8.550,95
8.530,91
8.524,90
11.560,81
11.561,96
11.551,106
11.608,108
11.580,107
11.601,106
11.616,110
11.561,96
11.607,86
11.545,83
11.573,93
11.611,96
11.622,105
11.647,105
11.666,110
11.678,113
11.628,113
11.572,105
11.666,110
11.690,103
11.683,101
11.645,111
11.558,108
11.555,107
11.644,104
11.724,112
11.694,104
11.619,98
11.666,110
11.706,114
11.622,105
11.357,95
11.196,104
11.516,103
6.327,92
6.505,104
6.526,103
6.583,105
8.657,109
8.638,104
8.664,98
8.622,100
8.600,95
8.526,86
8.518,84
8.530,91
8.546,94
8.516,93
5.045,107
5.048,108
5.096,114
5.031,110
5.020,107
5.037,105
5.037,105
5.030,103
5.006,97
4.842,89
8.458,82
5.217,100
5.186,105
5.117,100
5.002,87
5.010,98
5.026,102
5.023,101
5.037,105
5.014,99
5.010,104
4.994,100
4.878,91
4.817,89
5.058,98
4.965,89
4.985,98
5.014,99
5.037,93
5.057,88
5.014,79
5.034,98
5.010,98
5.030,103
5.043,100
4.997,95
5.051,87
5.154,97
4.960,78
4.843,44
4.893,51
11.732,86
11.706,95
11.715,97
11.711,96
11.895,111
11.918,117
9.238,135
9.090,130
9.020,125
8.831,102
8.822,94
8.768,93
8.786,97
8.790,98
8.781,91
8.762,92
8.723,85
8.676,95
8.512,104
8.487,104
8.368,106
8.866,124
8.785,116
8.593,99
8.819,99
8.880,115
8.774,100
8.636,92
8.630,96
8.669,99
8.618,99
8.664,98
8.678,101
8.651,95
8.638,98
8.625,95
8.647,94
8.642,93
8.672,94
8.639,83
8.668,93
8.731,91
8.744,89
8.739,83
8.719,89
8.728,101
8.630,102
8.577,101
8.567,93
8.177,96
8.076,96
7.994,80
8.259,88
8.559,97
8.571,94
8.580,91
8.531,87
5.841,120
5.813,119
5.707,111
5.621,101
5.594,95
5.619,95
5.677,103
5.738,106
5.692,107
5.666,100
5.612,99
5.649,96
5.653,97
5.619,95
5.618,90
5.696,71
5.640,53
5.600,73
5.756,98
5.711,99
5.727,103
5.679,92
5.625,87
5.593,90
5.624,91
5.580,92
5.668,90
5.706,98
5.784,105
5.799,109
5.757,111
5.778,110
5.724,109
5.724,109
5.757,111
5.728,110
5.767,107
5.749,109
5.692,107
5.711,112
5.713,106
5.628,103
5.616,100
5.574,91
5.630,92
5.619,95
5.607,98
5.603,97
5.574,91
5.599,96
5.570,86
5.595,86
5.556,77
5.637,89
5.653,97
5.570,86
5.562,84
5.625,87
5.761,112
5.868,114
8.850,120
8.843,118
8.753,108
8.612,88
8.630,91
8.621,94
8.618,99
8.675,90
8.561,92
8.689,104
8.732,109
8.782,96
8.712,92
8.622,85
8.612,88
8.580,91
8.510,92
8.530,102
8.566,105
8.366,84
8.345,85
8.423,90
8.378,91
8.408,97
8.522,100
8.527,108
8.552,108
8.455,109
8.405,109
8.368,106
8.290,93
8.228,73
8.227,72
8.303,72
8.411,77
8.551,86
8.571,94
8.561,92
8.592,93
8.550,95
8.605,102
8.630,102
8.696,106
8.678,101
8.651,95
8.706,96
8.681,102
8.660,97
8.701,95
8.697,94
8.618,89
8.597,85
8.593,84
8.601,86
8.539,83
8.589,83
8.636,92
8.618,89
8.681,96
8.728,101
8.678,101
8.664,104
8.656,96
8.648,100
8.630,102
8.534,103
8.785,116
8.770,112
8.644,112
8.461,88
8.508,97
8.534,97
8.538,98
8.534,97
8.542,93
8.873,113
8.877,127
8.816,111
8.870,125
5.824,122
5.811,112
5.861,112
5.826,116
5.816,120
5.784,105
5.702,97
5.599,96
5.591,100
5.599,96
5.666,100
5.686,99
5.693,95
5.689,94
5.656,88
5.625,87
5.612,84
5.631,88
5.624,91
5.575,87
5.587,84
5.570,86
5.574,91
5.581,88
5.531,88
5.550,87
5.553,97
5.532,98
5.607,98
5.561,93
5.549,96
5.518,90
5.463,79
5.527,74
5.549,72
5.533,83
5.624,96
5.612,99
5.632,104
5.618,107
5.593,107
5.578,103
5.549,102
5.507,98
5.574,102
5.457,98
5.546,101
5.493,107
5.558,111
5.539,106
5.528,103
5.516,100
5.453,97
5.474,96
5.530,92
5.731,98
5.674,96
5.566,100
5.537,99
5.596,108
5.535,105
5.453,75
5.363,42
13.978,81
5.290,47
5.267,65
5.226,73
5.231,76
5.178,74
5.243,67
5.141,54
5.090,47
5.070,24
14.407,82
14.387,78
14.441,84
14.387,83
14.357,82
14.352,81
14.360,88
14.428,96
14.403,96
14.416,99
14.425,101
14.157,97
13.946,85
13.995,94
13.976,101
13.958,97
14.061,104
15.230,110
15.215,106
7.641,60
5.599,96
5.688,106
5.590,94
5.562,89
5.586,93
5.574,96
5.611,93
5.594,95
5.570,86
5.618,90
5.502,74
5.538,45
5.688,52
5.640,59
5.644,69
5.656,77
5.663,79
5.633,83
5.600,87
5.606,88
5.556,88
5.568,90
5.568,90
5.549,91
5.615,94
5.580,92
5.586,93
5.555,92
5.565,94
5.599,91
5.661,93
5.593,90
5.572,71
11.755,90
11.798,93
11.744,104
11.739,116
11.745,111
11.749,99
11.702,94
11.728,100
11.719,104
11.744,104
11.744,104
11.747,105
11.812,109
11.826,106
11.865,103
11.936,102
11.978,85
11.899,99
12.057,101
12.026,106
12.168,104
12.250,106
12.185,102
12.165,110
12.123,112
12.140,110
12.223,112
12.001,106
12.057,108
12.135,102
11.961,96
11.803,100
11.797,105
11.815,103
11.740,103
11.726,106
11.733,101
11.719,98
11.674,99
11.694,104
11.683,108
11.683,108
11.699,99
11.683,101
11.670,83
11.636,102
11.645,83
11.760,27



5.029,20
5.015,52
5.089,79
5.101,87
5.119,90
5.137,93
5.138,89
5.170,95
5.145,95
5.154,97
5.175,102
5.113,99
5.154,97
5.131,92
5.162,93
5.191,94
5.166,94
5.154,97
5.137,93
5.145,95
5.154,97
5.170,95
5.158,98
5.163,99
5.197,101
5.186,105
5.197,101
5.181,92
5.196,86
5.214,79
5.276,87
5.246,86
5.208,98
5.192,100
5.179,103
5.190,106
5.192,100
5.208,98
5.195,95
5.209,83
5.242,85
5.224,81
5.242,60
11.542,92
11.523,105
11.580,107
11.528,100
11.594,104
11.528,100
11.580,107
11.587,109
11.533,101
11.594,104
11.601,106
11.540,103
11.551,106
11.555,107
11.547,105
11.562,109
11.562,109
11.586,102
11.544,104
11.487,102
11.520,104
11.555,107
11.576,106
11.533,101
11.540,103
11.540,103
11.530,107
11.537,109
11.506,107
11.566,110
11.558,108
11.527,106
11.578,113
11.533,108
11.533,108
11.555,107
11.537,109
11.533,108
11.506,107
11.530,107
11.536,102
11.544,98
11.536,102
11.565,103
11.540,103
11.528,100
11.555,107
11.547,105
11.544,104
11.594,104
11.533,101
11.572,105
11.619,98
11.636,102
11.611,96
11.611,102
11.594,104
11.551,106
11.540,103
11.561,102
11.569,104
11.590,103
11.611,102
11.615,103
11.636,102
11.726,106
11.733,101
11.730,107
11.694,104
11.644,104
11.683,108
11.683,101
11.699,99
11.736,96
11.708,101
11.636,96
11.690,103
11.705,107
11.908,108
11.983,108
11.983,108
11.965,103
11.947,105
11.958,101
11.968,88
11.975,79
11.920,78
11.856,95
11.908,108
11.891,110
11.881,114
11.899,112
11.861,102
11.827,94
11.805,90
11.811,91
11.853,65
22.810,75
24.676,71
21.204,95
21.155,86
22.316,83
22.615,83
9.363,74
9.432,86
9.373,89
9.343,98
9.301,94
9.456,95
9.117,83
9.096,89
9.067,83
9.199,106
9.245,105
9.268,111
9.260,109
9.235,109
9.192,98
9.255,86
9.254,95
9.058,91
9.121,89
9.034,87
9.316,92
9.377,100
9.411,102
9.415,97
9.398,99
9.411,96
9.431,95
9.366,92
9.260,87
9.250,56
22.305,71
22.281,81
22.295,84
22.505,81
22.436,97
22.976,95
22.301,90
22.185,74
22.423,94
22.416,78
22.560,82
22.637,76
22.550,80
22.449,85
22.356,81
22.261,82
22.403,86
22.610,82
22.757,87
22.890,83
23.122,85
21.259,96
21.350,100
21.353,95
22.997,58
12.002,22
23.192,93
11.821,21
11.752,22
23.314,83
23.821,65
23.921,66
11.630,15
11.701,51
11.825,79
11.828,100
11.869,104
11.855,107
11.844,104
11.827,94
11.830,107
11.828,100
11.811,102
11.794,104
11.824,99
11.790,103
11.805,107
11.805,107
11.840,103
11.786,102
11.956,95
4.349,41
4.476,66
4.508,72
4.597,52
11.944,104
12.143,98
12.248,99
12.227,100
12.154,107
12.089,103
12.118,98
12.011,102
12.096,105
12.139,103
12.005,107
4.597,48
4.696,51
4.746,53
4.868,52
11.886,91
11.942,92
12.007,86
12.117,88
12.267,88
12.385,91
12.347,93
12.389,103
12.396,105
12.300,106
12.264,97
12.155,95
12.077,100
12.248,99
12.375,106
12.339,103
12.318,104
12.385,91
12.360,91
12.360,96
12.235,96
11.990,103
12.096,105
9.277,113
9.206,108
9.296,105
9.436,102
9.159,96
9.115,88
9.271,93
9.234,91
9.332,70
9.349,43
9.277,65
9.334,81
9.357,101
9.368,98
9.432,86
9.407,86
9.385,96
9.306,86
9.266,88
9.200,94
9.246,93
9.318,98
9.285,102
9.275,106
9.272,99
9.286,109
9.253,107
9.311,109
9.293,104
9.282,101
9.226,100
9.197,99
9.192,98
9.181,101
9.163,97
9.167,98
9.238,97
9.302,100
9.167,98
9.190,92
9.311,87
9.344,78
9.327,85
9.318,98
9.314,97
9.281,86
9.230,86
9.133,96
9.116,98
9.124,94
9.166,88
9.159,102
9.124,94
9.139,92
9.139,92
9.080,101
9.055,101
9.053,95
9.016,78
8.964,77
8.970,84
8.957,72
9.013,76
8.978,86
8.957,96
8.965,98
8.901,90
8.938,92
8.938,92
8.908,73
8.821,46
9.099,54
9.025,64
9.053,69
9.142,83
9.165,92
9.109,87
9.077,80
9.089,76
9.050,66
9.049,57
8.956,27
24.867,43
25.001,27




23.146,59
23.072,63
23.072,62
23.072,64
22.401,68
22.426,80
22.374,85
22.366,78
22.324,66
22.426,31







22.991,21
23.122,62
23.122,64
23.122,64
23.022,62
23.096,56
23.046,55
23.095,51
23.196,59
23.322,60
23.595,52
24.017,41
24.075,25
8.675,32
8.776,69
8.815,78
8.869,89
8.831,91
8.851,95
8.872,94
8.864,98
8.889,98
8.881,96
8.860,97
8.847,94
8.893,93
8.865,78
8.902,69
8.746,54
8.744,43
24.221,23
24.067,44
8.650,11
8.724,32
8.771,48
8.747,62
8.810,75
8.815,83
8.844,89
8.881,91
8.876,95
8.881,96
8.869,99
8.864,98
8.869,89
8.901,90
8.835,82
8.894,84
8.894,84
8.885,82
8.857,87
8.863,88
8.894,89
8.894,99
8.881,91
8.863,88
8.887,92
8.877,86
8.852,86
8.875,90
8.898,94
8.911,97
8.893,93
8.881,96
8.889,98
8.868,93
8.907,96
8.894,99
8.902,95
8.844,99
8.881,102
8.851,95
8.945,99
8.887,92
8.927,95
8.924,100
8.915,98
8.924,100
8.913,92
8.977,95
8.998,94
8.964,88
8.989,88
9.007,91
9.065,88
9.029,86
8.981,81
9.007,96
9.020,99
9.071,99
9.037,97
9.027,90
9.091,104
9.083,96
9.099,94
9.181,101
9.217,98
9.181,101
9.080,101
9.091,98
9.037,97
9.066,98
9.083,91
9.184,102
9.234,102
9.265,92
9.272,99
9.293,104
9.314,97
9.364,82
9.232,71
9.204,69
9.294,83
9.049,94
8.961,97
9.080,101
9.289,103
9.285,96
9.254,95
9.251,100
9.242,98
9.242,98
9.238,97
9.221,93
9.221,93
9.188,103
9.256,101
9.197,99
9.133,91
9.204,95
9.238,97
9.200,94
9.167,98
9.112,97
9.099,94
9.114,92
9.155,86
9.090,88
9.082,81
9.075,85
9.104,86
9.092,83
9.052,80
9.096,84
9.104,86
9.042,83
9.083,91
9.095,93
9.040,88
9.121,84
9.184,96
9.160,87
9.146,89
9.184,102
9.380,95
9.310,96
9.335,91
9.355,69
9.360,72
9.385,91
9.377,100
9.385,102
9.318,98
9.323,99
9.293,98
9.285,102
9.249,106
9.091,104
9.144,105
9.121,99
9.125,100
9.133,102
9.141,98
9.213,97
9.346,105
9.314,103
9.272,99
9.263,97
9.128,95
9.176,100
9.190,92
9.270,105
9.141,104
9.094,105
9.133,102
9.091,98
9.091,98
9.039,92
9.050,100
9.011,97
9.025,100
9.033,102
9.033,96
9.066,98
9.025,100
9.020,99
9.050,100
9.089,92
9.083,96
9.087,97
9.075,100
9.075,100
9.091,98
9.087,97
9.071,99
9.080,101
9.049,94
9.007,96
9.055,101
9.071,99
9.007,96
9.007,91
8.995,84
9.006,81
9.014,77
9.027,80
9.075,85
9.058,96
8.998,94
9.015,98
8.976,90
8.998,94
9.011,97
9.025,100
9.058,96
9.083,96
9.087,97
9.096,99
9.066,98
9.095,93
9.046,89
4.977,102
5.077,109
5.014,112
4.961,111
4.878,102
4.854,102
4.882,103
4.895,100
4.875,101
4.900,101
4.903,96
4.866,99
4.907,97
4.869,94
4.890,93
4.891,99
4.903,96
4.925,101
4.916,99
4.900,101
4.936,98
4.891,99
4.932,103
4.898,95
4.878,102
4.953,109
4.889,105
4.891,99
4.911,98
4.894,94
4.928,91
4.919,94
4.943,94
4.897,90
4.939,93
4.890,93
4.895,100
4.920,100
4.932,103
4.878,96
4.940,84
5.045,107
4.988,105
5.086,105
5.041,106
9.033,102
9.053,95
8.976,90
8.970,99
8.998,94
9.001,90
8.986,97
8.965,98
8.973,94
8.974,100
8.979,101
9.020,99
9.028,95
9.002,95
8.990,98
8.994,93
9.007,91
8.995,99
8.994,93
9.033,96
8.998,94
8.988,92
9.019,93
9.011,97
9.002,95
9.002,95
8.951,90
8.957,91
8.982,96
8.982,96
9.002,95
8.964,88
8.944,93
8.952,95
8.948,94
4.978,109
5.081,110
5.002,96
4.759,75
4.813,78
4.829,91
4.854,96
4.866,99
4.821,100
4.833,97
4.817,99
4.808,97
4.858,97
4.878,102
4.845,94
4.878,102
4.870,100
4.861,98
4.890,93
4.932,82
4.852,71
4.862,83
4.858,97
4.875,101
4.845,94
4.911,98
4.923,95
4.988,105
5.068,113
5.120,114
5.136,105
5.131,92
9.032,81
9.062,82
4.708,74
4.858,82
4.823,80
4.848,80
4.897,90
4.903,91
4.925,101
4.977,102
4.947,95
4.879,87
4.878,91
4.960,98
4.882,97
4.932,97
4.944,100
4.969,100
4.981,103
4.956,103
4.947,95
5.010,104
4.952,96
4.985,98
5.013,93
5.010,98
4.997,86
5.075,102
5.075,102
4.978,87
4.936,78
4.960,78
4.980,75
4.957,76
4.944,67
4.845,59
4.855,73
9.032,81
8.851,95
8.810,97
8.957,102
9.163,103
9.139,92
9.095,93
9.156,101
9.141,104
9.176,100
9.146,99
8.986,97
8.902,95
8.812,92
8.642,93
8.651,95
8.647,94
8.617,93
8.621,94
9.077,90
9.129,86
9.166,88
9.075,85
9.045,93
5.229,103
5.147,108
5.144,107
5.072,101
5.030,103
5.026,96
5.013,89
4.985,83
4.946,69
4.894,55
4.869,56
4.993,63
9.131,71
5.092,85
5.155,110
5.193,120
5.120,114
5.007,110
4.928,102
5.108,98
5.329,97
9.080,101
9.095,93
9.027,80
9.146,84
9.099,94
9.125,100
9.078,95
9.091,98
5.340,106
5.354,110
5.387,112
5.362,112
5.346,108
5.299,115
5.328,116
5.274,115
5.234,111
5.244,107
5.158,98
5.059,83
5.063,89
5.031,92
5.043,100
5.063,99
5.039,99
5.034,98
5.072,101
5.051,102
5.072,101
5.058,98
5.072,101
5.043,100
5.030,103
5.051,102
5.094,107
5.075,102
5.083,104
5.079,103
5.072,101
5.072,101
5.050,96
5.030,97
5.058,98
5.026,102
5.026,102
5.075,102
5.054,97
4.983,92
4.965,99
4.939,93
5.021,95
4.993,94
5.037,93
5.050,96
5.018,100
5.041,94
5.013,93
5.006,97
5.039,99
4.993,94
4.997,86
4.948,86
4.922,80
5.018,67
5.163,99
5.045,95
5.079,97
5.069,80
5.217,100
5.244,107
5.280,110
5.305,110
5.269,107
5.263,112
5.313,112
5.244,107
5.211,105
5.113,89
5.071,86
5.069,90
5.063,89
5.150,102
5.183,104
5.240,106
5.251,109
5.258,104
5.179,97
4.993,85
4.848,68
4.909,76
4.902,81
4.948,86
4.977,91
4.983,92
5.002,91
4.934,92
5.019,90
5.034,83
5.010,83
4.980,82
5.038,84
5.034,83
5.024,81
4.983,77
5.167,113
5.205,110
7.090,94
7.057,98
5.090,106
5.081,110
4.993,85
4.989,93
4.952,96
4.960,98
4.988,105
4.952,96
5.072,101
5.034,98
4.885,88
4.867,79
4.866,84
4.866,89
4.855,87
4.860,88
4.854,91
4.879,87
4.853,81
4.887,83
4.848,80
4.890,93
5.018,100
5.151,109
5.108,98
4.997,95
4.997,95
5.006,97
4.977,91
4.964,93
4.997,95
5.010,98
4.990,89
4.977,96
5.018,100
5.002,96
5.026,96
5.054,97
5.026,102
5.018,100
5.051,102
5.072,101
5.055,103
5.034,104
5.079,103
5.066,106
5.059,104
5.021,95
4.993,85
4.996,90
4.981,97
5.010,104
5.018,100
5.030,103
5.059,104
5.159,111
5.242,113
5.245,114
5.192,113
5.263,112
5.205,110
5.267,113
5.182,117
5.220,114
5.174,115
5.130,110
4.994,100
4.985,104
5.003,109
4.996,107
4.988,105
4.928,96
4.922,90
4.904,87
4.971,90
4.993,85
4.975,81
5.010,78
4.995,80
4.959,88
4.964,93
4.989,93
4.956,97
4.965,99
4.956,97
4.977,91
4.989,93
4.946,80
4.958,77
4.954,74
4.944,67
4.952,73
4.909,76
4.887,78
4.813,78
4.833,75
4.828,81
4.970,80
5.107,88
5.056,92
5.108,98
5.133,98
5.120,95
4.993,85
5.002,96
4.977,96
4.981,97
4.939,93
4.939,93
4.939,93
4.968,94
4.959,88
4.965,89
4.957,76
4.870,62
4.876,71
5.049,81
5.091,94
5.175,102
5.186,105
5.247,108
5.054,97
9.176,100
9.188,103
9.137,103
9.116,98
9.151,100
9.141,98
9.144,105
9.130,101
9.125,100
9.102,90
9.129,86
9.178,80
9.176,66
4.870,62
4.869,57
4.849,69
4.927,81
4.939,93
4.942,106
4.981,103
4.922,107
4.960,104
4.977,96
4.985,98
5.021,95
4.977,91
4.989,93
4.952,91
4.985,98
4.947,95
4.952,96
4.916,89
4.935,88
4.922,80
4.902,81
4.897,80
4.940,84
4.932,82
4.944,85
4.919,94
4.956,97
4.956,97
4.981,97
4.969,100
4.964,93
4.965,99
4.956,97
4.981,97
4.947,95
4.960,98
4.947,95
4.965,99
4.971,90
4.916,89
4.956,82
4.922,80
4.916,89
4.922,90
4.959,88
4.993,94
4.990,99
4.983,92
4.965,89
4.907,82
4.910,88
4.916,84
4.951,72
5.405,92
5.446,108
5.443,107
5.341,94
5.325,96
5.333,98
5.362,99
5.295,95
5.092,85
4.910,88
4.860,92
4.870,100
4.845,94
4.849,95
4.841,93
4.849,95
4.898,95
4.878,96
4.891,99
4.919,94
4.972,95
5.058,98
5.158,98
5.222,101
5.172,108
5.119,107
5.176,109
5.200,102
5.125,91
5.079,82
5.096,86
5.095,95
5.125,102
5.158,98
5.119,90
5.092,85
5.125,91
5.144,90
5.125,91
5.125,96
5.088,89
5.120,95
5.112,93
5.175,91
5.150,91
5.082,88
5.119,90
5.120,95
5.122,101
5.051,87
5.069,80
5.038,84
5.158,98
5.125,102
5.158,98
5.220,95
5.137,93
5.041,94
4.952,96
4.911,98
4.909,92
4.878,91
4.968,94
5.008,92
5.037,93
5.041,94
5.075,91
5.108,98
5.050,96
5.088,89
5.095,95
5.108,98
5.129,97
5.108,98
5.104,97
5.158,98
5.095,95
5.083,104
5.010,98
4.965,99
4.958,92
4.993,94
5.044,90
5.046,86
5.088,84
5.026,73
5.017,66
4.942,57
4.942,56
5.126,73
5.051,73
5.096,86
5.031,92
5.058,98
5.054,97
5.067,100
5.091,94
5.087,93
5.081,92
5.076,87
5.125,91
5.138,89
5.175,91
5.213,89
5.231,92
5.238,89
5.266,94
5.326,87
5.338,89
5.257,88
5.134,83
4.975,81
5.031,92
5.019,90
5.171,86
5.287,93
5.237,93
5.225,96
5.183,98
5.175,91
5.213,99
5.181,92
5.157,88
5.182,88
5.320,95
5.341,94
6.829,92
5.437,89
5.365,94
5.356,88
5.478,97
6.416,107
5.635,105
5.444,95
5.399,96
5.462,99
5.471,101
5.424,102
5.416,100
5.407,98
5.389,106
5.357,98
5.295,95
5.275,91
5.313,89
5.428,103
5.446,101
5.482,104
5.466,100
5.317,100
5.145,95
5.179,103
5.063,89
5.125,91
5.275,91
5.436,93
5.486,93
5.380,92
5.365,94
5.287,93
5.251,87
5.221,86
5.271,86
5.296,86
5.374,91
5.394,95
5.407,98
5.380,92
5.399,96
5.357,98
5.403,103
5.412,99
5.344,95
5.313,99
5.279,97
5.272,101
5.288,99
5.267,100
5.275,102
5.286,105
5.244,107
5.247,101
5.147,70
5.243,67
5.256,76
5.254,75
5.325,91
5.325,102
5.183,98
7.044,95
7.027,74
7.063,79
6.998,91
7.002,97
6.962,79
7.007,78
7.053,97
5.424,102
5.342,100
5.225,91
5.256,92
5.266,94
5.262,93
5.266,94
5.279,97
5.250,91
5.212,93
5.250,91
5.269,90
5.237,93
5.266,94
5.250,96
5.287,93
5.250,91
5.226,87
5.325,96
5.449,102
5.449,102
7.066,100
7.037,89
7.033,83
7.043,68
7.024,72
0.735,59
0.637,67
0.644,72
0.616,70
0.708,79
0.688,80
0.693,81
0.703,78
0.676,77
0.669,72
0.661,65
0.689,69
0.695,73
0.670,73
0.688,80
0.732,84
0.819,91
0.827,98
0.825,92
0.770,87
0.711,63
0.686,64
0.712,67
0.717,71
0.700,76
0.725,76
0.719,72
0.695,73
0.653,78
0.698,75
0.651,77
0.650,76
0.700,76
0.675,76
0.670,73
0.641,70
0.647,74
0.645,73
0.669,72
0.664,69
0.639,69
0.661,65
0.611,66
0.616,70
0.636,65
0.613,68
0.636,64
0.662,67
0.637,67
0.641,70
0.667,71
0.636,65
0.613,68
0.637,67
0.611,66
0.617,71
0.644,72
0.614,69
0.612,67
0.613,68
0.617,71
0.612,67
0.613,68
0.589,69
0.642,71
0.620,73
0.567,71
0.616,70
0.597,74
0.623,75
0.572,74
0.623,75
0.595,73
0.620,73
0.620,73
0.617,71
0.617,71
0.591,70
0.591,70
0.619,72
0.573,75
0.589,69
0.611,65
0.614,69
0.567,71
0.589,69
0.570,73
0.567,71
0.592,71
0.616,70
0.619,72
0.639,69
0.614,69
0.592,71
0.617,71
0.620,73
0.569,72
0.572,74
0.576,77
0.573,75
0.601,77
0.550,76
0.573,75
0.600,76
0.578,78
0.569,72
0.576,77
0.576,77
0.573,75
0.575,76
0.572,74
0.573,75
0.588,80
0.601,77
0.578,78
0.648,82
0.601,77
0.625,76
0.572,74
0.625,76
0.633,79
0.573,75
0.594,72
0.597,74
0.643,81
0.603,78
0.628,78
0.613,80
0.573,75
0.601,77
0.618,81
0.603,83
0.588,80
0.603,78
0.593,81
0.638,80
0.600,76
0.625,76
0.638,80
0.603,78
0.623,75
0.597,74
0.620,73
0.622,74
0.623,75
0.690,86
0.773,97
0.748,103
0.682,89
0.695,87
0.676,88
0.726,88
0.707,84
0.619,72
0.688,68
0.662,67
0.662,67
0.638,68
0.638,68
0.636,66
0.661,66
0.661,66
0.639,69
0.636,65
0.688,68
0.663,68
0.716,70
0.662,67
0.714,69
-99999999
0.644,72
0.670,73
0.675,76
0.693,81
0.713,80
0.673,75
0.691,70
0.720,73
0.714,69
0.663,68
0.691,70
0.716,70
0.722,74
0.669,72
0.701,77
0.733,79
0.738,80
0.738,80
0.713,80
0.738,80
0.733,79
0.728,78
0.698,82
0.701,77
0.733,79
0.748,82
0.728,83
0.757,84
0.733,79
0.708,79
0.743,81
0.733,79
0.720,73
0.697,74
0.711,65
0.736,65
0.761,61
0.760,59
0.735,58
0.785,53
0.785,56
0.760,57
0.760,56
0.785,57
0.637,67
0.826,77
0.788,80
5.505,92
5.528,103
5.553,97
5.499,96
5.449,91
5.494,95
5.474,91
5.474,91
5.490,94
5.468,90
5.481,88
5.506,88
5.499,96
5.474,102
5.322,101
5.301,109
5.305,110
5.284,111
5.301,109
5.238,112
5.259,111
5.233,104
5.251,109
5.301,109
5.263,112
5.305,110
7.299,102
8.665,78
5.556,77
5.668,90
5.483,83
5.494,95
5.519,95
5.535,105
5.540,94
1.523,86
1.721,94
1.620,65
1.619,57
1.646,61
1.646,64
1.648,68
1.671,66
1.645,57
1.440,52
0.758,44
0.709,52
0.711,63
0.767,71
0.823,75
0.769,72
0.801,77
0.776,77
0.828,78
0.843,81
0.818,81
0.861,85
0.808,79
0.825,76
0.828,78
0.833,79
0.878,78
0.848,75
0.844,72
0.839,69
0.867,71
0.861,66
0.817,71
0.864,69
0.912,67
0.964,69
0.987,67
1.064,68
1.165,68
1.217,69
1.290,65
1.317,68
1.320,70
1.315,65
1.346,70
1.315,65
1.320,70
1.316,67
1.315,62
1.264,61
1.290,64
1.213,61
1.113,63
1.061,57
0.910,58
0.760,55
0.585,57
0.560,54
0.559,47
0.409,50
0.434,46
0.384,49
0.358,45
0.308,44
0.284,48
0.259,48
0.259,46
0.258,43
0.258,45
0.259,47
0.259,46
0.285,54
0.260,53
0.234,51
0.260,58
0.260,54
0.260,55
0.236,60
0.311,64
0.260,58
0.236,63
0.286,60
0.311,63
0.286,65
0.286,60
0.285,58
0.311,60
0.260,57
0.285,55
0.310,53
0.260,58
0.285,56
0.260,57
0.260,53
0.260,56
0.260,53
0.284,50
0.309,50
0.310,54
0.309,52
0.285,53
0.284,48
0.309,52
0.259,50
0.259,49
0.259,48
0.308,41
0.284,49
0.334,48
0.359,46
0.308,44
0.283,45
0.309,46
0.258,45
0.309,51
0.309,50
0.284,47
0.234,51
0.259,48
0.309,49
0.309,52
0.309,52
0.334,48
0.284,49
0.309,46
0.309,51
0.284,49
0.309,49
0.310,58
0.334,48
0.309,50
0.285,54
0.335,56
0.309,51
0.309,52
0.360,53
0.384,52
0.485,54
0.736,60
1.037,62
1.188,65
1.349,72
1.366,66
1.416,59
1.353,82
1.349,91
1.365,94
1.348,81
1.239,63
1.567,46
1.771,46
1.823,54
1.797,57
1.797,57
0.261,62
1.772,59
1.722,63
0.311,62
0.386,65
1.723,67
0.288,68
1.752,70
0.245,73
1.762,76
1.760,75
1.763,77
1.782,73
1.784,74
1.750,69
1.781,72
1.749,68
1.727,70
1.779,71
1.724,68
1.750,69
1.754,71
1.759,74
1.750,69
1.747,66
1.731,73
0.247,74
0.173,75
1.754,71
1.756,72
0.162,67
0.236,64
0.211,66
0.236,63
0.186,63
0.186,64
0.186,64
0.186,65
0.161,62
0.136,60
0.160,56
0.210,56
0.135,58
0.210,55
0.134,52
0.159,51
0.159,47
0.183,45
0.183,41
0.158,39
0.208,43
0.234,50
0.186,61
0.187,67
0.170,73
1.757,73
1.760,75
0.169,72
1.728,71
1.671,61
1.697,63
1.670,54
1.720,49
1.680,73
1.719,79
1.845,89
1.781,96
1.746,94
1.722,85
1.760,82
1.737,88
1.711,92
1.762,92
1.746,94
1.776,95
0.238,80
0.188,80
0.223,82
0.172,74
0.163,68
0.211,64
0.211,64
0.163,68
0.212,67
0.261,64
0.211,66
0.211,66
0.186,66
0.136,66
0.161,66
0.236,63
0.188,68
0.188,68
0.141,70
0.194,72
0.200,76
0.197,74
0.176,77
0.163,80
0.173,75
0.166,70
0.166,70
0.188,68
0.186,66
0.186,65
0.211,66
0.161,66
0.162,67
0.186,63
0.161,64
0.211,66
0.161,66
0.186,65
0.161,66
0.211,66
0.186,65
0.163,68
0.210,59
0.185,56
0.210,54
0.286,64
1.366,66
1.448,71
1.418,67
1.468,66
1.519,64
1.493,63
1.569,64
1.647,67
1.648,68
1.733,74
1.787,76
0.225,76
0.267,71
0.273,75
0.287,67
0.236,65
0.260,59
0.236,65
0.260,59
0.286,60
0.235,57
0.285,59
0.286,62
0.311,60
0.260,58
0.287,67
0.286,62
0.310,56
0.311,60
0.311,61
0.311,63
0.285,58
0.285,58
0.335,55
0.335,54
0.335,55
0.335,55
0.310,53
0.285,55
0.309,51
0.309,51
0.360,55
0.309,51
0.334,48
0.309,51
0.309,48
0.359,51
0.334,49
0.360,53
0.309,49
0.309,48
0.334,48
0.309,51
0.359,48
0.359,51
0.384,49
0.409,47
0.410,54
0.409,49
0.434,49
0.410,54
0.409,52
0.409,50
0.385,58
0.411,60
0.410,59
0.485,54
0.460,57
0.510,56
0.486,60
0.561,65
0.561,64
0.562,67
0.588,68
0.563,68
0.619,72
0.566,70
0.570,73
0.562,67
0.588,68
0.566,70
0.570,73
0.567,71
0.561,65
0.562,67
0.611,62
0.536,64
0.511,62
0.535,59
0.560,59
0.561,60
0.561,65
0.636,61
1.442,63
1.468,64
1.290,63
1.014,69
0.841,70
0.826,77
0.861,85
0.757,84
0.758,79
0.717,71
0.664,69
0.637,67
0.639,69
0.586,60
0.561,62
0.538,68
0.511,65
0.512,67
0.511,63
0.486,65
0.512,67
0.513,68
0.486,66
0.487,67
0.511,66
0.538,68
0.487,67
0.566,70
0.537,67
0.564,69
0.516,70
0.544,72
0.594,72
0.520,73
0.537,67
0.542,71
0.569,72
0.594,72
0.566,70
0.570,73
0.572,74
0.569,72
0.612,67
0.564,69
0.613,68
0.616,70
0.613,68
0.591,70
0.620,73
0.633,79
0.723,82
0.820,87
0.820,87
0.965,86
1.064,90
1.077,77
1.223,73
1.355,76
1.451,73
1.524,70
1.550,71
1.569,66
1.555,74
1.552,72
1.546,68
1.545,67
1.547,69
1.519,64
1.492,53
1.491,50
1.414,40
1.388,40
1.312,40
1.364,48
0.910,58
1.428,74
1.534,77
1.632,75
1.587,78
1.561,83
1.536,78
1.559,77
1.483,77
1.480,75
1.458,77
1.400,72
1.426,73
1.369,69
1.350,73
1.377,74
1.406,76
1.423,71
1.479,74
1.505,75
1.473,70
1.473,70
1.473,70
1.471,69
1.521,68
1.445,69
1.470,68
1.477,73
1.444,68
1.450,72
1.502,73
1.556,75
1.599,86
1.660,92
1.727,108
1.784,116
1.750,114
1.614,105
1.519,113
0.594,96
0.542,71
6.904,76
4.838,83
1.640,105
5.105,110
1.146,102
1.132,105
1.283,111
0.805,105
0.670,109
0.702,104
0.688,90
0.608,38
0.611,35
0.661,35
0.608,38
0.583,41
0.608,39
0.608,45
0.709,51
1.263,57
1.620,64
1.722,66
1.757,73
1.788,77
1.788,77
1.759,74
1.807,73
1.779,71
1.782,73
1.774,67
1.775,68
1.778,70
1.754,71
1.800,68
1.773,66
1.750,69
1.723,67
1.752,70
1.781,72
1.775,68
1.774,67
1.806,72
1.775,68
1.803,70
1.749,68
1.775,68
1.773,64
1.778,70
1.754,71
1.785,75
1.775,68
1.779,71
1.803,70
1.762,76
1.832,72
1.830,71
1.810,75
1.830,71
1.852,69
1.887,75
1.854,70
1.860,74
1.911,74
1.883,72
1.832,72
1.905,70
1.875,66
1.881,71
1.824,63
1.798,64
1.773,60
1.721,58
1.670,58
1.619,56
1.594,59
1.620,63
1.595,63
1.722,63
1.824,66
1.903,69
1.979,69
2.054,66
2.135,69
2.210,65
2.217,71
2.242,70
2.237,66
2.243,71
2.242,70
2.271,72
2.304,88
2.384,98
2.349,96
2.293,86
2.280,78
0.776,77
0.667,71
0.717,71
0.717,71
0.722,74
0.769,72
0.790,86
0.765,86
0.769,72
0.766,70
0.773,75
0.801,77
0.772,74
0.833,79
2.228,78
2.243,71
2.242,70
2.239,68
2.158,66
1.925,60
1.492,58
1.492,57
1.389,49
1.365,56
1.365,55
1.390,59
1.340,53
1.391,60
1.365,57
1.340,57
1.365,55
1.415,52
1.416,59
1.358,78
1.229,92
1.154,98
0.998,103
1.032,99
0.957,84
0.866,70
0.919,72
0.900,76
0.869,72
0.870,73
0.919,72
0.886,66
0.947,74
1.000,92
1.083,99
1.027,98
2.343,80
2.462,78
1.115,90
1.108,93
1.052,88
1.039,80
0.972,74
1.025,76
1.026,77
0.972,74
0.997,74
1.001,77
1.022,74
1.105,83
1.135,79
2.202,78
2.357,77
0.614,69
2.396,69
2.316,67
2.318,69
2.289,65
2.317,68
2.303,76
2.251,76
2.069,76
1.531,75
1.372,71
1.353,75
1.323,72
1.343,68
1.320,70
1.272,72
1.280,77
1.330,77
1.332,78
1.304,76
1.332,78
1.298,72
1.295,70
1.318,69
1.267,69
1.272,72
1.248,73
1.297,81
1.293,69
1.239,64
1.239,62
1.263,59
1.213,62
1.212,59
1.263,59
1.239,63
1.264,64
1.213,62
1.239,62
1.239,62
1.162,59
1.062,66
1.014,69
0.826,88
0.648,103
0.502,104
0.439,95
0.390,86
0.397,74
0.311,64
0.337,67
0.316,70
0.294,72
0.264,69
0.266,70
0.245,73
0.220,73
0.219,72
0.198,75
0.195,73
0.191,70
0.219,72
0.197,74
0.173,75
0.173,75
0.175,76
0.175,76
0.220,73
0.219,72
0.173,75
0.172,74
0.219,72
0.198,75
0.225,76
0.194,72
0.170,73
0.219,72
0.164,69
0.188,68
0.214,69
0.167,71
0.186,65
0.161,66
0.161,66
0.163,68
0.187,67
0.212,67
0.167,71
0.161,65
0.161,64
0.161,62
0.161,65
0.162,67
0.186,65
0.189,69
0.214,69
0.186,64
0.187,67
0.212,67
0.217,71
0.192,71
0.167,71
0.138,68
0.162,67
0.162,67
0.187,67
0.161,65
0.187,67
0.212,67
0.188,68
0.136,65
0.186,65
0.188,68
0.186,65
0.189,69
0.163,68
0.187,67
0.186,66
0.212,67
0.161,64
0.186,65
0.186,64
0.213,68
0.917,71
1.304,76
1.355,76
1.407,77
1.434,78
1.434,78
1.431,76
1.380,76
1.401,73
1.401,73
1.377,74
1.400,72
1.423,71
1.395,69
1.417,66
1.397,70
1.375,73
1.369,69
1.344,69
1.366,66
1.374,72
1.367,67
1.341,65
1.344,69
1.346,70
1.316,67
1.295,70
1.292,68
1.266,68
1.241,68
1.265,67
1.214,67
1.217,69
1.226,75
1.163,66
1.165,68
1.122,73
1.156,78
1.172,73
1.185,79
1.130,78
1.130,78
1.140,80
1.135,79
1.110,79
1.125,82
1.094,81
1.138,85
1.110,79
1.089,80
1.134,84
1.140,80
1.125,82
1.160,84
1.160,84
1.120,81
1.125,82
1.140,80
1.105,78
1.115,80
1.140,80
1.161,79
1.135,79
1.127,76
1.178,77
1.124,74
1.145,81
1.130,78
1.079,78
1.103,77
1.145,81
1.115,80
1.130,78
1.105,78
1.145,81
1.084,79
1.145,81
1.135,79
1.105,78
1.115,80
1.145,81
1.110,79
1.130,78
1.135,79
1.128,77
1.122,73
1.149,74
1.127,76
1.124,74
1.140,68
1.171,72
1.143,70
1.168,70
1.113,64
1.163,61
1.113,63
1.114,67
1.065,69
1.171,72
1.110,79
1.113,85
1.260,89
1.146,91
4.269,98
1.169,108
1.247,115
1.181,111
1.245,108
1.191,107
1.146,102
1.189,113
1.214,113
1.162,106
1.220,108
1.306,117
1.218,114
1.185,112
1.202,110
1.208,105
1.162,106
1.162,106
1.146,102
1.154,104
1.065,95
0.973,75
1.011,62
0.963,68
1.019,72
1.017,71
1.020,73
0.992,71
0.975,76
1.022,74
1.028,78
1.013,80
0.973,75
0.976,77
0.998,82
0.998,75
0.993,81
0.973,75
0.976,77
0.976,77
0.973,75
0.916,70
0.951,77
0.950,76
0.958,79
0.889,69
0.923,75
0.922,74
0.928,78
0.994,91
1.036,94
0.989,95
1.025,92
1.000,92
1.049,97
1.027,98
1.037,100
1.042,101
1.011,100
1.049,103
0.998,103
1.006,93
1.001,88
1.107,105
1.109,112
1.053,104
1.111,106
1.053,104
1.056,105
1.034,106
1.124,116
1.040,114
1.087,113
1.077,117
1.020,109
1.028,111
1.034,106
1.032,112
1.007,99
0.882,89
0.945,87
0.828,83
0.922,74
0.933,79
0.826,77
0.883,79
0.803,83
0.761,85
0.915,86
0.848,82
0.822,74
0.819,72
2.943,95
0.735,94
0.719,102
0.807,99
0.764,95
0.745,87
0.710,94
0.750,92
0.735,94
0.732,89
0.794,91
0.714,95
0.732,89
0.714,95
0.744,91
0.775,92
0.725,92
0.644,91
0.756,93
0.707,89
0.707,89
0.714,95
0.726,88
0.663,90
0.738,90
0.770,87
0.803,83
0.790,86
0.878,78
0.778,78
0.778,78
0.833,79
0.818,81
0.848,82
0.876,77
0.833,79
0.822,74
0.861,66
0.860,55
0.859,48
0.734,48
0.859,50
0.759,51
0.810,54
0.835,55
0.811,61
0.895,73
0.876,77
0.726,77
0.932,84
0.836,85
0.873,82
0.770,87
0.826,88
0.838,90
0.761,85
0.698,82
0.693,81
0.718,81
0.650,76
0.623,75
0.675,76
0.625,76
0.653,78
0.663,80
0.583,79
0.603,78
0.576,77
0.569,72
0.548,75
0.569,72
0.520,73
0.567,71
0.536,64
0.511,64
0.511,60
0.536,63
0.511,60
0.510,58
0.485,59
0.510,57
0.511,60
0.510,58
0.461,60
0.510,58
0.510,58
0.510,59
0.510,56
0.510,58
0.511,60
0.435,58
0.485,57
0.510,55
0.460,55
0.435,55
0.435,57
0.435,59
0.410,54
0.460,55
0.460,56
0.460,55
0.460,59
0.410,58
0.460,57
0.410,55
0.410,55
0.410,53
0.385,56
0.460,56
0.435,59
0.460,53
0.409,51
0.410,57
0.410,55
0.460,57
0.410,56
0.435,59
0.410,55
0.460,58
0.411,64
0.410,56
0.410,58
0.460,59
0.435,56
0.436,60
0.510,58
0.436,62
0.511,61
0.486,63
0.537,67
0.536,66
0.541,70
0.567,71
0.569,72
0.616,70
0.592,71
0.570,73
0.628,78
0.615,86
0.725,92
0.736,100
0.727,98
0.711,100
0.727,104
0.741,101
0.736,100
0.719,96
0.669,91
0.626,88
0.557,84
0.588,80
0.519,72
0.494,72
0.513,68
0.511,66
0.535,59
0.561,63
0.561,60
0.535,59
0.611,62
0.561,62
0.562,67
0.511,64
0.562,67
0.566,70
0.514,69
0.547,74
0.516,70
0.519,72
0.520,73
0.517,71
0.566,70
0.569,72
0.516,70
0.517,71
0.517,71
0.494,72
0.548,75
0.575,76
0.520,73
0.548,75
0.547,74
0.522,74
0.628,78
0.572,74
0.547,74
0.573,75
0.572,74
0.588,80
0.603,78
0.601,77
0.573,75
0.578,78
0.608,79
0.651,77
0.600,76
0.623,75
0.625,76
0.633,79
0.626,77
0.601,77
0.626,77
0.603,78
0.578,78
0.575,76
0.576,77
0.588,80
0.618,81
0.583,79
0.588,80
0.588,80
0.583,79
0.593,81
0.625,76
0.648,82
0.607,84
0.633,79
0.593,81
0.623,82
0.623,82
0.618,81
0.633,79
0.588,80
0.603,78
0.603,83
0.643,81
0.648,82
0.633,79
0.633,79
0.633,79
0.648,75
0.626,77
0.628,78
0.643,81
0.625,76
0.622,74
0.658,79
0.628,78
0.628,78
0.626,77
0.622,74
0.625,76
0.600,76
0.625,76
0.650,76
0.625,76
0.626,77
0.622,74
0.672,74
0.625,76
0.625,76
0.647,74
0.622,74
0.620,73
0.625,76
0.644,72
0.625,76
0.639,69
0.664,69
0.620,73
0.664,69
0.666,70
0.667,71
0.641,70
0.620,73
0.666,70
0.647,74
0.670,73
0.669,72
0.672,74
0.676,77
0.667,71
0.672,74
0.722,74
0.720,73
0.669,72
0.719,72
0.672,74
0.717,71
0.767,71
0.751,77
0.769,72
0.776,77
0.758,79
0.788,80
0.757,84
0.765,86
0.768,81
0.761,85
0.793,81
0.763,80
0.798,82
0.826,77
0.825,76
0.820,73
0.844,72
0.862,67
0.811,65
0.810,58
0.811,66
0.861,85
0.841,70
0.869,72
0.825,76
0.844,72
0.833,79
0.901,77
0.895,73
0.870,73
0.850,76
0.873,75
0.875,76
0.898,75
0.893,81
0.908,79
0.873,75
0.875,76
0.876,77
0.897,74
0.868,81
0.883,79
0.898,82
0.898,82
0.895,87
0.920,87
0.926,88
0.932,89
0.920,87
0.907,84
0.893,81
0.893,81
0.873,75
0.836,63
0.825,76
0.935,94
1.075,110
1.177,110
1.257,111
1.122,109
1.009,106
4.546,89
4.616,78
4.949,71
5.004,74
5.029,82
5.024,81
5.026,96
4.467,98
4.135,101
4.045,92
4.045,92
4.064,91
4.107,90
4.243,92
4.224,93
4.294,98
4.302,94
4.315,97
4.286,91
4.324,99
4.324,99
4.347,93
4.262,87
4.142,82
4.071,88
4.015,96
4.036,101
4.043,103
4.039,102
4.107,107
4.220,104
4.269,98
4.301,106
4.319,104
4.315,97
4.319,104
4.290,97
4.290,97
4.265,97
4.252,94
4.269,98
4.212,91
4.303,100
4.290,97
4.360,102
4.328,100
4.402,100
4.545,93
4.796,85
4.320,83
4.256,95
4.290,103
4.241,103
4.297,105
4.283,101
4.278,100
4.261,96
4.306,95
4.311,96
4.389,97
4.447,99
4.476,100
4.431,101
4.385,102
4.368,98
4.308,101
4.332,101
4.308,101
4.324,99
4.311,96
4.368,98
4.400,106
4.544,105
4.611,103
4.766,105
4.763,104
4.646,106
4.673,100
4.546,99
4.530,101
4.459,102
4.474,106
4.456,101
4.434,102
4.451,100
4.442,98
4.417,98
4.438,97
4.442,98
4.417,98
4.409,91
4.463,97
4.417,98
4.413,97
4.451,100
4.491,98
4.422,99
4.413,97
4.438,97
4.459,102
4.434,102
4.393,98
4.431,101
4.438,103
4.483,102
4.516,98
4.499,94
4.491,98
4.548,106
4.548,106
4.635,103
4.724,107
4.798,107
4.555,108
4.406,101
4.311,102
4.273,93
4.256,95
4.234,101
4.216,97
4.220,98
4.252,94
4.224,93
4.252,94
4.243,92
4.277,94
4.283,101
4.274,99
4.261,96
4.252,94
4.237,96
4.200,99
4.237,102
4.274,99
4.290,103
4.272,105
4.234,101
4.241,103
4.195,104
4.200,99
4.187,91
4.199,93
4.243,92
4.216,97
4.256,95
4.252,94
4.265,97
4.281,95
4.283,101
4.294,98
4.332,101
4.339,103
4.319,98
4.324,99
4.328,100
4.328,100
4.360,102
4.339,103
4.360,102
4.364,103
4.348,99
4.335,96
4.328,100
4.364,97
4.302,94
4.261,96
4.220,98
4.195,98
4.167,97
4.117,97
4.171,98
4.163,102
4.153,106
4.195,104
4.121,98
4.003,89
3.936,95
4.019,97
4.019,97
4.086,101
4.146,104
4.107,107
4.128,106
4.105,100
4.068,97
4.089,102
4.121,98
4.126,99
4.128,106
4.157,107
4.047,104
3.960,95
3.965,96
4.045,92
4.055,94
4.135,101
4.149,105
4.072,98
4.061,101
4.072,98
4.089,96
4.030,94
4.261,96
4.237,91
2.980,92
3.476,82
3.788,86
4.089,91
4.101,89
4.052,89
4.089,91
4.065,87
3.947,88
3.009,83
2.871,73
2.862,67
2.862,67
2.863,68
2.874,75
2.871,73
2.896,72
2.847,74
2.850,76
2.897,73
3.151,102
3.053,109
3.078,87
4.065,73
4.193,92
4.303,100
3.924,98
4.045,92
4.006,94
3.941,102
3.959,107
3.910,107
3.913,108
3.933,100
3.861,95
3.866,91
3.837,95
3.744,96
3.732,99
3.657,93
3.562,94
3.566,95
3.522,96
3.538,100
3.550,97
3.526,97
3.546,96
3.562,94
3.615,95
3.572,87
3.562,94
3.562,94
3.513,94
3.546,91
3.546,91
3.590,90
3.565,90
3.529,88
3.534,84
3.572,87
3.572,87
3.616,86
3.784,94
3.911,95
4.002,93
4.120,88
4.179,85
4.784,97
5.125,102
5.083,104
5.122,101
5.097,101
5.108,98
5.119,90
5.188,99
5.131,92
5.090,106
5.052,109
5.068,113
5.105,110
5.140,106
3.476,103
3.362,99
3.381,98
3.415,100
3.418,95
3.312,84
3.337,89
3.306,88
3.311,93
3.337,89
3.330,92
3.368,95
3.484,93
3.700,92
3.437,79
3.348,81
3.343,80
3.366,85
3.374,87
3.343,80
3.303,82
3.312,84
3.333,83
3.341,85
3.333,83
3.337,84
3.325,87
3.316,85
3.303,82
3.510,84
3.792,91
3.842,91
3.793,87
3.823,92
3.775,88
3.775,88
3.833,94
3.785,100
3.790,101
3.810,100
3.806,99
3.781,99
3.817,96
3.769,96
3.633,89
3.701,88
3.756,93
3.797,97
3.773,97
3.788,95
3.788,95
3.804,93
3.792,91
3.750,92
3.756,93
3.756,93
3.781,99
3.748,103
3.732,99
3.739,95
3.706,93
3.736,100
3.683,99
3.748,103
3.716,101
3.732,99
3.702,98
3.690,95
3.723,103
3.658,89
3.668,71
3.785,67
3.867,87
3.808,94
3.613,85
2.323,72
2.184,64
2.237,63
2.184,65
2.184,63
2.184,65
2.184,63
2.132,60
2.132,64
2.184,63
2.184,62
2.159,67
2.210,62
2.186,68
2.132,66
2.184,65
2.184,65
2.212,67
2.184,66
2.214,69
2.188,69
2.186,68
2.185,67
2.245,72
2.216,70
2.214,69
2.237,66
2.238,67
2.212,67
2.243,71
2.196,74
2.193,72
2.240,69
2.193,72
2.238,67
2.210,66
2.237,66
2.185,67
2.186,68
2.212,67
2.409,77
3.237,93
3.343,90
2.210,66
2.184,66
2.184,64
2.185,67
2.158,63
3.665,95
3.615,95
3.382,83
2.242,70
2.184,62
2.185,67
2.158,63
2.184,64
2.164,70
2.394,67
3.006,76
3.109,77
3.160,78
3.204,82
3.190,79
3.185,78
3.224,81
3.269,80
3.264,79
3.318,80
3.407,83
3.392,90
3.473,87
3.518,86
3.590,90
3.639,90
3.664,90
3.613,85
3.407,78
3.317,67
3.366,62
3.467,69
3.574,74
3.565,80
3.572,87
3.584,89
3.612,94
3.563,85
3.559,84
3.585,79
3.529,77
3.519,70
3.481,78
3.491,80
3.379,76
3.283,78
3.214,79
3.405,77
3.600,82
3.567,86
3.596,91
3.553,88
3.572,87
3.578,88
3.572,87
3.588,85
3.609,84
3.676,76
3.562,57
3.560,44
3.322,28
25.316,46
25.516,48
25.468,64
25.296,69
25.333,77
25.001,81
25.055,82
25.385,78
26.322,71
26.100,72
26.194,69
26.324,72
3.665,24
3.560,39
3.611,51
3.661,56
3.588,65
3.563,65
3.519,70
3.529,77
3.555,78
3.501,75
3.526,75
3.526,75
3.500,74
3.503,76
3.522,72
3.501,75
3.543,70
3.544,71
3.565,68
3.563,64
3.613,66
3.563,63
3.563,62
3.537,59
3.513,59
3.514,62
3.516,68
3.515,67
3.519,70
3.489,66
3.491,68
3.519,70
3.514,66
3.473,73
3.475,74
3.472,72
3.501,75
3.467,69
3.450,74
3.448,73
3.421,71
3.429,76
3.424,73
3.415,63
3.439,58
3.438,46
3.347,19
15.489,42
15.441,59
15.419,68
15.397,70
15.359,78
15.343,67
15.366,59
15.341,55
15.239,38
22.623,64
22.740,78
23.101,86
23.164,83
22.890,78
22.759,74
22.687,76
22.784,74
23.271,59
23.145,46
22.847,59
23.022,61
13.322,51
13.360,75
14.470,85
14.493,47
23.203,71
23.119,79
22.995,79
23.297,85
23.031,73
22.875,80
22.775,32
22.745,41
22.704,71
22.774,67
22.672,56







15.691,62
15.763,45

22.723,65
22.724,67
22.656,72
22.623,66
22.628,70
15.420,69
15.467,85
15.496,86
15.501,87
15.474,81
15.389,44
22.598,61
22.621,37






















22.271,45
22.323,59
22.423,60
22.451,69
22.431,72
22.449,67
22.521,50
23.053,71
22.976,69
14.873,30
14.841,41
14.957,76
14.958,77
14.993,65
14.942,55
14.916,40
14.996,31
15.117,66
15.182,77
15.242,65
15.140,51
23.047,62
23.045,50
22.982,73
22.763,77
22.745,79
22.734,74
22.731,72
23.078,71
23.172,63
22.848,62
22.900,68
23.222,63
23.172,63
23.120,50















25.217,22

15.597,19
15.565,58
15.542,67
15.540,54


22.648,35
22.622,54
22.672,56
22.672,56
22.697,58
22.598,63
22.572,59
22.603,70
22.684,74
22.703,70
22.615,83
22.619,84
22.550,80
22.637,76
22.624,67
22.573,60
22.547,56
22.574,67
22.548,60
22.547,56
22.546,52
22.472,56
22.471,51
22.585,75
22.598,66









24.919,35

26.099,27
25.042,59
25.794,67
26.067,64
25.418,66
25.265,79
25.664,84
26.073,71
26.216,61
26.126,73
25.004,74
24.974,70
24.947,69
24.971,68
25.018,62
25.718,64
26.067,65
25.920,68
25.894,67
25.902,73
25.733,77
25.580,75
25.305,75
25.355,75
25.180,75
25.232,76
25.682,76
25.695,80
25.382,76
24.977,72
25.107,76
25.176,72
25.130,75
26.215,56
















20.948,41
20.950,53
20.950,56
20.901,62
20.974,52








24.918,36

26.067,63
26.216,65
26.341,62
26.240,58
26.165,58
26.315,56
26.440,58
26.440,58
26.515,54
26.488,40









22.650,32
22.523,61




22.645,41
22.298,56
22.349,64
22.377,69
22.401,68
22.399,65
22.423,63
22.421,46
22.973,66
22.465,83
22.460,82
22.316,83
22.385,74
22.873,65
22.832,73
22.969,84
22.978,70
22.798,35
22.648,62
22.698,65
22.897,58
15.392,63
15.459,78
15.484,83
15.482,77
15.442,62
15.490,51
22.798,63
23.046,55
23.220,47
23.123,34
22.922,54
22.972,59
22.947,59
22.971,47
22.998,63
23.021,59
23.045,47














24.917,48
25.018,62
24.928,73
24.921,68
24.918,55
24.967,50
24.969,66
24.969,64
25.018,61
25.077,73
25.019,67
25.043,63
24.969,64
24.944,66
25.016,52



23.935,76
23.908,82
23.836,77
23.833,82
23.880,73
23.886,77
23.867,84
23.975,86
23.888,83
24.141,89
24.587,78
24.817,79
24.531,74
24.431,74
24.859,76
24.582,75
24.602,81
24.587,83
24.632,82
24.930,74
24.927,72
25.045,80
25.449,71
25.479,74
23.456,87
23.381,73
23.555,72
23.713,83
23.374,80
23.564,83
23.599,68
23.705,73
23.747,67
23.470,48
23.475,69
23.528,71
23.537,77
23.686,77
23.713,78
23.782,74
23.776,70
23.752,71
23.757,74
23.813,83
25.093,85
25.268,65
25.545,68
25.385,78
25.295,80
24.852,81
24.848,69
24.320,64
24.270,63
24.710,77
25.218,85
24.299,86
24.329,73
24.252,81
24.310,77
24.207,75
24.292,79
24.191,84
24.267,79
24.084,76
24.082,75
24.237,78
24.292,79
24.392,79
24.435,77
24.352,81
24.527,81
24.327,81
24.252,81
24.352,81
24.407,82
24.297,80
24.232,82
24.217,79
24.282,82
24.287,78
24.307,82
24.374,86
24.387,78
24.385,77
24.217,79
24.207,75
24.228,72
24.232,75
24.157,82
24.270,85
24.497,80
24.592,79
24.384,76
24.307,82
24.287,78
24.512,83
24.572,80
24.634,76
24.882,82
25.132,76
25.574,71
25.423,70
25.679,74
24.847,80
24.956,82
26.240,59
26.066,59




20.763,75
20.777,67
20.856,70
20.725,58

20.873,40
20.838,75
20.841,88
20.987,74
20.938,75
20.893,78
20.876,85
20.883,81
21.043,83
21.051,85
20.997,89
21.010,87
21.016,88
21.048,79
21.115,76
21.066,77
21.032,71
20.962,74
21.050,56



22.950,16
23.120,49
23.070,50

















21.008,27
20.849,52
20.850,56
20.890,76
20.943,83
20.922,84
20.888,75
20.903,80
20.910,73
20.854,69
20.813,82
20.849,48
20.815,76
20.791,77
20.924,48
20.878,68
20.855,86
20.834,91
20.759,91
20.797,89
20.863,82
20.876,64
20.725,55
20.676,64
20.675,55
20.723,43
20.676,60
20.725,56






















26.117,35
26.163,38
26.165,36
26.116,54
24.773,69
24.879,73
24.892,79
24.983,76
25.282,76
25.504,74
25.001,81
24.853,91
24.899,86
23.717,84
23.381,87
23.286,76
23.333,74
23.580,91
23.318,84
23.401,86
23.527,70
23.494,79
23.467,93
23.334,75
23.377,70
23.399,80
23.454,81
23.418,84
23.394,79
23.494,79
23.574,90
23.606,87
23.614,83
23.562,77
23.549,80
23.489,78
23.449,80
23.487,88
23.468,89
23.514,83
23.474,80
23.484,82
23.530,91
23.389,78
23.524,90
23.444,79
23.431,73
23.459,82
23.434,75
23.468,84
23.464,83
23.405,72
23.447,60
23.425,69
23.469,45

23.422,65
23.420,49
23.468,84
23.611,92
23.322,85
23.359,97
24.482,82
23.268,84
24.331,74
24.092,79
24.137,78
24.277,81
24.434,76
24.642,79
24.735,77
24.448,69
24.398,69
24.270,66
24.348,69





23.269,41
23.271,55
23.346,57
23.322,62
23.347,65
23.349,68
23.327,70
23.305,72
23.355,72
23.327,70
23.372,61
23.349,68
23.322,65
23.327,70
23.294,43
23.297,64
23.375,69
23.327,70
23.327,70
23.354,81
23.286,76
23.331,73
23.278,71
23.230,72
24.487,78
23.414,83
23.511,76
23.529,81
23.549,80
23.512,88
23.337,77
23.334,82
23.336,92
23.321,94
23.437,88
23.367,93
23.330,91
23.306,87
23.459,82
23.434,75
23.422,61
23.425,69
23.330,72
23.324,68
23.321,57
23.073,23


20.850,54
20.801,66
20.785,73
20.688,75
20.653,80
20.638,82
20.668,83
20.688,75
20.726,66
20.773,79
20.763,82
20.778,80
20.751,61
20.824,47
20.825,55
20.723,45
20.825,59
20.881,70
20.818,83
20.753,80
20.741,77
20.751,61
20.748,43


















23.745,36
23.722,67
23.746,66
23.797,67
23.769,37
23.820,57
23.810,76
23.721,65
23.727,71
23.811,77
23.871,63
23.671,66
23.728,81
23.775,86
23.754,91
21.600,100
21.454,86
25.027,73
23.746,85
23.930,73
23.933,82
24.462,83
24.874,86
24.930,74
25.077,73
25.493,63
25.318,65
25.193,64
25.168,62
25.143,62
25.024,71
25.377,87
25.155,82
24.934,77
24.402,81
20.884,96
20.934,102
25.025,81
20.988,97
24.366,89
24.487,78
24.662,78
25.876,72
24.020,85
21.671,99
21.575,85
21.690,88
23.798,90
23.727,71
23.723,68
23.671,66
23.746,66
23.761,77
23.735,76
23.747,67
22.225,67
22.321,79
22.399,85
23.767,89
23.721,85
23.732,74
23.746,64
23.746,63
24.820,66
24.943,54
24.993,53
24.968,59
24.992,50
25.068,66
24.609,76
24.384,76
23.212,88
24.429,87
23.311,92
24.607,82
24.467,79
24.266,84
24.247,80
24.402,81
23.629,81
23.569,79
23.486,76
23.537,77
23.628,71
23.721,64
23.602,70
23.483,74
23.529,81
23.574,80
23.512,77
23.518,84
23.554,81
23.544,79
23.529,81
23.555,72
23.732,74
23.583,74
23.536,76
23.730,87
24.707,82
24.462,83
24.552,81
23.626,86
20.892,98
13.771,64
13.836,77
13.773,80
13.736,92
13.730,102
13.752,108
13.741,105
13.735,110
13.772,113
13.725,114
13.727,108
13.678,101
13.647,94
13.594,84
13.660,103
13.695,106
13.642,105
13.681,102
13.763,104
13.780,102
13.806,109
13.799,107
13.767,93
13.756,109
13.724,107
13.664,98
13.685,97
13.718,99
13.685,97
13.635,97
13.635,97
13.652,86
13.651,69
24.425,70
24.445,60
24.571,67
13.622,57
13.755,73
13.694,47
22.923,85
14.200,25
14.169,59
14.185,77
14.202,81
14.249,86
14.241,84
14.134,92
13.891,93
13.837,98
13.937,98
14.075,101
14.136,104
14.189,105
14.195,100
14.186,104
14.200,101
14.258,110
14.214,105
14.193,106
14.175,101
14.199,86
14.203,72
14.209,76
14.185,88
14.182,103
14.089,105
14.111,98
14.157,103
14.239,105
14.239,105
14.043,106
14.012,104
13.917,99
13.763,98
13.678,108
13.656,102
13.665,111
13.691,105
13.667,105
13.635,103
13.689,98
13.721,94
13.685,103
13.710,110
13.695,106
13.689,104
13.660,97
13.691,105
13.675,107
13.685,103
13.697,113
13.689,111
13.695,106
13.963,111
13.833,103
13.926,101
13.985,92
14.116,99
16.487,94
14.252,115
14.197,107
14.028,102
13.967,99
14.004,96
14.021,100
14.125,101
14.136,104
11.402,119
11.375,112
11.322,111
14.100,108
14.116,112
14.150,108
14.125,101
14.247,107
14.322,107
14.232,103
14.222,107
14.222,107
14.193,106
14.229,109
14.218,106
14.195,100
14.203,102
14.172,107
14.193,106
14.204,109
14.216,112
14.220,113
14.216,112
14.235,117
14.210,117
14.227,115
14.172,107
14.225,108
14.187,111
14.186,98
14.269,94
14.216,112
14.077,115
14.029,109
14.062,111
14.039,105
14.058,110
14.077,115
14.082,103
14.128,96
14.154,109
11.371,111
11.288,102
11.387,128
11.293,110
11.387,128
14.050,108
14.104,109
14.050,101
14.053,96
14.050,108
14.033,110
13.750,95
13.550,107
13.550,107
13.511,110
13.482,109
13.511,110
13.500,107
13.498,100
13.464,98
13.643,93
13.604,71
20.329,69
20.291,77
24.395,63
24.470,66
24.129,73
24.159,76
24.126,71
24.079,73
24.792,79
24.435,77
25.218,63
25.617,53
25.643,60
25.645,68
24.969,64
25.018,65
13.349,35
13.420,40
13.450,33
25.624,71
13.423,63
13.537,92
13.523,100
13.540,111
13.550,107
13.546,106
13.575,90
13.596,47
13.529,71
13.562,76
13.574,67
13.720,59
13.619,89
13.755,96
14.004,96
14.058,110
14.050,108
14.047,107
14.223,114
14.070,100
14.082,103
13.842,99
16.550,103
14.173,114
14.012,104
13.987,104
13.962,104
13.994,106
13.991,93
14.012,98
14.028,91
14.111,104
14.058,110
14.013,111
14.043,106
14.041,112
14.050,108
14.048,114
14.048,114
14.112,111
14.185,117
14.181,116
14.193,119
14.108,110
13.998,107
14.001,108
14.001,108
11.155,113
11.264,122
14.012,104
14.162,111
14.314,105
11.358,114
11.396,111
14.202,115
14.189,105
14.150,108
14.160,88
14.084,92
14.097,90
14.078,96
14.065,93
14.053,96
14.057,97
14.028,91
13.948,90
13.992,89
13.979,91
13.948,90
13.999,95
13.935,92
13.995,94
14.066,99
14.086,98
14.078,102
14.036,98
14.086,104
14.070,113
14.091,112
14.066,112
14.093,106
14.089,105
14.057,97
14.145,100
14.093,106
14.157,103
14.116,99
14.043,106
14.062,111
14.106,116
11.243,123
11.189,122
11.235,121
11.103,119
11.055,113
11.304,126
11.239,122
11.206,120
11.178,119
11.189,122
11.060,108
11.145,117
13.934,110
13.788,104
13.542,105
13.542,105
13.573,100
13.560,97
13.600,80
13.699,69
13.807,74
13.722,67
11.028,45
10.955,54
10.917,74
10.990,87
11.080,100
11.135,101
13.501,95
13.432,87
13.394,84
13.463,77
13.698,68
13.921,85
11.122,111
11.076,112
11.091,116
11.095,117
11.095,117
13.958,103
13.892,112
13.858,103
13.951,101
13.983,103
14.017,99
11.218,123
11.237,128
14.104,109
11.167,97
11.180,113
11.335,121
14.037,111
13.951,108
14.019,106
14.045,113
14.047,107
13.983,103
13.976,101
13.991,93
13.991,93
13.937,98
13.920,94
13.974,95
14.050,101
14.025,108
14.079,109
12.078,120
11.830,80
11.945,83
11.906,95
11.944,104
11.936,91
11.886,91
11.877,94
11.911,96
11.936,102
11.936,96
12.086,109
12.136,122
12.230,127
14.291,112
14.233,110
14.193,106
14.178,102
14.175,101
14.141,99
12.024,112
12.028,120
11.974,99
11.902,94
11.852,94
11.903,100
11.919,98
11.886,96
11.868,88
12.011,102
12.134,115
12.135,102
14.045,85
13.983,82
14.015,105
13.944,106
13.883,103
12.020,111
12.167,117
13.848,107
13.802,108
13.827,108
13.923,107
13.869,106
13.883,103
13.908,103
13.883,103
13.915,105
13.998,107
13.976,101
14.009,110
13.998,107
14.058,110
11.793,117
11.970,124
11.843,117
11.931,114
11.914,116
11.995,124
12.165,110
12.135,102
12.085,102
12.110,102
12.068,104
12.150,106
12.135,102
12.330,114
12.215,110
12.125,106
12.125,106
12.094,111
12.104,107
12.082,101
12.104,107
12.089,103
12.143,104
12.342,117
12.338,116
12.332,101
14.103,96
14.100,108
14.089,105
14.085,88
14.237,83
11.844,98
12.064,103
12.146,105
12.139,97
12.089,97
12.144,111
12.194,111
12.184,115
12.115,110
12.250,106
12.143,98
12.243,104
12.154,107
6.963,49
6.993,69
6.992,80
6.998,91
6.949,87
7.053,103
7.071,101
7.061,93
7.068,90
6.998,96
6.986,84
7.082,104
7.132,104
-99999999
7.128,103
7.032,98
6.905,88
7.040,94
7.171,101
7.271,108
7.302,116
7.277,116
7.329,123
7.335,118
7.312,112
7.351,122
7.397,121
7.343,107
10.851,93
10.851,93
10.747,98
10.722,98
10.718,97
10.777,99
10.731,100
10.754,106
7.312,112
7.367,113
7.294,114
7.347,121
7.325,122
7.273,115
7.231,117
7.054,110
10.768,103
10.768,103
10.750,105
7.365,119
7.374,115
7.262,112
7.363,112
7.053,103
10.786,101
7.409,111
7.347,108
7.388,112
7.493,120
7.392,113
7.304,110
7.237,99
7.205,92
10.888,115
7.273,115
7.146,108
7.417,100
7.397,108
7.355,110
7.401,109
7.355,110
7.293,107
7.232,98
7.190,94
7.287,99
7.318,107
7.228,103
7.128,82
7.103,75
7.073,81
7.007,78
7.030,76
11.977,94
7.269,114
7.304,123
7.265,126
7.141,113
7.405,110
7.289,106
11.849,89
11.823,93
11.844,98
11.847,105
11.916,110
11.911,102
11.880,107
11.855,107
10.734,114
10.681,113
10.727,112
10.738,115
10.788,115
14.032,103
14.043,106
14.061,104
7.341,64
7.394,68
7.350,72
7.433,104
7.469,107
7.329,110
7.253,103
7.285,118
7.285,105
7.045,86
7.187,84
7.150,87
7.118,90
7.174,91
7.169,95
7.180,92
7.168,90
7.162,89
7.187,84
7.156,77
7.102,74
7.240,94
7.224,91
7.145,86
7.148,81
7.168,80
7.153,82
7.145,86
7.150,87
7.112,84
7.100,87
7.156,88
7.162,89
7.149,96
7.124,91
7.130,92
7.271,108
7.359,111
7.316,113
11.991,110
11.940,103
11.940,103
11.944,104
12.005,107
11.978,100
7.341,100
7.321,101
12.002,94
6.955,77
7.130,92
7.257,104
7.232,104
7.266,100
7.256,117
10.704,106
10.600,105
10.597,104
10.601,93
10.627,89
10.589,91
10.651,93
10.743,103
10.838,115
10.934,114
11.655,107
10.911,101
10.868,103
10.772,98
10.672,98
10.656,100
10.589,96
10.627,89
10.621,88
10.839,91
11.983,101
11.986,91
6.949,87
7.082,98
7.139,106
7.246,108
7.254,110
7.266,113
7.273,115
7.291,113
7.183,111
7.183,111
7.193,107
7.241,113
7.242,120
7.194,114
7.267,120
10.693,103
10.647,98
10.652,99
10.614,96
10.622,98
10.597,98
10.614,96
10.636,101
10.597,98
10.614,102
10.614,102
10.614,96
10.611,101
10.618,103
10.631,100
7.150,109
7.183,111
7.216,113
7.216,113
7.269,114
7.254,110
7.316,113
7.304,110
7.296,108
7.289,106
7.275,109
7.260,105
7.257,104
7.212,99
7.106,88
7.118,90
7.171,101
7.144,95
7.174,96
7.224,102
7.171,101
7.116,100
7.178,103
10.677,99
10.718,97
10.809,95
10.777,112
10.689,96
10.601,93
10.601,93
10.605,94
10.568,97
10.580,94
10.568,103
7.478,116
7.386,118
7.386,118
7.403,116
7.367,113
7.395,114
7.380,110
7.343,107
7.386,118
7.409,124
7.413,125
7.449,134
7.474,128
12.132,121
10.750,105
10.672,98
10.654,106
10.636,101
7.074,102
7.221,101
7.382,117
7.559,124
7.543,120
7.104,110
7.106,117
7.024,96
7.107,104
7.103,97
10.698,111
10.631,100
10.581,100
10.469,97
10.431,94
10.487,108
10.503,112
10.528,112
10.524,111
10.473,104
7.376,87
7.375,91
7.420,95
7.350,96
7.319,95
7.379,103
7.419,107
7.468,120
7.463,125
7.384,111
7.319,95
7.153,97
7.096,101
6.999,87
7.007,83
7.133,83
7.091,85
7.157,98
7.327,116
7.291,100
7.283,83
7.273,81
7.349,81
7.379,82
7.422,101
7.508,104
7.508,104
7.442,100
7.483,98
7.454,97
7.488,99
7.501,109
7.369,90
7.291,85
11.883,101
11.878,100
11.997,118
11.894,104
11.865,97
11.861,96
11.893,117
10.424,111
10.435,114
7.137,99
7.224,102
7.095,86
7.070,86
7.007,83
7.073,81
7.062,84
7.066,85
7.058,83
7.083,83
7.087,84
7.145,86
7.187,84
7.216,85
7.305,92
7.261,93
7.244,95
7.255,92
7.236,93
7.261,93
7.253,97
7.268,90
7.240,94
7.280,92
7.268,90
7.237,89
7.193,90
7.136,93
7.118,90
7.040,94
7.040,94
7.107,98
7.128,97
7.207,98
7.307,98
7.391,94
7.400,91
7.333,83
7.375,102
7.413,112
7.520,114
7.433,104
7.458,104
7.336,93
7.330,92
7.312,99
7.315,94
7.350,96
7.324,96
7.299,96
7.336,93
7.311,93
7.341,100
7.324,96
7.307,98
7.350,96
7.336,93
7.300,87
7.273,81
7.371,86
7.336,93
7.294,95
10.580,94
10.551,93
10.533,90
7.274,91
7.224,96
7.196,108
7.144,114
7.141,113
7.107,98
7.110,105
7.085,105
7.028,103
6.998,91
6.932,83
6.961,84
6.936,84
6.994,86
6.992,90
7.062,99
7.066,100
7.089,106
7.085,105
7.078,103
7.149,102
7.144,95
7.303,97
7.332,98
7.367,100
7.433,104
7.422,108
7.365,106
7.372,108
7.397,108
7.397,108
7.383,104
7.262,99
7.166,100
7.171,101
7.071,101
7.178,103
7.161,93
7.280,92
7.237,84
7.258,78
7.262,84
7.241,85
7.266,100
7.286,93
7.269,95
7.305,92
7.386,105
7.413,112
7.409,111
7.383,104
7.386,105
7.436,105
7.388,99
7.341,85
10.481,126
10.577,125
10.569,123
14.089,105
10.301,105
6.967,90
7.112,112
7.139,106
7.061,93
7.086,93
10.573,124
10.600,118
10.534,95
10.379,79
10.572,104
11.053,106
10.672,104
10.465,96
10.410,95
10.498,104
7.278,103
7.241,85
7.191,64
10.286,86
10.459,107
10.434,80
10.432,100
10.310,95
10.319,97
10.348,104
10.369,97
10.459,107
10.448,98
10.319,97
11.816,110
11.972,105
11.947,105
11.928,100
11.865,97
11.815,103
11.840,103
11.865,103
11.861,96
11.880,90
11.928,100
11.874,99
11.811,102
11.683,101
10.490,102
10.520,110
10.470,110
10.378,99
10.390,102
10.409,107
10.337,108
11.831,114
10.502,93
10.478,99
10.415,96
10.482,100
10.465,102
10.494,103
10.457,100
10.455,106
10.509,107
10.554,106
7.266,113
7.191,113
7.225,109
7.146,108
7.135,105
7.107,104
7.116,100
7.071,101
7.112,99
7.171,101
7.157,98
7.091,100
7.091,100
7.150,109
7.175,109
7.158,111
7.185,118
7.217,120
7.192,120
7.223,115
7.216,113
7.202,116
7.177,116
7.196,121
7.189,119
7.189,119
7.112,112
7.009,105
6.973,102
11.944,104
11.994,104
11.994,104
12.001,106
12.012,109
11.990,103
12.015,103
11.952,94
12.006,95
11.942,92
12.026,94
11.983,101
11.990,97
11.976,106
11.997,105
11.987,109
12.008,108
11.955,107
12.004,120
12.088,116
12.042,117
11.872,105
11.676,106
11.566,110
11.527,106
11.565,103
6.929,92
6.910,93
6.794,86
6.830,77
6.799,73
11.808,121
11.739,116
11.739,116
11.739,116
11.724,112
11.706,114
11.591,110
11.536,102
11.482,95
11.536,91
11.790,97
11.986,102
11.933,108
11.895,111
11.899,112
11.866,110
11.837,109
11.874,112
11.880,107
11.858,108
11.845,111
11.866,110
11.837,109
11.778,113
8.896,125
8.732,122
8.839,117
8.577,108
10.564,96
10.523,98
8.910,116
8.973,126
8.839,117
11.894,104
11.874,112
11.812,109
11.585,115
10.754,106
10.491,109
11.922,118
11.828,100
11.862,109
11.826,106
11.797,105
8.926,107
12.616,104
12.439,97
8.583,116
8.568,112
12.055,95
10.170,110
10.162,108
9.919,82
6.999,87
6.969,86
6.880,77
9.697,111
9.494,98
9.213,82
15.147,108
15.125,102
8.418,79
8.448,80
8.500,86
8.450,86
8.438,83
8.442,84
8.488,83
8.413,78
15.101,109
15.113,99
9.130,70
9.430,90
9.524,99
9.743,110
12.576,113
8.534,103
8.508,97
8.570,106
8.552,101
8.577,101
8.545,106
8.581,109
7.146,108
7.175,109
8.633,116
8.591,105
8.600,95
6.937,79
6.955,88
7.094,95
7.094,95
7.164,106
7.099,102
7.071,101
7.036,93
6.998,96
6.905,88
9.326,94
9.210,73
9.415,97
9.373,99
9.449,99
9.380,95
9.367,88
9.398,89
9.331,86
9.341,92
9.373,99
9.368,98
9.428,100
9.368,98
9.314,97
9.326,94
9.234,91
9.277,100
9.301,94
9.254,95
9.326,94
9.341,92
9.352,100
9.332,108
9.340,110
9.363,116
9.327,113
9.319,111
9.272,99
9.179,95
9.040,88
9.125,85
9.014,77
9.046,84
9.155,86
9.215,92
9.200,94
9.238,97
9.293,104
9.296,105
9.307,108
9.293,104
9.282,108
9.279,107
9.276,94
9.352,85
10.564,96
10.892,116
11.068,123
11.064,122
11.047,124
11.045,117
13.710,110
13.725,127
13.702,121
13.712,117
15.124,115
15.113,112
15.147,108
15.083,104
15.083,104
15.079,103
15.138,112
9.323,84
9.461,91
6.742,68
6.846,71
6.876,74
6.892,68
6.877,75
9.412,109
8.698,100
8.524,90
8.600,95
8.923,126
9.156,121
9.487,122
9.458,121
9.491,123
9.510,115
8.661,110
8.774,113
8.777,114
8.800,120
11.697,105
8.703,121
8.676,114
8.650,107
8.597,100
8.627,101
8.660,103
8.602,101
11.826,106
11.858,108
11.862,109
11.803,100
11.790,103
11.774,99
11.765,97
11.708,101
11.728,100
11.728,100
11.708,101
11.736,102
11.762,109
11.766,110
11.751,106
11.708,108
11.740,103
11.751,106
11.755,107
11.672,105
11.656,95
11.712,87
11.740,97
11.854,120
11.791,123
11.393,123
11.322,124
9.504,120
9.462,109
9.419,104
7.149,91
6.840,65
6.842,68
6.613,22
15.215,106
15.774,102
14.416,112
15.184,111
14.890,112
15.090,106
15.120,114
15.554,110
16.097,115
14.903,109
11.395,104
11.320,98
11.362,102
11.541,110
11.589,116
11.568,117
11.212,115
10.988,115
11.083,114
11.220,117
11.118,123
10.956,113
11.583,108
11.754,120
11.799,112
11.062,115
11.141,116
11.337,91
11.527,94
11.375,89
11.487,102
11.633,101
11.761,96
11.694,104
11.683,108
11.712,109
11.666,110
11.655,107
11.651,106
11.611,102
11.583,101
11.466,97
11.616,110
10.884,114
10.531,100
16.020,101
15.996,108
10.954,106
10.927,112
10.969,123
10.896,117
10.825,105
14.938,105
14.974,108
14.996,107
14.952,102
14.852,91
14.759,88
10.981,100
10.788,115
10.742,116
10.815,109
10.765,109
10.698,111
10.643,103
10.725,105
10.784,114
10.704,106
10.650,105
10.608,107
14.315,93
14.447,107
14.429,109
11.637,122
11.527,126
11.450,112
11.413,109
11.303,106
11.235,101
11.348,105
11.299,105
11.292,97
9.385,91
9.339,82
9.357,101
9.440,103
11.250,93
11.258,86
11.416,103
15.021,95
14.978,109
10.915,122
7.103,75
7.162,89
7.207,98
7.136,93
7.083,83
7.100,87
7.062,84
7.031,88
7.020,86
7.043,90
7.030,92
7.056,88
7.111,93
7.069,95
7.078,97
7.074,96
7.094,95
7.037,89
7.024,91
7.066,100
7.071,101
7.049,96
7.099,96
7.062,99
7.107,98
7.107,98
7.094,95
7.068,90
7.118,90
7.080,92
7.090,94
7.065,94
7.056,88
7.045,86
7.108,83
7.224,96
7.244,95
7.649,102
7.312,99
7.199,96
7.262,99
7.325,109
7.314,106
7.332,104
7.103,75
7.118,80
7.091,85
7.118,90
7.130,92
7.068,90
7.050,87
7.069,95
7.078,97
7.087,99
7.071,101
7.032,98
7.078,97
7.087,99
7.071,101
7.062,99
7.082,104
7.041,100
7.066,100
7.071,101
7.071,101
7.107,98
7.049,102
7.006,98
7.014,106
7.049,102
7.024,102
6.986,99
7.032,104
7.035,105
7.012,99
7.004,92
7.040,94
7.045,86
7.099,91
7.140,94
7.144,95
7.095,86
7.083,83
7.078,82
7.048,81
6.932,78
6.954,76
6.951,74
6.962,79
7.045,86
7.037,89
6.974,87
6.986,84
7.018,90
7.082,104
7.121,101
7.166,100
7.175,87
9.415,97
14.377,115
14.391,112
14.386,104
10.498,104
10.498,104
10.550,105
10.573,111
10.558,107
10.505,106
10.416,109
10.219,82
10.377,93
10.481,94
10.510,95
10.576,93
10.519,97
6.896,71
6.932,78
6.972,81
6.894,86
6.910,93
6.898,96
6.889,94
6.885,93
6.867,90
6.904,92
6.935,93
6.911,89
6.886,84
6.911,84
7.043,107
7.119,114
7.156,117
7.131,117
7.112,112
7.096,101
6.980,88
6.990,85
7.025,87
7.018,90
6.994,86
7.062,89
7.066,85
7.031,88
7.132,98
7.232,104
7.291,113
10.302,93
10.423,98
11.357,95
6.992,107
7.002,103
7.015,94
7.057,98
7.055,92
7.044,95
7.116,100
7.133,111
7.152,116
7.131,117
7.175,109
13.423,100
13.426,95
13.564,98
13.746,85
13.929,91
14.084,92
10.334,80
10.540,109
10.439,81
6.964,53
7.015,54
7.028,75
7.045,86
7.055,92
6.998,91
7.040,94
6.964,94
6.985,93
6.973,91
6.967,90
7.015,94
6.989,94
6.999,87
6.980,88
6.982,83
6.990,85
6.969,86
6.986,89
6.980,88
6.979,92
6.979,92
6.949,87
6.999,87
7.018,90
6.990,85
6.994,86
6.982,83
7.005,88
6.999,87
6.965,85
6.990,85
6.987,79
6.992,80
6.952,75
6.926,74
6.979,76
6.917,80
6.917,80
6.846,71
6.793,69
12.515,76
12.579,86
12.580,101
12.468,104
7.454,97
7.300,109
7.281,117
7.182,104
7.183,111
7.066,113
6.942,90
6.929,92
6.889,94
6.917,90
6.889,94
6.927,97
6.911,99
6.902,97
6.898,96
6.917,90
7.002,97
6.918,95
6.970,101
6.952,97
6.961,99
6.923,96
6.943,95
6.952,97
6.965,100
6.965,100
6.977,103
7.021,101
7.021,101
7.028,103
7.016,100
7.078,103
7.078,97
7.078,103
7.107,98
7.065,94
7.099,96
7.103,97
7.103,97
7.112,99
7.099,96
7.093,90
7.112,99
7.157,98
6.988,106
6.895,101
6.849,109
6.877,103
6.886,84
6.917,90
7.021,101
7.124,102
7.115,94
7.124,96
7.103,97
7.116,100
7.116,100
7.099,96
7.107,98
7.124,102
7.049,96
7.036,93
7.096,101
7.032,104
7.024,102
7.121,101
7.128,103
7.208,111
7.409,124
7.363,112
7.262,112
7.116,100
7.032,98
7.057,98
7.086,93
7.128,97
7.140,94
7.130,92
7.161,93
7.115,94
7.111,93
7.124,91
7.140,94
7.111,93
7.118,90
7.116,85
7.100,87
7.156,88
7.103,82
7.108,78
7.106,77
7.108,83
7.091,85
7.080,92
7.065,94
7.082,98
7.099,96
7.107,104
7.087,99
7.114,106
7.071,101
7.103,103
7.121,108
7.139,106
7.078,103
7.132,104
7.096,101
7.078,103
7.139,106
7.099,102
7.112,99
7.082,98
7.121,101
7.121,101
7.137,99
7.112,99
7.160,105
7.103,97
7.046,101
6.711,99
6.498,87
6.794,86
7.156,77
12.665,88
10.939,91
4.432,71
4.570,84
4.676,95
4.781,87
7.236,93
7.262,89
7.266,100
7.228,97
7.253,97
7.282,104
7.232,104
7.257,104
4.862,111
4.886,104
5.011,111
5.035,111
5.025,115
4.997,114
5.029,116
7.271,108
7.232,104
7.266,100
7.262,89
4.663,88
4.702,86
4.882,103
4.858,97
4.758,74
12.713,110
12.723,106
12.748,106
12.846,112
12.946,112
12.984,109
13.026,107
12.900,100
12.852,107
12.898,106
12.859,109
12.855,108
12.866,104
12.877,107
12.975,113
13.016,104
12.998,106
12.994,105
13.032,102
13.012,97
13.012,97
13.002,90
13.002,90
12.999,94
13.045,99
13.024,100
12.999,94
13.002,107
12.998,106
13.002,107
12.984,109
12.941,104
12.833,102
12.858,102
12.989,92
12.998,106
13.070,112
7.458,98
7.422,108
4.895,100
4.861,98
4.784,103
4.722,100
4.660,97
4.713,104
4.646,106
4.533,72
4.402,64
4.603,86
4.657,87
4.730,96
8.350,121
8.401,121
8.336,104
8.403,115
8.421,100
8.279,87
8.141,40
16.609,99
16.641,95
16.659,89
6.294,71
6.266,69
6.265,32
14.897,95
14.836,78
6.038,54
6.067,69
5.973,72
5.970,70
8.482,116
8.483,103
8.591,118
11.670,111
11.636,102
11.593,88
11.667,92
11.673,93
11.683,108
11.641,110
11.666,110
11.670,111
11.686,102
6.143,86
6.217,95
6.100,74
6.115,67
6.167,69
6.318,101
6.406,111
6.435,112
4.694,84
4.690,83
4.755,96
4.817,112
4.849,114
6.473,109
6.433,118
6.414,113
6.442,114
6.456,111
6.408,105
6.376,103
6.369,101
6.416,107
6.466,107
6.502,110
6.458,105
6.491,107
6.439,100
6.422,102
6.414,100
6.347,96
6.308,93
6.351,97
6.265,90
6.210,89
6.154,88
6.328,77
11.656,95
11.636,96
11.649,89
11.766,110
11.831,114
11.847,118
4.624,61
4.654,71
4.634,74
4.571,79
4.536,74
4.449,48
11.778,100
11.747,105
11.736,102
11.769,98
11.786,102
11.803,113
11.799,112
11.755,107
11.803,113
7.955,110
7.788,99
7.872,101
7.829,97
11.816,123
11.735,115
11.640,97
11.661,96
11.624,99
11.631,69
11.645,83
11.600,79
12.726,67
8.009,83
7.979,82
7.916,94
7.668,80
11.805,80
11.786,91
11.749,89
11.792,92
11.745,83
11.765,75
11.751,52
11.926,47
11.825,45
11.951,47
11.815,82
11.753,85
7.812,93
8.005,110
8.129,116
8.207,123
8.193,126
7.822,101
7.854,97
7.959,111
11.794,104
11.869,98
11.862,109
11.951,119
11.716,110
11.649,112
11.724,89
7.775,91
7.863,99
8.025,115
8.046,127
8.046,133
8.071,127
8.133,130
8.025,128
8.094,120
8.033,117
4.611,97
4.593,105
4.700,107
4.731,109
4.725,114
4.741,105
4.706,102
4.603,86
4.580,71
4.500,64
4.401,53
4.449,46
11.767,92
11.836,91
11.836,91
11.830,90



0.183,39

0.108,44
0.133,44
0.159,47
0.133,43
0.133,43
0.159,47



0.159,49
0.134,51
















0.161,65
0.186,62
0.161,60
0.136,61
0.136,62
0.161,61
0.136,61
0.110,58
0.136,60
0.110,56
0.135,55
0.160,56
0.110,53
0.159,52
0.159,50
0.110,53
0.159,52
0.134,51
0.160,54
0.135,56
0.134,47
0.159,48
0.133,41
0.159,37
0.159,37




0.158,44
0.133,43


0.158,43

0.158,41
0.158,41
0.158,44
0.109,46
0.158,39

0.213,33
0.238,33

0.259,48

0.135,57

0.135,56
0.161,61
0.160,58
0.135,59
0.134,50

0.133,42
0.108,42
0.133,44
0.183,44
0.159,47
0.135,54
0.136,61
0.161,63
0.139,69
0.173,75






























0.161,60
0.160,58



0.135,59
















0.116,70











0.163,68
0.192,71





0.193,81
0.153,78
0.198,82
0.188,80
0.195,87
0.198,82
0.178,78
0.145,73
0.164,69
0.186,66
0.161,63
0.161,60
0.235,55
0.209,46
0.258,44
0.258,40
0.333,41
0.259,37
0.313,33
0.384,52
0.385,53
0.410,57
0.410,58
0.409,51
0.512,34
0.543,26
0.554,21
11.958,108
11.801,106
11.830,107
7.505,110
0.438,32
0.458,40
0.509,49
0.486,60
0.475,76
0.463,68
0.508,42
0.558,42
0.608,42
0.658,44
7.436,105
7.486,105
12.047,93
12.029,107
11.977,94
12.011,102
11.990,103
12.052,85
11.975,79
11.798,93
7.457,117
7.631,117
12.061,109
12.001,106
7.619,114
7.536,105
7.529,97
7.610,105
7.569,107
7.761,118
11.902,94
11.905,107
11.858,108
12.020,111
11.622,105
11.551,106
11.574,112
11.454,113
7.711,118
7.717,113
7.709,111
7.500,102
7.544,107
7.600,109
7.745,114
7.720,114
7.709,111
11.619,104
7.538,112
7.524,115
7.518,120
11.708,108
11.758,108
11.908,108
11.881,114
11.835,115
11.689,116
11.678,113
11.662,109
7.492,113
7.488,112
7.376,109
11.861,102
12.377,113
11.794,104
11.592,92
12.029,107
12.259,115
12.271,118
12.179,107
12.182,108
12.389,103
12.302,113
12.280,114
13.701,86
12.294,111
12.248,112
12.296,105
12.336,109
9.544,130
9.360,96
12.285,91
12.164,75
12.301,55
12.252,65
12.278,34
12.377,61
12.335,72
12.355,95
12.323,112
12.332,108
12.304,107
12.282,101
12.314,103
9.645,104
9.726,112
9.768,123
9.780,126
9.729,126
9.646,111
9.692,103
9.574,93
9.594,88
9.495,83
9.452,59
9.426,48
9.451,50
9.451,52
9.383,71
9.515,97
9.570,104
9.478,100
9.301,94
9.382,108
2.340,36
2.338,38
12.319,111
12.264,103
7.467,113
7.467,100
12.219,111
12.030,114
12.030,114
12.488,82
11.915,97
7.650,122
11.930,107
11.966,110
11.995,111
12.173,112
11.997,105
12.015,82
7.223,81
7.475,96
7.557,98
7.635,118
7.623,115
11.572,105
7.551,109
7.726,109
11.376,79
11.393,92
7.237,84
2.352,74
2.290,67
2.338,45
2.286,44
2.234,46
2.234,48
2.315,64
2.209,58
2.313,46
2.286,40
2.370,31
11.180,66
11.462,72
11.476,79
11.444,88
11.462,91
11.479,100
7.635,118
7.590,119
7.609,124
7.591,126
7.526,109
11.530,107
11.605,107
11.537,109
11.572,118
7.576,109
7.675,109
7.718,120
7.699,115
7.667,120
7.604,110
2.522,62
2.495,55
2.419,60
2.447,69
2.449,70
2.452,72
2.434,76
2.437,78
2.483,75
2.449,70
2.549,67
2.561,75
2.505,72
2.497,67
2.449,70
2.531,72
2.531,72
2.555,71
2.498,68
2.552,69
2.554,70
2.551,68
2.557,72
2.555,71
2.580,70
2.578,69
2.524,68
2.525,69
2.496,64
2.548,60
2.521,56
2.496,63
2.522,62
2.522,66
2.548,64
2.547,55
2.393,60
2.393,63
2.393,64
2.341,65
2.367,65
2.367,66
2.393,66
2.367,65
2.393,66
2.394,67
2.398,70
2.367,63
2.367,66
2.368,67
2.394,67
2.367,65
2.395,68
2.367,64
2.367,66
2.341,62
2.367,60
2.393,60
2.418,59
2.367,60
2.393,65
2.341,62
2.316,67
2.393,66
2.316,67
2.398,70
2.368,67
2.368,67
2.350,73
2.393,66
2.367,64
2.350,73
2.349,72
2.396,69
2.347,71
2.326,74
2.297,72
2.369,68
2.379,75
2.343,68
2.303,76
2.327,75
2.350,73
2.297,72
2.300,74
2.298,73
2.269,71
2.263,65
2.289,66
2.291,68
2.266,69
2.292,69
2.265,68
2.291,68
2.271,72
2.265,68
2.239,68
2.237,64
2.237,62
2.209,59
2.262,59
2.288,55
2.236,56
2.237,60
2.289,62
2.237,61
2.210,63
2.183,58
2.131,53
2.156,47
2.207,45
2.129,45
2.130,37
2.181,39
2.262,36
2.087,26
2.191,28
2.261,37
2.287,47
2.181,43
2.233,40
2.131,36
2.135,31
2.266,31
2.370,24
9.864,91
9.809,95
9.713,91
9.688,96
9.682,90
9.694,92
9.650,89
9.669,92
9.643,92
9.593,92
9.637,96
9.671,98
9.680,100
9.696,98
9.680,100
9.680,100
9.685,101
9.616,103
9.680,100
9.717,97
9.701,99
9.920,110
9.871,117
9.763,102
9.738,102
9.694,92
9.717,103
9.728,106
9.767,97
9.758,95
9.770,88
2.207,40
2.207,44
2.182,52
2.157,59
2.183,59
2.184,60
2.159,67
2.210,65
2.184,65
2.184,62
2.158,66
2.237,66
2.184,65
2.263,62
2.237,63
2.237,61
2.158,60
2.184,64
2.184,66
2.210,62
2.184,65
2.184,66
2.212,67
2.210,66
2.210,66
2.184,66
2.237,66
2.237,61
2.210,60
2.288,56
2.314,56
2.364,45
10.166,87
10.141,73
2.416,38
2.287,49
2.289,61
2.341,64
2.370,69
2.368,67
2.347,71
2.368,67
2.367,64
2.367,62
2.393,60
2.390,45
2.390,39
10.230,106
10.407,100
10.437,101
10.365,102
10.365,102
10.307,100
10.196,92
10.165,91
10.134,80
10.138,71
10.153,84
10.119,97
10.132,100
10.137,101
10.119,97
10.082,100
10.049,104
10.094,103
10.132,100
10.102,93
10.128,84
10.261,86
10.444,82
10.638,81
10.732,67
10.767,74
10.786,70
10.765,73
10.721,77
10.753,79
10.733,80
3.094,35
2.915,34
2.990,46
2.964,52
2.964,52
2.860,55
2.912,58
2.940,64
3.025,81
3.114,93
3.139,99
3.121,95
3.056,97
2.922,96
2.969,95
2.944,86
2.879,78
2.874,75
2.910,79
2.871,73
2.874,75
2.874,75
2.853,78
2.877,77
2.877,77
2.874,75
2.905,78
2.821,74
2.876,76
2.902,76
2.895,81
2.897,73
2.873,74
2.873,74
2.922,72
2.966,63
2.861,60
2.837,68
2.847,74
2.923,73
2.877,77
2.876,76
2.899,74
2.870,72
2.874,75
2.884,79
2.899,74
2.874,75
2.897,73
2.923,73
2.920,71
2.871,73
2.903,77
2.926,75
2.873,74
2.923,73
2.926,75
2.944,86
2.996,86
3.058,92
3.052,96
3.069,100
3.106,103
3.102,102
3.141,106
3.162,105
3.137,105
3.077,102
3.077,102
3.012,105
3.023,108
3.008,104
3.008,98
2.966,85
2.900,75
2.899,74
2.899,74
2.871,73
2.925,74
2.925,74
2.900,75
2.871,73
2.864,69
2.863,68
2.835,63
2.916,68
2.978,82
3.138,93
3.130,103
3.123,108
3.123,108
3.049,101
3.049,101
3.004,97
2.900,82
2.879,78
2.931,83
2.900,82
2.935,84
2.900,82
2.853,83
2.942,80
2.931,83
2.871,73
2.871,73
2.864,69
2.836,67
2.863,68
2.868,71
2.867,70
2.873,74
2.863,68
2.838,69
2.811,68
2.896,72
2.871,73
2.900,82
2.822,75
2.873,74
2.824,76
2.903,77
2.818,72
2.876,76
2.902,76
3.044,100
7.021,108
6.977,97
6.960,93
6.961,89
7.177,116
7.066,100
6.964,94
6.965,100
7.006,98
7.012,99
7.248,115
6.935,93
6.980,88
7.016,100
7.012,89
7.015,94
6.993,95
7.028,103
7.011,93
6.940,100
6.981,98
7.040,94
7.028,103
7.041,100
7.028,103
7.065,94
6.980,77
7.068,90
7.105,92
7.081,88
7.074,91
7.073,81
7.023,81
7.037,84
7.090,94
7.265,94
7.708,98
8.000,102
8.080,103
8.188,105
8.206,103
8.174,108
8.134,104
8.091,106
8.110,111
8.161,111
8.165,112
8.238,105
8.257,110
8.192,106
8.188,105
8.188,105
8.174,101
7.717,113
7.166,113
7.082,104
6.961,99
7.006,98
7.053,97
7.091,85
7.140,94
7.168,107
7.135,105
7.086,93
7.007,78
7.080,92
7.124,102
7.062,99
7.012,99
7.049,102
7.016,100
7.035,105
7.028,103
7.049,102
7.028,103
6.965,100
6.998,96
6.943,95
6.956,98
6.929,92
6.902,97
6.905,88
6.957,83
7.024,96
7.024,102
7.036,93
7.066,100
7.040,94
6.994,86
6.985,93
6.989,94
6.922,81
6.992,90
6.965,100
6.879,92
7.139,106
7.119,114
10.440,102
10.373,104
10.366,109
10.357,100
10.370,110
7.417,113
7.185,118
7.052,116
10.401,105
10.355,106
10.287,108
10.337,101
10.310,95
10.365,96
10.502,93
10.609,95
10.583,90
10.523,98
10.523,104
10.462,101
10.484,107
10.499,111
7.110,118
7.173,128
7.123,115
7.019,114
7.108,111
7.083,111
7.043,107
7.075,109
7.112,112
7.139,119
10.515,102
10.608,107
10.444,97
10.515,102
7.035,105
7.024,91
6.989,94
6.973,102
6.998,102
6.981,98
6.935,93
6.964,94
6.981,98
6.970,101
6.977,103
6.979,92
7.066,100
7.066,100
7.024,102
10.434,107
7.116,113
7.077,116
7.119,114
7.016,113
6.927,97
6.906,98
6.931,98
6.944,86
7.021,101
7.104,110
7.127,116
7.006,104
6.943,95
6.939,94
6.911,89
6.910,93
6.923,96
6.935,93
6.936,89
6.936,89
7.057,104
7.104,110
7.012,112
6.942,107
6.920,101
6.906,98
6.927,103
6.895,101
6.911,99
6.911,99
6.923,102
6.931,98
6.895,101
6.906,98
6.881,98
6.923,96
7.007,111
7.062,112
7.046,108
7.024,102
6.940,100
6.923,102
6.915,100
6.873,102
6.886,99
6.888,106
6.881,104
6.893,95
6.899,87
6.885,93
6.911,99
6.898,96
6.861,99
6.923,96
6.936,99
6.890,100
6.993,95
7.096,108
7.133,111
7.074,102
7.028,97
7.024,96
6.986,89
6.990,85
6.952,82
6.955,88
6.979,92
6.948,91
6.954,92
6.952,97
7.002,97
6.977,103
7.016,100
4.738,104
4.848,107
4.819,106
4.851,108
4.817,99
4.768,89
4.675,80
4.705,81
4.694,84
4.707,87
4.714,83
4.743,84
4.665,78
4.653,70
4.675,90
4.750,95
6.927,97
6.923,96
6.935,93
6.894,86
6.970,101
7.091,113
7.135,118
6.977,103
6.923,91
7.044,95
7.128,103
7.148,115
6.956,98
6.961,89
6.929,76
7.002,97
7.085,105
9.595,104
9.534,101
9.537,102
9.562,102
9.562,96
9.637,102
10.056,94
9.846,88
9.591,103
9.552,106
9.476,106
9.462,87
9.616,97
9.498,93
9.611,115
9.629,100
6.539,63
6.436,39
6.488,56
6.547,72
6.631,78
6.654,77
6.666,80
6.631,83
6.664,85
6.849,73
9.781,113
14.129,122
6.740,66
6.670,71
4.762,77
4.898,95
4.920,100
4.833,97
4.829,91
4.810,92
4.817,99
4.837,98
4.829,96
4.800,86
4.808,82
4.714,78
4.893,106
4.790,105
4.709,97
4.706,96
4.701,95
4.750,95
4.730,91
4.711,92
4.690,83
4.637,76
4.634,74
4.674,67
4.599,61
4.598,55
4.597,51
4.522,45
4.548,46
4.547,45
4.548,50
4.548,50
4.572,52
4.498,50
4.549,55
4.573,54
4.548,48
4.547,39
4.547,42
4.553,31
4.647,22
4.715,21
4.703,25


9.652,39
9.806,63
9.503,62
9.529,35
9.603,57
9.486,72
10.790,73
10.752,84
10.696,88
10.718,97
10.759,95
10.786,101
10.773,111
10.758,107
10.683,107
10.661,108
10.686,108
10.626,93
10.578,79
10.608,68
19.654,85
19.683,101
19.994,104
20.029,107
19.999,99
19.892,92
19.842,76
19.885,81
19.932,86
19.737,73
22.497,54




24.369,58
24.448,69
24.470,62
22.214,88
22.239,77
22.220,84
19.894,98
19.911,102
19.944,98
19.997,105
19.915,103
19.899,99
19.744,104
19.765,103
19.953,100
20.138,97
20.043,104
19.867,92
19.949,99
22.311,97
21.871,84
21.875,85
21.833,72
19.958,71
24.384,76
24.487,78
24.484,76
21.828,95
21.839,92
21.814,92
21.784,87
21.771,84
21.771,84
21.750,85
21.742,83
21.742,83
21.684,73
3.096,15
21.574,59
3.125,26
2.816,27
2.919,29
2.865,30
2.863,32
3.023,25
3.025,26
2.867,25
2.978,20


3.046,14

3.070,23
3.096,15
3.093,22

2.782,22
2.998,28
2.860,36
2.810,34
2.859,46
2.808,54
2.886,58
2.835,63
2.861,66
2.917,69
2.891,69
2.948,72
2.920,71
2.916,68
2.915,67
2.975,73
2.922,72
2.919,70
2.968,68
2.920,71
2.917,69
2.893,70
2.920,71
2.919,70
2.949,73
2.925,74
2.896,72
2.926,75
2.925,74
2.977,74
2.925,74
2.978,75
2.975,73
2.971,70
2.981,77
3.029,74
3.056,75
3.032,76
3.006,76
3.006,76
3.036,78
3.056,82
3.061,83
3.041,79
3.051,81
3.065,84
3.115,84
3.069,85
3.111,83
3.076,81
3.046,80
3.091,79
3.076,81
3.086,83
3.101,81
3.061,78
3.083,76
3.033,77
3.020,68
3.069,66
3.072,69
3.084,77
3.096,80
3.111,83
3.056,82
3.098,86
3.094,85
3.069,85
3.081,82
3.076,81
3.096,80
3.108,76
3.126,72
3.120,68
3.117,46
3.145,33
3.166,47
3.168,63
3.179,74
3.130,75
3.127,73
3.077,72
3.077,72
3.123,70
3.097,69
3.099,70
3.078,73
3.077,72
3.100,71
3.071,68
3.069,66
3.043,57
2.990,47
2.996,30
3.022,30
3.069,35
12.827,68
12.301,57
12.149,42
5.140,46
5.148,71
5.119,80
5.184,83
5.169,90
5.237,93
5.225,91
5.220,95
5.175,91
5.146,86
5.217,85
5.132,77
5.147,70
3.267,60
3.118,57
3.268,34
3.346,25



17.571,20
17.586,33
17.482,38
17.482,43
17.483,46
17.533,54
17.533,55
17.458,49
24.991,44
24.981,82
25.326,72
19.777,54
19.828,66
19.840,75
16.724,82
16.665,68
16.665,80
16.603,88
16.592,86
16.665,90
16.736,94
16.699,97
16.717,101
16.544,71
16.537,59
16.487,57
16.546,72
16.594,71
21.875,63
16.638,62
16.764,11
16.736,54
16.711,57
16.712,62
16.735,51
16.836,57
16.836,59
16.910,51
16.935,49
16.791,30
26.817,34

26.538,38







22.021,38
22.021,45
22.026,68
22.024,64
22.024,61
22.174,63
22.174,65
19.874,99
22.135,74
22.036,75
19.783,101
19.678,100
20.038,97
19.780,90
19.780,68
17.295,87
17.318,81
17.307,89
17.261,100
17.356,93
17.248,75
17.311,85
17.278,83
17.245,73
17.285,57
17.335,58
17.335,59
17.286,64
17.336,65
17.328,78
17.293,81
17.303,83
17.295,87
17.282,89
17.332,89
17.307,89
17.339,95
17.319,91
17.295,87
17.278,83
17.343,81
17.431,93
17.390,86
17.382,89
17.340,86
17.223,82
17.250,76
17.382,99
17.386,100
17.423,103
17.336,100
17.495,109
17.493,115
19.927,94
19.992,88
19.845,83
19.802,94
19.861,91
19.836,72
22.222,37
22.124,62
22.223,94
22.263,92
22.273,94
22.245,99
22.319,93
22.251,80
22.226,80
22.156,81
22.080,71
20.059,96
20.059,96
19.974,89
19.678,85
19.811,96
19.852,94
19.820,83
19.949,99
19.990,97
19.994,104
19.976,106
19.949,99
19.974,99
19.927,94
19.944,98
20.003,100
19.911,91
19.949,89
19.870,83
19.768,77
19.812,73
19.662,72
2.889,17
2.815,28
2.863,32
2.810,34
2.806,38
2.814,29
2.762,25
2.889,16



19.984,27
19.905,32
19.826,50
22.198,56
22.122,52
22.147,49
22.125,67
22.199,66
22.323,59
24.343,51
24.317,44
24.374,30


2.863,32
2.754,45
2.808,56
2.835,64
2.861,64
2.840,70
2.862,67
2.864,69
2.870,72
2.870,72
2.870,72
2.894,71
2.870,72
2.894,71
2.842,71
2.899,74
2.870,72
2.896,72
2.896,72
2.870,72
2.863,68
2.864,69
2.897,73
2.871,73
2.870,72
2.896,72
2.896,72
2.922,72
2.929,77
2.896,72
2.894,71
2.922,72
2.897,73
2.923,73
2.949,73
2.974,72
2.945,70
2.969,69
2.977,74
3.033,77
3.009,78
3.004,75
3.001,73
2.977,74
2.980,76
3.003,74
3.027,73
3.077,72
3.123,70
3.124,71
3.183,77
3.154,74
3.145,80
3.182,76
3.209,78
3.185,78
3.158,77
3.185,78
3.209,78
3.183,77
3.179,74
3.232,77
3.165,79
3.180,75
3.198,70
3.316,85
3.373,91
3.340,94
3.305,92
5.362,89
5.325,91
5.201,87
5.125,96
5.021,86
4.993,85
5.019,90
4.958,92
5.008,92
5.014,99
4.989,93
4.928,96
4.960,98
4.990,99
4.993,94
4.993,94
5.200,91
5.453,97
5.436,93
5.415,94
5.356,88
5.372,71
5.266,53
5.513,79
5.545,86
5.506,77
5.491,85
5.481,88
5.438,79
5.498,81
5.513,79
5.578,103
5.483,83
5.383,83
5.412,89
5.349,96
5.399,96
5.407,98
5.382,98
5.399,91
5.486,93
5.456,88
5.503,97
5.468,90
5.443,80
5.450,73
5.391,65
5.414,49
5.244,32
24.132,75
24.149,86
24.147,80
27.040,63
26.733,78
25.105,82
25.010,83
25.027,87
5.339,40
5.266,57
5.292,63
5.247,70
5.294,68
5.253,74
5.250,72
5.248,71
5.242,64
5.216,58
5.140,47
5.189,38
5.219,17
22.757,73
22.765,78
22.888,88
5.339,41
5.342,64
5.338,84
5.325,91
5.271,86
5.313,89
5.257,88
5.263,89
5.294,90
5.244,90
5.287,93
5.291,94
5.270,95
5.256,92
5.244,90
5.271,86
5.253,74
5.242,64
5.239,41
23.597,66
24.028,72
5.249,27
5.139,43
5.191,58
5.219,68
5.203,74
5.204,75
5.207,77
5.234,78
5.201,73
5.226,73
5.223,71
5.216,59
5.241,59
5.195,31
23.561,76
23.568,84
24.341,89
23.386,76
5.240,51
5.215,52
5.043,23
25.668,60
25.668,62
25.769,67
5.489,37
5.365,57
5.367,67
5.353,75
5.356,77
5.437,84
5.431,88
5.455,92
5.486,93
2.886,94
2.844,96
2.739,96
2.721,88
2.618,78
2.598,52
2.546,49
2.598,51
2.546,50
2.547,56
2.547,55
2.573,53
2.547,55
2.600,55
2.625,52
2.598,51
2.598,48
2.680,67
3.282,88
3.489,100
3.534,99
3.530,98
3.554,98
3.686,94
5.281,92
5.219,90
5.304,75
5.239,45
5.189,45
5.241,55
5.240,51
5.396,29
24.295,65
24.126,71
24.497,80
25.102,73
24.657,82
25.121,69
5.192,60
5.207,77
5.242,85
5.242,66
22.976,69
23.031,73
23.047,85
23.672,85
5.464,46
5.491,65
5.471,70
5.530,76
5.441,63
5.440,53
5.438,45
5.416,35
5.668,16
5.744,30
5.688,47
5.615,53
0.835,57
0.610,57
0.619,72
0.603,83
0.670,87
0.582,89
0.650,92
0.660,94
0.710,94
0.675,92
0.656,93
0.702,98
0.673,97
0.660,94
0.657,89
0.638,90
0.583,79
0.576,77
0.608,79
0.588,80
0.576,77
0.550,76
0.526,77
0.522,74
0.593,81
0.576,77
0.553,78
0.547,74
0.550,76
0.575,76
0.595,87
0.619,91
0.656,93
0.610,94
0.639,95
0.569,96
0.660,94
0.682,99
1.315,100
1.773,100
1.722,85
1.734,75
1.752,70
1.722,63
1.747,65
1.747,63
1.722,63
1.752,70
1.760,75
1.794,84
1.845,89
1.879,86
1.839,88
1.866,83
1.836,82
1.709,75
1.851,90
1.845,99
1.894,105
1.887,97
1.795,79
1.722,62
1.770,44
1.695,47
1.720,51
1.772,57
1.823,57
1.824,63
1.798,63
1.773,66
1.849,62
1.824,62
1.824,61
1.823,59
1.849,60
1.824,62
1.824,60
1.823,58
1.896,84
1.972,99
2.067,103
1.988,97
5.507,98
5.461,93
5.524,96
5.471,101
5.549,102
2.128,99
2.019,104
2.007,101
1.959,91
1.947,89
1.940,76
1.899,57
1.975,56
1.925,62
1.925,61
1.926,67
1.925,66
1.982,71
1.952,67
1.951,66
1.952,67
1.960,73
2.004,68
1.981,70
2.002,65
1.976,66
2.002,63
1.976,64
2.002,62
2.076,84
2.127,93
2.093,97
2.154,99
2.135,95
2.184,100
2.158,100
2.131,94
2.044,88
1.941,77
1.875,66
1.801,69
1.671,64
1.470,68
1.366,64
1.295,70
1.265,67
1.239,66
1.240,67
1.298,72
1.267,69
1.292,68
1.270,71
1.302,75
1.304,76
1.254,77
1.279,76
1.317,80
1.302,75
1.327,75
1.280,77
1.305,77
1.279,76
1.279,76
1.326,74
1.304,76
1.299,73
1.280,77
1.287,79
1.297,81
1.307,83
1.292,90
1.319,86
1.365,94
1.462,105
1.473,108
1.477,109
1.487,105
1.375,87
1.314,59
1.395,69
1.343,68
1.374,72
1.375,73
1.323,72
1.330,77
1.352,74
1.349,72
1.349,72
1.375,73
1.353,75
1.330,77
1.356,77
1.355,76
1.326,74
1.329,76
1.353,75
1.363,79
1.358,78
1.353,75
1.338,79
1.324,73
1.372,71
1.377,74
1.346,70
1.318,69
1.346,70
1.341,65
1.367,67
1.321,71
1.347,71
1.315,65
1.317,68
1.318,69
1.315,66
1.324,73
1.321,71
1.304,76
1.324,73
1.280,77
1.282,78
1.307,83
1.266,80
1.260,84
1.299,87
1.290,85
1.282,83
1.287,79
1.312,79
1.279,76
1.301,74
1.301,74
1.293,69
1.324,73
1.326,74
1.326,74
1.327,75
1.324,73
1.320,70
1.321,71
1.320,70
1.355,76
1.371,70
1.350,73
1.371,70
1.371,70
1.346,70
1.341,65
1.315,64
1.315,65
1.314,59
1.290,60
1.314,58
1.314,57
1.263,54
1.288,52
1.263,56
1.263,54
1.212,53
1.263,57
1.314,57
1.314,58
1.263,56
1.289,56
1.289,55
1.365,56
1.390,55
1.467,53
1.670,58
1.722,60
1.824,65
1.875,64
1.875,66
1.925,66
1.951,66
1.976,66
2.002,64
2.002,65
2.002,64
2.003,67
1.976,66
2.030,68
2.004,68
1.976,65
1.900,65
1.876,67
1.830,71
1.775,68
1.773,65
1.754,71
1.754,71
1.756,72
1.757,73
1.770,79
1.782,73
1.770,79
1.800,80
1.787,76
1.785,75
1.790,78
1.805,81
1.836,75
1.836,75
1.806,72
1.809,74
1.776,69
1.829,70
1.775,68
1.829,70
1.832,72
1.800,68
1.776,69
1.825,67
1.827,69
1.798,66
1.798,64
1.824,62
1.798,63
1.824,63
1.798,66
1.825,67
1.773,62
1.798,62
1.722,60
1.671,64
1.569,66
1.522,69
1.494,67
1.473,70
1.474,71
1.431,76
1.407,77
1.401,73
1.431,76
1.448,71
1.432,77
1.422,70
1.470,68
1.366,65
1.290,61
1.315,64
1.365,59
1.417,63
1.569,63
1.722,63
1.748,67
1.724,68
1.528,73
1.536,78
1.592,79
1.739,78
1.750,69
1.807,73
1.804,71
1.776,69
1.804,71
1.782,73
1.806,72
1.812,76
1.806,72
1.835,74
1.846,79
1.972,99
1.981,101
1.921,99
1.857,102
1.963,103
1.993,104
1.883,96
1.900,100
1.815,104
1.738,104
1.747,100
1.743,99
1.826,107
1.750,114
1.661,117
1.551,115
1.391,100
1.353,103
1.447,108
1.360,105
1.444,107
1.524,108
1.527,96
4.804,91
1.856,81
4.638,77
4.660,97
1.814,88
4.582,91
1.921,89
1.874,94
1.763,88
1.845,89
1.856,81
1.823,56
1.757,87
4.834,110
1.943,111
1.903,114
1.947,112
1.916,104
1.930,101
1.942,104
1.880,101
1.847,106
1.902,107
1.979,114
1.964,110
1.953,107
1.930,101
1.848,94
1.773,85
1.699,68
1.619,56
1.619,59
1.595,60
1.620,65
1.621,67
1.631,74
1.625,70
1.631,74
1.658,75
1.628,72
1.603,72
1.632,75
1.635,76
1.680,73
1.629,73
1.688,78
1.694,79
1.658,75
1.680,73
1.708,74
1.680,73
1.724,68
1.756,72
1.857,96
1.836,97
1.823,94
1.849,85
1.776,69
1.747,65
1.773,64
1.750,69
1.674,69
1.680,73
1.635,76
1.604,73
1.604,73
1.581,74
1.550,71
1.499,71
1.451,73
1.393,68
1.392,67
1.367,67
1.369,69
1.320,70
1.346,70
1.321,71
1.347,71
1.326,74
1.352,74
1.267,69
1.250,74
1.270,71
1.270,71
1.272,72
1.245,71
1.270,71
1.251,75
1.223,73
1.222,72
1.213,66
1.217,69
1.188,63
1.212,59
1.187,59
1.162,53
1.212,54
1.263,53
1.567,50
1.620,60
1.644,51
1.646,60
1.671,61
1.672,67
1.699,80
1.726,86
1.688,78
1.683,75
1.676,70
1.676,70
1.698,67
1.661,77
1.680,73
1.680,73
1.657,74
1.679,72
1.628,72
1.660,76
1.680,73
1.654,72
1.623,69
1.654,72
1.626,71
1.649,69
1.651,70
1.620,66
1.622,68
1.648,68
1.671,66
1.646,62
1.646,64
1.595,63
1.595,63
1.601,71
1.643,79
1.591,84
1.515,84
1.429,75
1.431,76
1.398,71
1.420,69
1.426,73
1.428,74
1.448,71
1.448,71
1.420,69
1.476,72
1.458,77
1.453,74
1.480,75
1.473,70
1.474,71
1.470,68
1.476,72
1.471,69
1.498,70
1.473,70
1.471,69
1.493,66
1.471,69
1.470,68
1.469,67
1.471,69
1.473,70
1.469,67
1.468,66
1.468,66
1.468,64
1.442,66
1.441,58
1.416,58
1.468,61
1.492,56
1.467,58
1.518,58
1.519,61
1.603,72
1.612,78
1.654,91
1.660,92
1.736,92
1.653,81
1.671,63
1.671,61
1.671,66
1.671,64
1.671,65
1.648,68
1.625,70
1.626,71
1.623,69
1.636,77
1.603,72
1.604,73
1.603,72
1.606,74
1.576,71
1.579,73
1.603,72
1.582,75
1.550,71
1.555,74
1.530,74
1.531,75
1.552,72
1.581,74
1.578,72
1.579,73
1.585,77
1.558,76
1.584,76
1.609,76
1.609,76
1.581,74
1.609,76
1.636,77
1.617,79
1.635,76
1.606,74
1.607,75
1.606,74
1.632,75
1.600,70
1.631,74
1.632,75
1.632,75
1.631,74
1.643,79
1.606,74
1.612,78
1.626,71
1.632,75
1.632,75
1.601,71
1.628,72
1.628,72
1.631,74
1.579,73
1.579,73
1.603,72
1.626,71
1.628,72
1.603,72
1.628,72
1.584,76
1.553,73
1.607,75
1.604,73
1.592,79
1.609,76
1.566,79
1.558,76
1.584,76
1.561,78
1.556,82
1.558,76
1.561,78
1.558,76
1.541,79
1.579,73
1.534,77
1.578,72
1.603,72
1.604,73
1.603,72
1.629,73
1.600,70
1.626,71
1.623,69
1.598,69
1.625,70
1.625,70
1.628,72
1.629,73
1.683,75
1.736,76
1.677,71
1.709,75
1.731,73
1.731,73
1.750,69
1.730,72
1.703,71
1.703,71
1.730,72
1.702,70
1.734,75
1.686,77
1.703,71
1.712,77
1.679,72
1.733,74
1.673,68
1.625,70
1.628,72
1.626,71
1.657,74
1.632,75
1.628,72
1.631,74
1.581,74
1.617,79
1.636,77
1.638,78
1.636,77
1.636,77
1.673,80
1.643,79
1.632,75
1.688,78
1.660,76
1.636,77
1.638,78
1.636,77
1.632,75
1.658,75
1.632,75
1.629,73
1.685,76
1.658,75
1.631,74
1.628,72
1.658,75
1.631,74
1.628,72
1.628,72
1.631,74
1.576,71
1.661,77
1.572,69
1.629,73
1.629,73
1.629,73
1.631,74
1.631,74
1.622,68
1.603,72
1.632,75
1.626,71
1.603,72
1.622,68
1.625,70
1.620,65
1.595,65
1.626,71
1.623,69
1.620,65
1.673,68
1.620,66
1.621,67
1.626,71
1.603,72
1.622,68
1.621,67
1.621,67
1.646,66
1.646,64
1.620,66
1.671,63
1.646,64
1.619,57
1.645,59
1.567,52
1.568,53
1.618,50
1.593,48
1.543,53
1.567,50
1.618,50
1.594,54
1.568,54
1.569,61
1.594,57
1.620,64
1.600,70
1.663,83
1.680,87
1.717,93
1.709,97
1.752,101
1.716,105
1.780,115
0.439,114
1.678,115
0.307,112
0.248,103
1.658,82
0.178,78
1.643,79
1.663,83
1.648,80
1.602,81
1.597,80
1.587,78
1.534,77
1.561,78
1.675,86
1.655,87
1.686,88
1.697,85
1.653,81
1.658,82
1.658,82
1.602,81
1.607,82
1.597,80
1.534,77
1.533,76
1.536,78
1.531,75
1.582,82
1.607,82
1.646,85
1.646,85
1.624,86
1.624,86
1.624,86
1.629,87
1.612,83
1.534,77
1.429,75
1.358,78
1.152,76
1.103,77
1.074,75
1.020,73
1.020,73
1.069,81
1.026,77
1.039,80
1.039,80
1.025,76
1.039,80
1.070,72
1.051,76
1.051,76
1.077,77
1.026,77
1.026,77
1.033,79
1.077,77
1.099,74
1.076,76
1.094,81
1.128,77
1.102,76
1.128,77
1.099,74
1.122,73
1.125,75
1.127,76
1.100,75
1.121,72
1.125,75
1.097,73
1.099,74
1.048,74
1.023,75
1.102,76
1.052,77
1.052,77
1.026,77
1.026,77
1.046,73
1.054,78
1.049,75
1.094,81
1.028,78
1.026,77
1.051,76
1.074,75
1.046,73
1.084,79
1.084,79
1.051,76
1.026,77
1.033,79
1.073,74
1.079,78
1.094,81
1.033,79
1.079,78
1.059,79
1.089,80
1.074,75
1.077,77
1.051,76
1.077,77
1.076,76
1.059,79
1.102,76
1.076,76
1.079,78
1.079,78
1.074,75
1.099,74
1.110,79
1.049,75
1.079,78
1.074,75
1.079,78
1.089,80
1.084,79
1.076,76
1.049,75
1.054,78
1.074,75
1.064,80
1.049,75
1.079,78
1.000,76
1.084,79
1.028,78
1.025,76
1.079,83
1.025,76
1.033,79
1.044,81
1.028,78
1.039,80
1.100,82
1.079,78
1.077,77
1.069,81
1.094,81
1.135,79
1.077,77
1.140,80
1.100,75
1.161,79
1.176,82
1.153,77
1.180,78
1.130,78
1.147,73
1.122,73
1.190,68
1.144,71
1.138,64
1.188,61
1.239,62
1.365,56
1.519,61
1.620,63
1.697,66
1.724,68
1.674,69
1.703,71
1.682,74
1.660,76
1.631,74
1.617,79
1.622,80
1.592,79
1.566,79
1.536,83
1.476,72
1.501,72
1.448,71
1.471,69
1.417,63
1.442,66
1.442,64
1.493,60
1.544,63
1.519,66
1.552,72
1.520,67
1.522,69
1.527,72
1.499,71
1.571,68
1.530,74
1.550,71
1.547,69
